rank,order_book_id,total_turnover,eng_symbol,abbrev_symbol,board_type,symbol,listed_date,de_listed_date,status,round_lot,a_share_id,exchange,type,trading_code,unique_id,stock_connect,trading_hours,selection_date,rank_window_start,rank_window_end,in_hkconnect_selection_20260506
1,09888.XHKG,38903162410.0,BIDU-SW,BDJTSW,MainBoard,百度集团-SW,2021-03-23,0000-00-00,Active,50.0,,XHKG,CS,09888,09888_01.XHKG,,"09:31-12:00,13:01-16:00",2026-05-21,20260420,20260521,False
2,02513.XHKG,31328013584.0,KNOWLEDGE ATLAS,ZP,MainBoard,智谱,2026-01-08,0000-00-00,Active,100.0,,XHKG,CS,02513,02513_01.XHKG,,"09:31-12:00,13:01-16:00",2026-05-21,20260420,20260521,False
3,09618.XHKG,28633174623.0,JD-SW,JDJTSW,MainBoard,京东集团-SW,2020-06-18,0000-00-00,Active,50.0,,XHKG,CS,09618,09618_01.XHKG,,"09:31-12:00,13:01-16:00",2026-05-21,20260420,20260521,False
4,00100.XHKG,25881816219.0,MINIMAX-W,MINIMAXW,MainBoard,MINIMAX-W,2026-01-09,0000-00-00,Active,20.0,,XHKG,CS,00100,00100_02.XHKG,,"09:31-12:00,13:01-16:00",2026-05-21,20260420,20260521,False
5,09999.XHKG,24733114566.0,NTES-S,WYS,MainBoard,网易-S,2020-06-11,0000-00-00,Active,100.0,,XHKG,CS,09999,09999_01.XHKG,,"09:31-12:00,13:01-16:00",2026-05-21,20260420,20260521,False
6,09961.XHKG,19582915524.0,TRIP.COM-S,XCJTS,MainBoard,携程集团-S,2021-04-19,0000-00-00,Active,50.0,,XHKG,CS,09961,09961_01.XHKG,,"09:31-12:00,13:01-16:00",2026-05-21,20260420,20260521,False
7,01879.XHKG,17118167355.0,XIZHI TECH-P,XZKJP,MainBoard,曦智科技-P,2026-04-28,0000-00-00,Active,15.0,,XHKG,CS,01879,01879_01.XHKG,,"09:31-12:00,13:01-16:00",2026-05-21,20260420,20260521,False
8,00068.XHKG,15607521729.0,MANYCORE TECH,MANYCORETECH,MainBoard,MANYCORETECH,2026-04-17,0000-00-00,Active,500.0,,XHKG,CS,00068,00068_02.XHKG,,"09:31-12:00,13:01-16:00",2026-05-21,20260420,20260521,False
9,09903.XHKG,13186785221.0,ILUVATAR COREX,TSZX,MainBoard,天数智芯,2026-01-08,0000-00-00,Active,100.0,,XHKG,CS,09903,09903_01.XHKG,,"09:31-12:00,13:01-16:00",2026-05-21,20260420,20260521,False
10,06082.XHKG,9742220720.0,BIREN TECH,BRKJ,MainBoard,壁仞科技,2026-01-02,0000-00-00,Active,200.0,,XHKG,CS,06082,06082_01.XHKG,,"09:31-12:00,13:01-16:00",2026-05-21,20260420,20260521,False
11,03277.XHKG,7127012638.0,GPIXEL,CGCX,MainBoard,长光辰芯,2026-04-17,0000-00-00,Active,100.0,,XHKG,CS,03277,03277_01.XHKG,,"09:31-12:00,13:01-16:00",2026-05-21,20260420,20260521,False
12,09866.XHKG,6174060798.0,NIO-SW,WLSW,MainBoard,蔚来-SW,2022-03-10,0000-00-00,Active,10.0,,XHKG,CS,09866,09866_01.XHKG,,"09:31-12:00,13:01-16:00",2026-05-21,20260420,20260521,False
13,06656.XHKG,5556574648.0,SIGENERGY,SGXN,MainBoard,思格新能,2026-04-16,0000-00-00,Active,100.0,,XHKG,CS,06656,06656_01.XHKG,,"09:31-12:00,13:01-16:00",2026-05-21,20260420,20260521,False
14,09698.XHKG,5319693327.0,GDS-SW,WGSJSW,MainBoard,万国数据-SW,2020-11-02,0000-00-00,Active,100.0,,XHKG,CS,09698,09698_01.XHKG,,"09:31-12:00,13:01-16:00",2026-05-21,20260420,20260521,False
15,01133.XHKG,5010136774.0,HARBIN ELECTRIC,HEBDQ,MainBoard,哈尔滨电气,1994-12-16,0000-00-00,Active,2000.0,,XHKG,CS,01133,01133_01.XHKG,,"09:31-12:00,13:01-16:00",2026-05-21,20260420,20260521,False
16,09901.XHKG,4611206861.0,NEW ORIENTAL-S,XDFS,MainBoard,新东方-S,2020-11-09,0000-00-00,Active,100.0,,XHKG,CS,09901,09901_01.XHKG,,"09:31-12:00,13:01-16:00",2026-05-21,20260420,20260521,False
17,07666.XHKG,3875043903.0,METIS TECHBIO-P,JTKJP,MainBoard,剂泰科技-P,2026-05-13,0000-00-00,Active,500.0,,XHKG,CS,07666,07666_01.XHKG,,"09:31-12:00,13:01-16:00",2026-05-21,20260420,20260521,False
18,01396.XHKG,3040046266.0,GBA AI COMP,YGWZS,MainBoard,粤港湾智算,2013-10-31,0000-00-00,Active,2000.0,,XHKG,CS,01396,01396_01.XHKG,,"09:31-12:00,13:01-16:00",2026-05-21,20260420,20260521,False
19,00326.XHKG,2788238442.0,CHINA STAR ENT,ZGXJT,MainBoard,中国星集团,1992-11-12,0000-00-00,Active,2000.0,,XHKG,CS,00326,00326_01.XHKG,,"09:31-12:00,13:01-16:00",2026-05-21,20260420,20260521,False
20,01913.XHKG,2712975922.0,PRADA,PLD,MainBoard,普拉达,2011-06-24,0000-00-00,Active,100.0,,XHKG,CS,01913,01913_01.XHKG,,"09:31-12:00,13:01-16:00",2026-05-21,20260420,20260521,False
21,00800.XHKG,2355612857.0,WERIDE-W,WYZXW,MainBoard,文远知行-W,2025-11-06,0000-00-00,Active,100.0,,XHKG,CS,00800,00800_02.XHKG,,"09:31-12:00,13:01-16:00",2026-05-21,20260420,20260521,False
22,01179.XHKG,2297644835.0,HWORLD-S,HZJTS,MainBoard,华住集团-S,2020-09-22,0000-00-00,Active,100.0,,XHKG,CS,01179,01179_02.XHKG,,"09:31-12:00,13:01-16:00",2026-05-21,20260420,20260521,False
23,06823.XHKG,2209595876.0,HKT-SS,XGDXSS,MainBoard,香港电讯-SS,2011-11-29,0000-00-00,Active,1000.0,,XHKG,CS,06823,06823_01.XHKG,,"09:31-12:00,13:01-16:00",2026-05-21,20260420,20260521,False
24,07688.XHKG,2205756612.0,TOPNC,TPSK,MainBoard,拓璞数控,2026-05-20,0000-00-00,Active,100.0,,XHKG,CS,07688,07688_01.XHKG,,"09:31-12:00,13:01-16:00",2026-05-21,20260420,20260521,False
25,02706.XHKG,2109076390.0,HAIZHI TECH GP,HZKJJT,MainBoard,海致科技集团,2026-02-13,0000-00-00,Active,200.0,,XHKG,CS,02706,02706_01.XHKG,,"09:31-12:00,13:01-16:00",2026-05-21,20260420,20260521,False
26,01651.XHKG,1851746210.0,TSUGAMI CHINA,JSJCZG,MainBoard,津上机床中国,2017-09-25,0000-00-00,Active,1000.0,,XHKG,CS,01651,01651_01.XHKG,,"09:31-12:00,13:01-16:00",2026-05-21,20260420,20260521,False
27,02722.XHKG,1778707865.0,CHONGQING M&E,CQJD,MainBoard,重庆机电,2008-06-13,0000-00-00,Active,2000.0,,XHKG,CS,02722,02722_01.XHKG,,"09:31-12:00,13:01-16:00",2026-05-21,20260420,20260521,False
28,01698.XHKG,1650388171.0,TME-SW,TXYYSW,MainBoard,腾讯音乐-SW,2022-09-21,0000-00-00,Active,100.0,,XHKG,CS,01698,01698_02.XHKG,,"09:31-12:00,13:01-16:00",2026-05-21,20260420,20260521,False
29,01866.XHKG,1523280796.0,CHINA XLX FERT,ZGXLXHF,MainBoard,中国心连心化肥,2009-12-08,0000-00-00,Active,1000.0,,XHKG,CS,01866,01866_01.XHKG,,"09:31-12:00,13:01-16:00",2026-05-21,20260420,20260521,False
30,06810.XHKG,1509654063.0,SUNMI TECH-W,SMKJW,MainBoard,商米科技-W,2026-04-29,0000-00-00,Active,100.0,,XHKG,CS,06810,06810_01.XHKG,,"09:31-12:00,13:01-16:00",2026-05-21,20260420,20260521,False
31,02245.XHKG,1498818676.0,LYGEND RESOURCE,LQZY,MainBoard,力勤资源,2022-12-01,0000-00-00,Active,200.0,,XHKG,CS,02245,02245_01.XHKG,,"09:31-12:00,13:01-16:00",2026-05-21,20260420,20260521,False
32,01768.XHKG,1471759406.0,BUSYMING,MMHM,MainBoard,鸣鸣很忙,2026-01-28,0000-00-00,Active,100.0,,XHKG,CS,01768,01768_02.XHKG,,"09:31-12:00,13:01-16:00",2026-05-21,20260420,20260521,False
33,06636.XHKG,1450966521.0,EXTREME VISION,JSJ,MainBoard,极视角,2026-03-30,0000-00-00,Active,50.0,,XHKG,CS,06636,06636_01.XHKG,,"09:31-12:00,13:01-16:00",2026-05-21,20260420,20260521,False
34,01609.XHKG,1273662294.0,STAR SPORTS MED,TXYL,MainBoard,天星医疗,2026-05-05,0000-00-00,Active,50.0,,XHKG,CS,01609,01609_02.XHKG,,"09:31-12:00,13:01-16:00",2026-05-21,20260420,20260521,False
35,02526.XHKG,1257504727.0,DIAGENS-B,DSB,MainBoard,德适-B,2026-03-30,0000-00-00,Active,50.0,,XHKG,CS,02526,02526_01.XHKG,,"09:31-12:00,13:01-16:00",2026-05-21,20260420,20260521,False
36,02225.XHKG,1226884809.0,JINHAI MED TECH,JHYLKJ,MainBoard,今海医疗科技,2017-10-17,0000-00-00,Active,5000.0,,XHKG,CS,02225,02225_01.XHKG,,"09:31-12:00,13:01-16:00",2026-05-21,20260420,20260521,False
37,02696.XHKG,1203154314.0,HENLIUS,FHHL,MainBoard,复宏汉霖,2019-09-25,0000-00-00,Active,100.0,,XHKG,CS,02696,02696_01.XHKG,,"09:31-12:00,13:01-16:00",2026-05-21,20260420,20260521,False
38,02718.XHKG,1116219566.0,MININGLAMP-W,MLKJW,MainBoard,明略科技-W,2025-11-03,0000-00-00,Active,40.0,,XHKG,CS,02718,02718_02.XHKG,,"09:31-12:00,13:01-16:00",2026-05-21,20260420,20260521,False
39,06871.XHKG,1043812356.0,ROBOTPHOENIX,YFKJ,MainBoard,翼菲科技,2026-05-18,0000-00-00,Active,100.0,,XHKG,CS,06871,06871_01.XHKG,,"09:31-12:00,13:01-16:00",2026-05-21,20260420,20260521,False
40,00679.XHKG,1006445595.0,ASIA TELE-NET,YZLWKJ,MainBoard,亚洲联网科技,1991-01-31,0000-00-00,Active,10000.0,,XHKG,CS,00679,00679_01.XHKG,,"09:31-12:00,13:01-16:00",2026-05-21,20260420,20260521,False
41,01716.XHKG,967862656.0,MOST KWAI CHUNG,MJKY,MainBoard,毛记葵涌,2018-03-28,0000-00-00,Active,2000.0,,XHKG,CS,01716,01716_01.XHKG,,"09:31-12:00,13:01-16:00",2026-05-21,20260420,20260521,False
42,02026.XHKG,945322302.0,PONY-W,XMZXW,MainBoard,小马智行-W,2025-11-06,0000-00-00,Active,100.0,,XHKG,CS,02026,02026_01.XHKG,,"09:31-12:00,13:01-16:00",2026-05-21,20260420,20260521,False
43,00595.XHKG,903042004.0,AV CONCEPT HOLD,AVCONCEPTHOLD,MainBoard,AVCONCEPTHOLD,1996-04-24,0000-00-00,Active,2000.0,,XHKG,CS,00595,00595_01.XHKG,,"09:31-12:00,13:01-16:00",2026-05-21,20260420,20260521,False
44,02339.XHKG,902230257.0,BWI INT'L,JXGJ,MainBoard,京西国际,2003-10-10,0000-00-00,Active,2000.0,,XHKG,CS,02339,02339_01.XHKG,,"09:31-12:00,13:01-16:00",2026-05-21,20260420,20260521,False
45,00866.XHKG,892977599.0,CHINA QINFA,ZGQF,MainBoard,中国秦发,2009-07-03,0000-00-00,Active,2000.0,,XHKG,CS,00866,00866_02.XHKG,,"09:31-12:00,13:01-16:00",2026-05-21,20260420,20260521,False
46,01021.XHKG,890822177.0,HUAYAN ROBOTICS,HYJQR,MainBoard,华沿机器人,2026-03-30,0000-00-00,Active,200.0,,XHKG,CS,01021,01021_02.XHKG,,"09:31-12:00,13:01-16:00",2026-05-21,20260420,20260521,False
47,02198.XHKG,810928322.0,CHINA SANJIANG,ZGSJHG,MainBoard,中国三江化工,2010-09-16,0000-00-00,Active,1000.0,,XHKG,CS,02198,02198_01.XHKG,,"09:31-12:00,13:01-16:00",2026-05-21,20260420,20260521,False
48,07630.XHKG,791286124.0,IMPACT THERAP-B,YPYYB,MainBoard,英派药业-B,2026-05-13,0000-00-00,Active,200.0,,XHKG,CS,07630,07630_01.XHKG,,"09:31-12:00,13:01-16:00",2026-05-21,20260420,20260521,False
49,01672.XHKG,773837579.0,ASCLETIS-B,GLZYB,MainBoard,歌礼制药-B,2018-08-01,0000-00-00,Active,1000.0,,XHKG,CS,01672,01672_01.XHKG,,"09:31-12:00,13:01-16:00",2026-05-21,20260420,20260521,False
50,07489.XHKG,734616056.0,VOYAH AUTO,LTQC,MainBoard,岚图汽车,2026-03-19,0000-00-00,Active,1000.0,,XHKG,CS,07489,07489_01.XHKG,,"09:31-12:00,13:01-16:00",2026-05-21,20260420,20260521,False
51,00918.XHKG,681048215.0,MAJESTIC DRAGON,LYHKKJ,MainBoard,龙翼航空科技,1997-10-15,0000-00-00,Active,6000.0,,XHKG,CS,00918,00918_01.XHKG,,"09:31-12:00,13:01-16:00",2026-05-21,20260420,20260521,False
52,01953.XHKG,672979474.0,RIMBACO,RIMBACO,MainBoard,RIMBACO,2020-04-28,0000-00-00,Active,5000.0,,XHKG,CS,01953,01953_01.XHKG,,"09:31-12:00,13:01-16:00",2026-05-21,20260420,20260521,False
53,02442.XHKG,664182060.0,EASY SMART GP,YJJTKG,MainBoard,怡俊集团控股,2023-05-09,0000-00-00,Active,2000.0,,XHKG,CS,02442,02442_01.XHKG,,"09:31-12:00,13:01-16:00",2026-05-21,20260420,20260521,False
54,00622.XHKG,651146102.0,OSHIDORI,WHDKG,MainBoard,威华达控股,1991-09-16,0000-00-00,Active,3000.0,,XHKG,CS,00622,00622_01.XHKG,,"09:31-12:00,13:01-16:00",2026-05-21,20260420,20260521,False
55,00600.XHKG,625247590.0,AXERA,AXYZ,MainBoard,爱芯元智,2026-02-10,0000-00-00,Active,100.0,,XHKG,CS,00600,00600_02.XHKG,,"09:31-12:00,13:01-16:00",2026-05-21,20260420,20260521,False
56,03625.XHKG,617244207.0,FOURSEMI,FLY,MainBoard,傅里叶,2026-03-31,0000-00-00,Active,100.0,,XHKG,CS,03625,03625_01.XHKG,,"09:31-12:00,13:01-16:00",2026-05-21,20260420,20260521,False
57,02726.XHKG,615002868.0,EPIWORLD,HTTC,MainBoard,瀚天天成,2026-03-30,0000-00-00,Active,50.0,,XHKG,CS,02726,02726_01.XHKG,,"09:31-12:00,13:01-16:00",2026-05-21,20260420,20260521,False
58,00596.XHKG,603214091.0,INSPUR DIGI ENT,LCSZQY,MainBoard,浪潮数字企业,2008-08-29,0000-00-00,Active,2000.0,,XHKG,CS,00596,00596_01.XHKG,,"09:31-12:00,13:01-16:00",2026-05-21,20260420,20260521,False
59,02256.XHKG,573410166.0,ABBISKO-B,HYB,MainBoard,和誉-B,2021-10-13,0000-00-00,Active,1000.0,,XHKG,CS,02256,02256_01.XHKG,,"09:31-12:00,13:01-16:00",2026-05-21,20260420,20260521,False
60,00471.XHKG,571041328.0,SILKWAVE INC,ZBSJ,MainBoard,中播数据,2005-10-10,0000-00-00,Active,4000.0,,XHKG,CS,00471,00471_01.XHKG,,"09:31-12:00,13:01-16:00",2026-05-21,20260420,20260521,False
61,00340.XHKG,567370396.0,TONGGUAN GOLD,TGHJ,MainBoard,潼关黄金,1997-03-26,0000-00-00,Active,2000.0,,XHKG,CS,00340,00340_01.XHKG,,"09:31-12:00,13:01-16:00",2026-05-21,20260420,20260521,False
62,01045.XHKG,566821475.0,APT SATELLITE,YTWX,MainBoard,亚太卫星,1996-12-18,0000-00-00,Active,2000.0,,XHKG,CS,01045,01045_01.XHKG,,"09:31-12:00,13:01-16:00",2026-05-21,20260420,20260521,False
63,03355.XHKG,561349217.0,FS.COM,FSCX,MainBoard,飞速创新,2026-03-23,0000-00-00,Active,100.0,,XHKG,CS,03355,03355_02.XHKG,,"09:31-12:00,13:01-16:00",2026-05-21,20260420,20260521,False
64,01440.XHKG,554414877.0,STAR SHINE HLDG,YXKG,MainBoard,应星控股,2021-01-13,0000-00-00,Active,2500.0,,XHKG,CS,01440,01440_01.XHKG,,"09:31-12:00,13:01-16:00",2026-05-21,20260420,20260521,False
65,08299.XHKG,553551224.0,GT GOLD,DTHJ,GEM,大唐黄金,2004-09-23,0000-00-00,Active,24000.0,,XHKG,CS,08299,08299_01.XHKG,,"09:31-12:00,13:01-16:00",2026-05-21,20260420,20260521,False
66,09936.XHKG,548182716.0,XIMEI RESOURCES,XMZYWB,MainBoard,稀美资源-五百,2020-03-12,0000-00-00,Active,500.0,,XHKG,CS,09936,09936_01.XHKG,,"09:31-12:00,13:01-16:00",2026-05-21,20260420,20260521,False
67,00863.XHKG,547446322.0,OSL GROUP,OSLJT,MainBoard,OSL集团,2015-09-08,0000-00-00,Active,500.0,,XHKG,CS,00863,00863_01.XHKG,,"09:31-12:00,13:01-16:00",2026-05-21,20260420,20260521,False
68,03336.XHKG,525453144.0,JU TENG INTL,JTGJ,MainBoard,巨腾国际,2005-11-03,0000-00-00,Active,2000.0,,XHKG,CS,03336,03336_01.XHKG,,"09:31-12:00,13:01-16:00",2026-05-21,20260420,20260521,False
69,00182.XHKG,524431162.0,CONCORD NE,XHXNY,MainBoard,协合新能源,1991-11-27,0000-00-00,Active,10000.0,,XHKG,CS,00182,00182_01.XHKG,,"09:31-12:00,13:01-16:00",2026-05-21,20260420,20260521,False
70,01511.XHKG,511500872.0,UISEE TECH,YSKJ,MainBoard,驭势科技,2026-05-20,0000-00-00,Active,50.0,,XHKG,CS,01511,01511_01.XHKG,,"09:31-12:00,13:01-16:00",2026-05-21,20260420,20260521,False
71,00580.XHKG,510263699.0,SUN.KING TECH,SJKJ,MainBoard,赛晶科技,2010-10-13,0000-00-00,Active,2000.0,,XHKG,CS,00580,00580_01.XHKG,,"09:31-12:00,13:01-16:00",2026-05-21,20260420,20260521,False
72,00648.XHKG,492174403.0,SOFTMEDX,JJKL,MainBoard,京玖康疗,1990-10-29,0000-00-00,Active,1000.0,,XHKG,CS,00648,00648_01.XHKG,,"09:31-12:00,13:01-16:00",2026-05-21,20260420,20260521,False
73,02729.XHKG,473880263.0,GALAXIS TECH,KLSKJ,MainBoard,凯乐士科技,2026-03-24,0000-00-00,Active,200.0,,XHKG,CS,02729,02729_01.XHKG,,"09:31-12:00,13:01-16:00",2026-05-21,20260420,20260521,False
74,01617.XHKG,457738186.0,NANFANG COMM,NFTX,MainBoard,南方通信,2016-12-12,0000-00-00,Active,4000.0,,XHKG,CS,01617,01617_01.XHKG,,"09:31-12:00,13:01-16:00",2026-05-21,20260420,20260521,False
75,06831.XHKG,446183016.0,GREEN TEA GROUP,LCJT,MainBoard,绿茶集团,2025-05-16,0000-00-00,Active,400.0,,XHKG,CS,06831,06831_01.XHKG,,"09:31-12:00,13:01-16:00",2026-05-21,20260420,20260521,False
76,02623.XHKG,437949206.0,ADD NEW ENERGY,ADXNY,MainBoard,爱德新能源,2012-04-27,0000-00-00,Active,2000.0,,XHKG,CS,02623,02623_01.XHKG,,"09:31-12:00,13:01-16:00",2026-05-21,20260420,20260521,False
77,02427.XHKG,423928926.0,GUANZE MEDICAL,GUANZEMEDICAL,MainBoard,GUANZEMEDICAL,2022-12-29,0000-00-00,Active,5000.0,,XHKG,CS,02427,02427_01.XHKG,,"09:31-12:00,13:01-16:00",2026-05-21,20260420,20260521,False
78,03833.XHKG,422508460.0,XINXIN MINING,XJXXKY,MainBoard,新疆新鑫矿业,2007-10-12,0000-00-00,Active,1000.0,,XHKG,CS,03833,03833_01.XHKG,,"09:31-12:00,13:01-16:00",2026-05-21,20260420,20260521,False
79,00565.XHKG,417735678.0,ART GROUP HOLD,JYJTKG,MainBoard,锦艺集团控股,2003-09-10,0000-00-00,Active,5000.0,,XHKG,CS,00565,00565_01.XHKG,,"09:31-12:00,13:01-16:00",2026-05-21,20260420,20260521,False
80,00117.XHKG,399558640.0,TIANLI HOLDINGS,TLKGJT,MainBoard,天利控股集团,2007-12-21,0000-00-00,Active,2000.0,,XHKG,CS,00117,00117_01.XHKG,,"09:31-12:00,13:01-16:00",2026-05-21,20260420,20260521,False
81,03983.XHKG,398119345.0,CHINA BLUECHEM,ZHSYHX,MainBoard,中海石油化学,2006-09-29,0000-00-00,Active,2000.0,,XHKG,CS,03983,03983_01.XHKG,,"09:31-12:00,13:01-16:00",2026-05-21,20260420,20260521,False
82,02632.XHKG,395922858.0,NEW VISION CO,ZJGF,MainBoard,泽景股份,2026-03-24,0000-00-00,Active,50.0,,XHKG,CS,02632,02632_01.XHKG,,"09:31-12:00,13:01-16:00",2026-05-21,20260420,20260521,False
83,02658.XHKG,387325492.0,TIANYU SEMI,TYBDT,MainBoard,天域半导体,2025-12-05,0000-00-00,Active,50.0,,XHKG,CS,02658,02658_01.XHKG,,"09:31-12:00,13:01-16:00",2026-05-21,20260420,20260521,False
84,06051.XHKG,385645767.0,YOUZAN,YZ,MainBoard,有赞,2026-04-17,0000-00-00,Active,4000.0,,XHKG,CS,06051,06051_01.XHKG,,"09:31-12:00,13:01-16:00",2026-05-21,20260420,20260521,False
85,02638.XHKG,376558344.0,HKELECTRIC-SS,GDSS,MainBoard,港灯-SS,2014-01-29,0000-00-00,Active,500.0,,XHKG,CS,02638,02638_01.XHKG,,"09:31-12:00,13:01-16:00",2026-05-21,20260420,20260521,False
86,01300.XHKG,374757340.0,TRIGIANT,JZJT,MainBoard,俊知集团,2012-03-19,0000-00-00,Active,2000.0,,XHKG,CS,01300,01300_01.XHKG,,"09:31-12:00,13:01-16:00",2026-05-21,20260420,20260521,False
87,01762.XHKG,366992586.0,WANKA ONLINE,WKYL,MainBoard,万咖壹联,2018-12-21,0000-00-00,Active,1000.0,,XHKG,CS,01762,01762_01.XHKG,,"09:31-12:00,13:01-16:00",2026-05-21,20260420,20260521,False
88,00628.XHKG,366494535.0,TONGTONG AI SOC,TTAISJ,MainBoard,通通AI社交,2002-07-24,0000-00-00,Active,2000.0,,XHKG,CS,00628,00628_01.XHKG,,"09:31-12:00,13:01-16:00",2026-05-21,20260420,20260521,False
89,09929.XHKG,364550270.0,SEM HLDGS,ADKG,MainBoard,澳达控股,2020-02-14,0000-00-00,Active,10000.0,,XHKG,CS,09929,09929_01.XHKG,,"09:31-12:00,13:01-16:00",2026-05-21,20260420,20260521,False
90,00133.XHKG,351010182.0,CHINA MERCHANTS,ZSJZGJJ,MainBoard,招商局中国基金,1993-07-22,0000-00-00,Active,2000.0,,XHKG,CS,00133,00133_01.XHKG,,"09:31-12:00,13:01-16:00",2026-05-21,20260420,20260521,False
91,02418.XHKG,347075727.0,DEEWIN,DYTX,MainBoard,德银天下,2022-07-15,0000-00-00,Active,1500.0,,XHKG,CS,02418,02418_01.XHKG,,"09:31-12:00,13:01-16:00",2026-05-21,20260420,20260521,False
92,03700.XHKG,332234206.0,INKEVERSE,YYZ,MainBoard,映宇宙,2018-07-12,0000-00-00,Active,1000.0,,XHKG,CS,03700,03700_01.XHKG,,"09:31-12:00,13:01-16:00",2026-05-21,20260420,20260521,False
93,00365.XHKG,326800532.0,SINO ICT,XCKJ,MainBoard,芯成科技,2000-10-16,0000-00-00,Active,2000.0,,XHKG,CS,00365,00365_01.XHKG,,"09:31-12:00,13:01-16:00",2026-05-21,20260420,20260521,False
94,01645.XHKG,312201332.0,HAINA INTEL,HNZN,MainBoard,海纳智能,2020-06-03,0000-00-00,Active,4000.0,,XHKG,CS,01645,01645_01.XHKG,,"09:31-12:00,13:01-16:00",2026-05-21,20260420,20260521,False
95,01050.XHKG,309860714.0,KARRIE INT'L,JLGJ,MainBoard,嘉利国际,1996-12-16,0000-00-00,Active,2000.0,,XHKG,CS,01050,01050_01.XHKG,,"09:31-12:00,13:01-16:00",2026-05-21,20260420,20260521,False
96,06887.XHKG,307241596.0,SUNSHINE PHARMA,DYGY,MainBoard,东阳光药,2025-08-07,0000-00-00,Active,100.0,,XHKG,CS,06887,06887_01.XHKG,,"09:31-12:00,13:01-16:00",2026-05-21,20260420,20260521,False
97,06608.XHKG,305104949.0,BAIRONG-W,BRYW,MainBoard,百融云-W,2021-03-31,0000-00-00,Active,500.0,,XHKG,CS,06608,06608_01.XHKG,,"09:31-12:00,13:01-16:00",2026-05-21,20260420,20260521,False
98,02670.XHKG,302448055.0,YUNJI,YJ,MainBoard,云迹,2025-10-16,0000-00-00,Active,50.0,,XHKG,CS,02670,02670_01.XHKG,,"09:31-12:00,13:01-16:00",2026-05-21,20260420,20260521,False
99,06938.XHKG,300360098.0,RIBOLIFE-B,RBSWB,MainBoard,瑞博生物-B,2026-01-09,0000-00-00,Active,200.0,,XHKG,CS,06938,06938_01.XHKG,,"09:31-12:00,13:01-16:00",2026-05-21,20260420,20260521,False
100,00376.XHKG,293632313.0,YUNFENG FIN,YFJR,MainBoard,云锋金融,1987-07-17,0000-00-00,Active,2000.0,,XHKG,CS,00376,00376_01.XHKG,,"09:31-12:00,13:01-16:00",2026-05-21,20260420,20260521,False
101,03337.XHKG,288508236.0,ANTON OILFIELD,ADYTFW,MainBoard,安东油田服务,2007-12-14,0000-00-00,Active,2000.0,,XHKG,CS,03337,03337_01.XHKG,,"09:31-12:00,13:01-16:00",2026-05-21,20260420,20260521,False
102,01780.XHKG,287861397.0,RONGZUN INT’L H,RZGJKG,MainBoard,荣尊国际控股,2019-04-30,0000-00-00,Active,2500.0,,XHKG,CS,01780,01780_01.XHKG,,"09:31-12:00,13:01-16:00",2026-05-21,20260420,20260521,False
103,80700.XHKG,286155240.0,TENCENT-R,TXKGR,MainBoard,腾讯控股-R,2023-06-19,0000-00-00,Active,100.0,,XHKG,CS,80700,80700_01.XHKG,,"09:31-12:00,13:01-16:00",2026-05-21,20260420,20260521,False
104,01626.XHKG,280749223.0,JIA YAO HLDGS,JYKG,MainBoard,嘉耀控股,2014-06-27,0000-00-00,Active,1000.0,,XHKG,CS,01626,01626_01.XHKG,,"09:31-12:00,13:01-16:00",2026-05-21,20260420,20260521,False
105,09900.XHKG,271843720.0,ZCLOUD TECH CON,ZYKJJS,MainBoard,智云科技建设,2019-12-30,0000-00-00,Active,4000.0,,XHKG,CS,09900,09900_01.XHKG,,"09:31-12:00,13:01-16:00",2026-05-21,20260420,20260521,False
106,02190.XHKG,270587869.0,ZYLOXTB,GCTQ,MainBoard,归创通桥,2021-07-05,0000-00-00,Active,500.0,,XHKG,CS,02190,02190_01.XHKG,,"09:31-12:00,13:01-16:00",2026-05-21,20260420,20260521,False
107,00695.XHKG,255257727.0,DONGWU CEMENT,DWSN,MainBoard,东吴水泥,2012-06-13,0000-00-00,Active,2000.0,,XHKG,CS,00695,00695_01.XHKG,,"09:31-12:00,13:01-16:00",2026-05-21,20260420,20260521,False
108,01142.XHKG,247308523.0,E&P GLOBAL,NYJNLHQ,MainBoard,能源及能量环球,2002-11-08,0000-00-00,Active,2000.0,,XHKG,CS,01142,01142_01.XHKG,,"09:31-12:00,13:01-16:00",2026-05-21,20260420,20260521,False
109,08279.XHKG,241309473.0,AGTECH HOLDINGS,YBKJKG,GEM,亚博科技控股,2004-01-19,0000-00-00,Active,4000.0,,XHKG,CS,08279,08279_01.XHKG,,"09:31-12:00,13:01-16:00",2026-05-21,20260420,20260521,False
110,00465.XHKG,239613727.0,FUTONG TECH,FTKJ,MainBoard,富通科技,2009-12-04,0000-00-00,Active,2000.0,,XHKG,CS,00465,00465_01.XHKG,,"09:31-12:00,13:01-16:00",2026-05-21,20260420,20260521,False
111,02675.XHKG,238114064.0,EDGE MEDICAL-B,JFYLB,MainBoard,精锋医疗-B,2026-01-08,0000-00-00,Active,100.0,,XHKG,CS,02675,02675_01.XHKG,,"09:31-12:00,13:01-16:00",2026-05-21,20260420,20260521,False
112,00585.XHKG,236945353.0,IMAGI INT'L,YLGJ,MainBoard,意力国际,1997-03-10,0000-00-00,Active,8000.0,,XHKG,CS,00585,00585_01.XHKG,,"09:31-12:00,13:01-16:00",2026-05-21,20260420,20260521,False
113,00199.XHKG,236686392.0,ITC PROPERTIES,DXDC,MainBoard,德祥地产,1994-03-18,0000-00-00,Active,1000.0,,XHKG,CS,00199,00199_01.XHKG,,"09:31-12:00,13:01-16:00",2026-05-21,20260420,20260521,False
114,00209.XHKG,233266195.0,POLY XVERSE IT,WWZNKJ,MainBoard,万维智能科技,2002-03-06,0000-00-00,Active,10000.0,,XHKG,CS,00209,00209_01.XHKG,,"09:31-12:00,13:01-16:00",2026-05-21,20260420,20260521,False
115,00434.XHKG,231709991.0,BOYAA,BYHD,MainBoard,博雅互动,2013-11-12,0000-00-00,Active,1000.0,,XHKG,CS,00434,00434_01.XHKG,,"09:31-12:00,13:01-16:00",2026-05-21,20260420,20260521,False
116,00805.XHKG,218875022.0,NEW GONOW RV,XJAFC,MainBoard,新吉奥房车,2025-01-13,0000-00-00,Active,2000.0,,XHKG,CS,00805,00805_02.XHKG,,"09:31-12:00,13:01-16:00",2026-05-21,20260420,20260521,False
117,01979.XHKG,218114557.0,TEN PAO GROUP,TBJT,MainBoard,天宝集团,2015-12-11,0000-00-00,Active,4000.0,,XHKG,CS,01979,01979_01.XHKG,,"09:31-12:00,13:01-16:00",2026-05-21,20260420,20260521,False
118,02166.XHKG,212253593.0,SMART-CORE,XZKG,MainBoard,芯智控股,2016-10-07,0000-00-00,Active,2000.0,,XHKG,CS,02166,02166_01.XHKG,,"09:31-12:00,13:01-16:00",2026-05-21,20260420,20260521,False
119,01872.XHKG,204909833.0,GUAN CHAO HLDGS,GCKG,MainBoard,冠轈控股,2019-02-28,0000-00-00,Active,5000.0,,XHKG,CS,01872,01872_01.XHKG,,"09:31-12:00,13:01-16:00",2026-05-21,20260420,20260521,False
120,02598.XHKG,203235147.0,LIANLIAN,LLSZ,MainBoard,连连数字,2024-03-28,0000-00-00,Active,500.0,,XHKG,CS,02598,02598_01.XHKG,,"09:31-12:00,13:01-16:00",2026-05-21,20260420,20260521,False
121,89988.XHKG,200791840.0,BABA-WR,ALBBWR,MainBoard,阿里巴巴-WR,2023-06-19,0000-00-00,Active,100.0,,XHKG,CS,89988,89988_01.XHKG,,"09:31-12:00,13:01-16:00",2026-05-21,20260420,20260521,False
122,09898.XHKG,199917956.0,WB-SW,WBSW,MainBoard,微博-SW,2021-12-08,0000-00-00,Active,20.0,,XHKG,CS,09898,09898_01.XHKG,,"09:31-12:00,13:01-16:00",2026-05-21,20260420,20260521,False
123,01523.XHKG,199562665.0,PLOVER BAY TECH,HWKJ,MainBoard,珩湾科技,2016-07-13,0000-00-00,Active,1000.0,,XHKG,CS,01523,01523_01.XHKG,,"09:31-12:00,13:01-16:00",2026-05-21,20260420,20260521,False
124,01757.XHKG,199193254.0,GLOBAL CHI BC,HQHSJLB,MainBoard,环球华商俱乐部,2018-06-07,0000-00-00,Active,1000.0,,XHKG,CS,01757,01757_01.XHKG,,"09:31-12:00,13:01-16:00",2026-05-21,20260420,20260521,False
125,02552.XHKG,197361357.0,HUA MEDICINE-B,HLYYB,MainBoard,华领医药-B,2018-09-14,0000-00-00,Active,500.0,,XHKG,CS,02552,02552_01.XHKG,,"09:31-12:00,13:01-16:00",2026-05-21,20260420,20260521,False
126,02436.XHKG,195488216.0,LX TECHNOLOGY,LXKJ,MainBoard,凌雄科技,2022-11-24,0000-00-00,Active,300.0,,XHKG,CS,02436,02436_01.XHKG,,"09:31-12:00,13:01-16:00",2026-05-21,20260420,20260521,False
127,01501.XHKG,195321414.0,INT MEDICAL,YTYL,MainBoard,瑛泰医疗,2019-11-08,0000-00-00,Active,200.0,,XHKG,CS,01501,01501_01.XHKG,,"09:31-12:00,13:01-16:00",2026-05-21,20260420,20260521,False
128,00108.XHKG,191865654.0,GR LIFE STYLE,GRSH,MainBoard,国锐生活,1973-02-09,0000-00-00,Active,2000.0,,XHKG,CS,00108,00108_01.XHKG,,"09:31-12:00,13:01-16:00",2026-05-21,20260420,20260521,False
129,00784.XHKG,187795980.0,LING YUI,LRKG,MainBoard,凌锐控股,2017-12-28,0000-00-00,Active,10000.0,,XHKG,CS,00784,00784_01.XHKG,,"09:31-12:00,13:01-16:00",2026-05-21,20260420,20260521,False
130,01126.XHKG,187076341.0,DREAM INT'L,DLGJ,MainBoard,德林国际,2002-02-07,0000-00-00,Active,500.0,,XHKG,CS,01126,01126_01.XHKG,,"09:31-12:00,13:01-16:00",2026-05-21,20260420,20260521,False
131,01104.XHKG,187054661.0,APAC RESOURCES,YTZY,MainBoard,亚太资源,1998-12-29,0000-00-00,Active,20000.0,,XHKG,CS,01104,01104_01.XHKG,,"09:31-12:00,13:01-16:00",2026-05-21,20260420,20260521,False
132,03636.XHKG,186346636.0,JINXUN RESOURCE,JXZY,MainBoard,金浔资源,2026-01-09,0000-00-00,Active,200.0,,XHKG,CS,03636,03636_02.XHKG,,"09:31-12:00,13:01-16:00",2026-05-21,20260420,20260521,False
133,01712.XHKG,179520480.0,DRAGON MINING,LZY,MainBoard,龙资源,2018-11-05,0000-00-00,Active,1000.0,,XHKG,CS,01712,01712_01.XHKG,,"09:31-12:00,13:01-16:00",2026-05-21,20260420,20260521,False
134,02373.XHKG,177165334.0,BEAUTYFARM MED,MLTYYLJK,MainBoard,美丽田园医疗健康,2023-01-16,0000-00-00,Active,500.0,,XHKG,CS,02373,02373_01.XHKG,,"09:31-12:00,13:01-16:00",2026-05-21,20260420,20260521,False
135,01875.XHKG,174190086.0,BIODLINK-B,DYYYB,MainBoard,东曜药业-B,2019-11-08,0000-00-00,Active,400.0,,XHKG,CS,01875,01875_01.XHKG,,"09:31-12:00,13:01-16:00",2026-05-21,20260420,20260521,False
136,00381.XHKG,171803129.0,AOM INT'L,QSGJ,MainBoard,权识国际,2001-01-22,0000-00-00,Active,20000.0,,XHKG,CS,00381,00381_01.XHKG,,"09:31-12:00,13:01-16:00",2026-05-21,20260420,20260521,False
137,02309.XHKG,162445149.0,ZO FUTURE GROUP,DXWLJT,MainBoard,大象未来集团,2002-11-12,0000-00-00,Active,2000.0,,XHKG,CS,02309,02309_01.XHKG,,"09:31-12:00,13:01-16:00",2026-05-21,20260420,20260521,False
138,09982.XHKG,159984294.0,CENTRALCHINA MT,ZYJY,MainBoard,中原建业,2021-05-31,0000-00-00,Active,2000.0,,XHKG,CS,09982,09982_01.XHKG,,"09:31-12:00,13:01-16:00",2026-05-21,20260420,20260521,False
139,01851.XHKG,156739984.0,GINGKO EDU,YXJY,MainBoard,银杏教育,2019-01-18,0000-00-00,Active,2000.0,,XHKG,CS,01851,01851_01.XHKG,,"09:31-12:00,13:01-16:00",2026-05-21,20260420,20260521,False
140,06960.XHKG,152375898.0,SHUANGDENG,SDGF,MainBoard,双登股份,2025-08-26,0000-00-00,Active,500.0,,XHKG,CS,06960,06960_01.XHKG,,"09:31-12:00,13:01-16:00",2026-05-21,20260420,20260521,False
141,01959.XHKG,151290441.0,ZHONG JU INVEST,ZJTZ,MainBoard,中聚投资,2019-10-18,0000-00-00,Active,2000.0,,XHKG,CS,01959,01959_01.XHKG,,"09:31-12:00,13:01-16:00",2026-05-21,20260420,20260521,False
142,03928.XHKG,150634399.0,CHINA NEXT-GEN,ZGXLSGYL,MainBoard,中国新零售供应链,2019-09-19,0000-00-00,Active,500.0,,XHKG,CS,03928,03928_02.XHKG,,"09:31-12:00,13:01-16:00",2026-05-21,20260420,20260521,False
143,01815.XHKG,150463547.0,EVEREST GOLD,ZFHJ,MainBoard,珠峰黄金,2018-03-13,0000-00-00,Active,1000.0,,XHKG,CS,01815,01815_01.XHKG,,"09:31-12:00,13:01-16:00",2026-05-21,20260420,20260521,False
144,09963.XHKG,142256250.0,TRANSTECH,GKQ,MainBoard,高科桥,2020-11-05,0000-00-00,Active,2000.0,,XHKG,CS,09963,09963_01.XHKG,,"09:31-12:00,13:01-16:00",2026-05-21,20260420,20260521,False
145,02657.XHKG,140671450.0,FOREST CABIN,LQX,MainBoard,林清轩,2025-12-30,0000-00-00,Active,50.0,,XHKG,CS,02657,02657_01.XHKG,,"09:31-12:00,13:01-16:00",2026-05-21,20260420,20260521,False
146,80941.XHKG,138537650.0,CHINA MOBILE-R,ZGYDR,MainBoard,中国移动-R,2023-06-19,0000-00-00,Active,500.0,600941.XSHG,XHKG,CS,80941,80941_01.XHKG,,"09:31-12:00,13:01-16:00",2026-05-21,20260420,20260521,False
147,08507.XHKG,137704755.0,I.CENTURY HLDG,ASJJT,GEM,爱世纪集团,2018-04-16,0000-00-00,Active,4000.0,,XHKG,CS,08507,08507_01.XHKG,,"09:31-12:00,13:01-16:00",2026-05-21,20260420,20260521,False
148,01611.XHKG,136725068.0,BITFIRE GROUP,XHJT,MainBoard,新火集团,2016-11-21,0000-00-00,Active,500.0,,XHKG,CS,01611,01611_01.XHKG,,"09:31-12:00,13:01-16:00",2026-05-21,20260420,20260521,False
149,00550.XHKG,136040475.0,ALLEGRO CULTURE,LQWH,MainBoard,律齐文化,2007-07-23,0000-00-00,Active,2000.0,,XHKG,CS,00550,00550_01.XHKG,,"09:31-12:00,13:01-16:00",2026-05-21,20260420,20260521,False
150,02546.XHKG,132455750.0,ZHIHUI MINING,ZHKY,MainBoard,智汇矿业,2025-12-19,0000-00-00,Active,1000.0,,XHKG,CS,02546,02546_01.XHKG,,"09:31-12:00,13:01-16:00",2026-05-21,20260420,20260521,False
151,02302.XHKG,131100651.0,CNNC INT'L,ZHGJ,MainBoard,中核国际,2003-01-06,0000-00-00,Active,1000.0,,XHKG,CS,02302,02302_01.XHKG,,"09:31-12:00,13:01-16:00",2026-05-21,20260420,20260521,False
152,00062.XHKG,130917044.0,TRANSPORT INT'L,ZT,MainBoard,载通,1961-05-01,0000-00-00,Active,400.0,,XHKG,CS,00062,00062_01.XHKG,,"09:31-12:00,13:01-16:00",2026-05-21,20260420,20260521,False
153,00815.XHKG,128196444.0,CHI SILVER GP,ZGBYJT,MainBoard,中国白银集团,2012-12-28,0000-00-00,Active,2000.0,,XHKG,CS,00815,00815_01.XHKG,,"09:31-12:00,13:01-16:00",2026-05-21,20260420,20260521,False
154,03316.XHKG,126312451.0,BINJIANG SER,BJFW,MainBoard,滨江服务,2019-03-15,0000-00-00,Active,500.0,,XHKG,CS,03316,03316_01.XHKG,,"09:31-12:00,13:01-16:00",2026-05-21,20260420,20260521,False
155,00031.XHKG,124660979.0,CHINA AEROSPACE,HTKG,MainBoard,航天控股,1981-08-25,0000-00-00,Active,2000.0,,XHKG,CS,00031,00031_01.XHKG,,"09:31-12:00,13:01-16:00",2026-05-21,20260420,20260521,False
156,82318.XHKG,124548016.0,PING AN-R,ZGPAR,MainBoard,中国平安-R,2023-06-19,0000-00-00,Active,500.0,601318.XSHG,XHKG,CS,82318,82318_01.XHKG,,"09:31-12:00,13:01-16:00",2026-05-21,20260420,20260521,False
157,02535.XHKG,123711250.0,WK GROUP,HJJT,MainBoard,泓基集团,2024-03-08,0000-00-00,Active,10000.0,,XHKG,CS,02535,02535_01.XHKG,,"09:31-12:00,13:01-16:00",2026-05-21,20260420,20260521,False
158,02668.XHKG,122630420.0,PAK TAK INT'L,BDGJ,MainBoard,百德国际,2001-12-06,0000-00-00,Active,10000.0,,XHKG,CS,02668,02668_01.XHKG,,"09:31-12:00,13:01-16:00",2026-05-21,20260420,20260521,False
159,08395.XHKG,122339834.0,ZXZN QI-HOUSE,ZXZNQJKG,GEM,中显智能齐家控股,2018-01-25,0000-00-00,Active,20000.0,,XHKG,CS,08395,08395_01.XHKG,,"09:31-12:00,13:01-16:00",2026-05-21,20260420,20260521,False
160,01720.XHKG,121397820.0,PUTIAN COMM,PTTXJT,MainBoard,普天通信集团,2017-11-09,0000-00-00,Active,4000.0,,XHKG,CS,01720,01720_01.XHKG,,"09:31-12:00,13:01-16:00",2026-05-21,20260420,20260521,False
161,06162.XHKG,120952176.0,TR INTERIORS,TRQCNS,MainBoard,天瑞汽车内饰,2019-01-15,0000-00-00,Active,8000.0,,XHKG,CS,06162,06162_01.XHKG,,"09:31-12:00,13:01-16:00",2026-05-21,20260420,20260521,False
162,02508.XHKG,120193387.0,SAINT BELLA GP,SBLJT,MainBoard,圣贝拉集团,2025-06-26,0000-00-00,Active,500.0,,XHKG,CS,02508,02508_01.XHKG,,"09:31-12:00,13:01-16:00",2026-05-21,20260420,20260521,False
163,00232.XHKG,119543866.0,CON AERO TECH,DLHKKJKG,MainBoard,大陆航空科技控股,1991-12-12,0000-00-00,Active,2000.0,,XHKG,CS,00232,00232_01.XHKG,,"09:31-12:00,13:01-16:00",2026-05-21,20260420,20260521,False
164,06036.XHKG,117324180.0,APEX ACE HLDG,GLKJ,MainBoard,光丽科技,2018-03-16,0000-00-00,Active,5000.0,,XHKG,CS,06036,06036_01.XHKG,,"09:31-12:00,13:01-16:00",2026-05-21,20260420,20260521,False
165,00894.XHKG,116394308.0,MAN YUE TECH,WYKJ,MainBoard,万裕科技,1997-03-05,0000-00-00,Active,2000.0,,XHKG,CS,00894,00894_01.XHKG,,"09:31-12:00,13:01-16:00",2026-05-21,20260420,20260521,False
166,02076.XHKG,114239777.0,BOSS ZHIPIN-W,BOSSZPW,MainBoard,BOSS直聘-W,2022-12-22,0000-00-00,Active,100.0,,XHKG,CS,02076,02076_01.XHKG,,"09:31-12:00,13:01-16:00",2026-05-21,20260420,20260521,False
167,02149.XHKG,114166414.0,BATELAB,BKW,MainBoard,贝克微,2023-12-28,0000-00-00,Active,100.0,,XHKG,CS,02149,02149_01.XHKG,,"09:31-12:00,13:01-16:00",2026-05-21,20260420,20260521,False
168,08365.XHKG,111656902.0,HATCHER GROUP,YCJT,GEM,亦辰集团,2017-05-26,0000-00-00,Active,10000.0,,XHKG,CS,08365,08365_01.XHKG,,"09:31-12:00,13:01-16:00",2026-05-21,20260420,20260521,False
169,02509.XHKG,111580476.0,QYUNS-B,QXSWB,MainBoard,荃信生物-B,2024-03-20,0000-00-00,Active,200.0,,XHKG,CS,02509,02509_01.XHKG,,"09:31-12:00,13:01-16:00",2026-05-21,20260420,20260521,False
170,03816.XHKG,106819317.0,KFM KINGDOM,KFMJD,MainBoard,KFM金德,2012-10-15,0000-00-00,Active,4000.0,,XHKG,CS,03816,03816_01.XHKG,,"09:31-12:00,13:01-16:00",2026-05-21,20260420,20260521,False
171,02521.XHKG,103828649.0,SHENGHUI CLEAN,SHQJ,MainBoard,升辉清洁,2023-12-05,0000-00-00,Active,7500.0,,XHKG,CS,02521,02521_01.XHKG,,"09:31-12:00,13:01-16:00",2026-05-21,20260420,20260521,False
172,00945.XHKG,103510616.0,MANULIFE-S,HLJRS,MainBoard,宏利金融-S,1999-09-27,0000-00-00,Active,100.0,,XHKG,CS,00945,00945_01.XHKG,,"09:31-12:00,13:01-16:00",2026-05-21,20260420,20260521,False
173,03681.XHKG,102879160.0,SINOMAB BIO-B,ZGKTB,MainBoard,中国抗体-B,2019-11-12,0000-00-00,Active,300.0,,XHKG,CS,03681,03681_01.XHKG,,"09:31-12:00,13:01-16:00",2026-05-21,20260420,20260521,False
174,01850.XHKG,102034588.0,HSC RESOURCES,HSCZY,MainBoard,鸿盛昌资源,2019-02-14,0000-00-00,Active,10000.0,,XHKG,CS,01850,01850_01.XHKG,,"09:31-12:00,13:01-16:00",2026-05-21,20260420,20260521,False
175,02489.XHKG,101255033.0,PERSISTENCEGOLD,JHHJ,MainBoard,集海黄金,2023-12-22,0000-00-00,Active,5000.0,,XHKG,CS,02489,02489_01.XHKG,,"09:31-12:00,13:01-16:00",2026-05-21,20260420,20260521,False
176,01643.XHKG,101112675.0,MODERN CHI MED,XDZYJT,MainBoard,现代中药集团,2021-01-15,0000-00-00,Active,3000.0,,XHKG,CS,01643,01643_01.XHKG,,"09:31-12:00,13:01-16:00",2026-05-21,20260420,20260521,False
177,01401.XHKG,99676218.0,FUTURE MACH LTD,WLJQYXGS,MainBoard,未来机器有限公司,2019-11-13,0000-00-00,Active,2000.0,,XHKG,CS,01401,01401_01.XHKG,,"09:31-12:00,13:01-16:00",2026-05-21,20260420,20260521,False
178,02488.XHKG,99332329.0,LAUNCH TECH,YZKJ,MainBoard,元征科技,2011-03-28,0000-00-00,Active,500.0,,XHKG,CS,02488,02488_01.XHKG,,"09:31-12:00,13:01-16:00",2026-05-21,20260420,20260521,False
179,81810.XHKG,99264904.0,XIAOMI-WR,XMJTWR,MainBoard,小米集团-WR,2023-06-19,0000-00-00,Active,200.0,,XHKG,CS,81810,81810_01.XHKG,,"09:31-12:00,13:01-16:00",2026-05-21,20260420,20260521,False
180,01091.XHKG,98825993.0,SOUTH MANGANESE,NFMY,MainBoard,南方锰业,2010-11-18,0000-00-00,Active,1000.0,,XHKG,CS,01091,01091_01.XHKG,,"09:31-12:00,13:01-16:00",2026-05-21,20260420,20260521,False
181,02585.XHKG,96632294.0,MOKINGRAN,MJY,MainBoard,梦金园,2024-11-29,0000-00-00,Active,200.0,,XHKG,CS,02585,02585_01.XHKG,,"09:31-12:00,13:01-16:00",2026-05-21,20260420,20260521,False
182,01630.XHKG,95456514.0,KIN SHING HLDGS,JCKG,MainBoard,建成控股,2017-06-16,0000-00-00,Active,6000.0,,XHKG,CS,01630,01630_01.XHKG,,"09:31-12:00,13:01-16:00",2026-05-21,20260420,20260521,False
183,02495.XHKG,92310912.0,VOICECOMM,STKJ,MainBoard,声通科技,2024-07-10,0000-00-00,Active,20.0,,XHKG,CS,02495,02495_01.XHKG,,"09:31-12:00,13:01-16:00",2026-05-21,20260420,20260521,False
184,09958.XHKG,91426478.0,LITIAN PICTURES,LTYY,MainBoard,力天影业,2020-06-22,0000-00-00,Active,1000.0,,XHKG,CS,09958,09958_01.XHKG,,"09:31-12:00,13:01-16:00",2026-05-21,20260420,20260521,False
185,02156.XHKG,88877777.0,C&D PROPERTY,JFWY,MainBoard,建发物业,2020-12-31,0000-00-00,Active,1000.0,,XHKG,CS,02156,02156_01.XHKG,,"09:31-12:00,13:01-16:00",2026-05-21,20260420,20260521,False
186,06676.XHKG,88805339.0,ZG GROUP-W,ZGWW,MainBoard,找钢网-W,2025-03-10,0000-00-00,Active,500.0,,XHKG,CS,06676,06676_01.XHKG,,"09:31-12:00,13:01-16:00",2026-05-21,20260420,20260521,False
187,01939.XHKG,88329118.0,SHANGSHAN GOLD,SSHJ,MainBoard,上善黄金,2018-10-11,0000-00-00,Active,2000.0,,XHKG,CS,01939,01939_01.XHKG,,"09:31-12:00,13:01-16:00",2026-05-21,20260420,20260521,False
188,00689.XHKG,87700321.0,EPI (HOLDINGS),CYJTKG,MainBoard,长盈集团(控股),1991-04-15,0000-00-00,Active,15000.0,,XHKG,CS,00689,00689_01.XHKG,,"09:31-12:00,13:01-16:00",2026-05-21,20260420,20260521,False
189,02567.XHKG,87386180.0,QINIU,QNZN,MainBoard,七牛智能,2024-10-16,0000-00-00,Active,1000.0,,XHKG,CS,02567,02567_01.XHKG,,"09:31-12:00,13:01-16:00",2026-05-21,20260420,20260521,False
190,03887.XHKG,86868235.0,HASHKEY HLDGS,HASHKEYHLDGS,MainBoard,HASHKEYHLDGS,2025-12-17,0000-00-00,Active,400.0,,XHKG,CS,03887,03887_01.XHKG,,"09:31-12:00,13:01-16:00",2026-05-21,20260420,20260521,False
191,09879.XHKG,86804615.0,MIGAO GROUP,MGJT,MainBoard,米高集团,2024-03-21,0000-00-00,Active,1000.0,,XHKG,CS,09879,09879_01.XHKG,,"09:31-12:00,13:01-16:00",2026-05-21,20260420,20260521,False
192,06939.XHKG,86730580.0,MEGAIN,MJYKG,MainBoard,美佳音控股,2021-03-31,0000-00-00,Active,2000.0,,XHKG,CS,06939,06939_01.XHKG,,"09:31-12:00,13:01-16:00",2026-05-21,20260420,20260521,False
193,00022.XHKG,86582378.0,MEXAN,MSKG,MainBoard,茂盛控股,1972-12-14,0000-00-00,Active,40000.0,,XHKG,CS,00022,00022_01.XHKG,,"09:31-12:00,13:01-16:00",2026-05-21,20260420,20260521,False
194,08529.XHKG,85866185.0,UBOT HOLDING,YBKG,GEM,优博控股,2024-06-03,0000-00-00,Active,5000.0,,XHKG,CS,08529,08529_01.XHKG,,"09:31-12:00,13:01-16:00",2026-05-21,20260420,20260521,False
195,02185.XHKG,85712198.0,BIOHEART-B,BXAB,MainBoard,百心安-B,2021-12-23,0000-00-00,Active,100.0,,XHKG,CS,02185,02185_01.XHKG,,"09:31-12:00,13:01-16:00",2026-05-21,20260420,20260521,False
196,01223.XHKG,84934940.0,SYMPHONY HOLD,XFJT,MainBoard,新沣集团,1995-03-01,0000-00-00,Active,10000.0,,XHKG,CS,01223,01223_01.XHKG,,"09:31-12:00,13:01-16:00",2026-05-21,20260420,20260521,False
197,01200.XHKG,83640127.0,MIDLAND HOLDING,MLJT,MainBoard,美联集团,1995-06-08,0000-00-00,Active,2000.0,,XHKG,CS,01200,01200_01.XHKG,,"09:31-12:00,13:01-16:00",2026-05-21,20260420,20260521,False
198,03680.XHKG,82876128.0,RUIHE DATA,RHSZ,MainBoard,瑞和数智,2019-12-13,0000-00-00,Active,2000.0,,XHKG,CS,03680,03680_01.XHKG,,"09:31-12:00,13:01-16:00",2026-05-21,20260420,20260521,False
199,01570.XHKG,82799694.0,WEIYE HOLDINGS,WYKG,MainBoard,伟业控股,2016-04-06,0000-00-00,Active,1000.0,,XHKG,CS,01570,01570_01.XHKG,,"09:31-12:00,13:01-16:00",2026-05-21,20260420,20260521,False
200,08547.XHKG,82737028.0,PACIFIC LEGEND,PACIFICLEGEND,GEM,PACIFICLEGEND,2018-07-18,0000-00-00,Active,10000.0,,XHKG,CS,08547,08547_01.XHKG,,"09:31-12:00,13:01-16:00",2026-05-21,20260420,20260521,False
201,02630.XHKG,79498930.0,VIGONVITA-B,WSWSB,MainBoard,旺山旺水-B,2025-11-06,0000-00-00,Active,200.0,,XHKG,CS,02630,02630_01.XHKG,,"09:31-12:00,13:01-16:00",2026-05-21,20260420,20260521,False
202,02516.XHKG,75367780.0,FAR INTL,FYGJ,MainBoard,泛远国际,2023-12-22,0000-00-00,Active,4000.0,,XHKG,CS,02516,02516_01.XHKG,,"09:31-12:00,13:01-16:00",2026-05-21,20260420,20260521,False
203,02025.XHKG,75009075.0,RUIFENG POWER,RFDL,MainBoard,瑞丰动力,2018-01-05,0000-00-00,Active,2000.0,,XHKG,CS,02025,02025_01.XHKG,,"09:31-12:00,13:01-16:00",2026-05-21,20260420,20260521,False
204,00264.XHKG,74602800.0,CN INT DEV CORP,ZLFZKG,MainBoard,中联发展控股,2003-03-12,0000-00-00,Active,4000.0,,XHKG,CS,00264,00264_01.XHKG,,"09:31-12:00,13:01-16:00",2026-05-21,20260420,20260521,False
205,06669.XHKG,74177537.0,ACOTEC-B,XRDYLB,MainBoard,先瑞达医疗-B,2021-08-24,0000-00-00,Active,1000.0,,XHKG,CS,06669,06669_01.XHKG,,"09:31-12:00,13:01-16:00",2026-05-21,20260420,20260521,False
206,01796.XHKG,72451850.0,METASPACEX,ZGSZKJ,MainBoard,中国数智科技,2018-12-31,0000-00-00,Active,2000.0,,XHKG,CS,01796,01796_01.XHKG,,"09:31-12:00,13:01-16:00",2026-05-21,20260420,20260521,False
207,03600.XHKG,71970715.0,MODERN DENTAL,XDYK,MainBoard,现代牙科,2015-12-15,0000-00-00,Active,1000.0,,XHKG,CS,03600,03600_01.XHKG,,"09:31-12:00,13:01-16:00",2026-05-21,20260420,20260521,False
208,01854.XHKG,71609200.0,CHINA WANTIAN,ZGWTKG,MainBoard,中国万天控股,2019-03-21,0000-00-00,Active,10000.0,,XHKG,CS,01854,01854_01.XHKG,,"09:31-12:00,13:01-16:00",2026-05-21,20260420,20260521,False
209,01429.XHKG,71497790.0,SKYMISSION GP,TRJT,MainBoard,天任集团,2020-09-29,0000-00-00,Active,8000.0,,XHKG,CS,01429,01429_01.XHKG,,"09:31-12:00,13:01-16:00",2026-05-21,20260420,20260521,False
210,08439.XHKG,70904954.0,SOMERLEY CAP,XBLRZ,GEM,新百利融资,2017-03-28,0000-00-00,Active,2000.0,,XHKG,CS,08439,08439_01.XHKG,,"09:31-12:00,13:01-16:00",2026-05-21,20260420,20260521,False
211,00661.XHKG,70902123.0,CDAYENONFER,ZGDYYSJS,MainBoard,中国大冶有色金属,1990-11-21,0000-00-00,Active,2000.0,,XHKG,CS,00661,00661_01.XHKG,,"09:31-12:00,13:01-16:00",2026-05-21,20260420,20260521,False
212,00357.XHKG,70708113.0,MEILAN AIRPORT,MLKG,MainBoard,美兰空港,2002-11-18,0000-00-00,Active,1000.0,,XHKG,CS,00357,00357_01.XHKG,,"09:31-12:00,13:01-16:00",2026-05-21,20260420,20260521,False
213,01837.XHKG,69144173.0,NATURAL FOOD IH,WGMF,MainBoard,五谷磨房,2018-12-12,0000-00-00,Active,2000.0,,XHKG,CS,01837,01837_01.XHKG,,"09:31-12:00,13:01-16:00",2026-05-21,20260420,20260521,False
214,80883.XHKG,68545780.0,CNOOC-R,ZGHYSYR,MainBoard,中国海洋石油-R,2023-06-19,0000-00-00,Active,1000.0,600938.XSHG,XHKG,CS,80883,80883_01.XHKG,,"09:31-12:00,13:01-16:00",2026-05-21,20260420,20260521,False
215,80992.XHKG,68321640.0,LENOVO GROUP-R,LXJTR,MainBoard,联想集团-R,2023-06-19,0000-00-00,Active,2000.0,,XHKG,CS,80992,80992_01.XHKG,,"09:31-12:00,13:01-16:00",2026-05-21,20260420,20260521,False
216,02536.XHKG,68123720.0,PALASINO,BLHG,MainBoard,百乐皇宫,2024-03-26,0000-00-00,Active,1000.0,,XHKG,CS,02536,02536_01.XHKG,,"09:31-12:00,13:01-16:00",2026-05-21,20260420,20260521,False
217,02660.XHKG,67909523.0,ZENGAME,CYKJ,MainBoard,禅游科技,2019-04-16,0000-00-00,Active,2000.0,,XHKG,CS,02660,02660_01.XHKG,,"09:31-12:00,13:01-16:00",2026-05-21,20260420,20260521,False
218,03978.XHKG,67466456.0,BESTSTUDY EDU,ZYJYJT,MainBoard,卓越教育集团,2018-12-27,0000-00-00,Active,1000.0,,XHKG,CS,03978,03978_01.XHKG,,"09:31-12:00,13:01-16:00",2026-05-21,20260420,20260521,False
219,02515.XHKG,67328197.0,TJCD,TJJF,MainBoard,天津建发,2024-04-23,0000-00-00,Active,2000.0,,XHKG,CS,02515,02515_01.XHKG,,"09:31-12:00,13:01-16:00",2026-05-21,20260420,20260521,False
220,02878.XHKG,66672315.0,SOLOMON SYSTECH,JMBDT,MainBoard,晶门半导体,2004-04-08,0000-00-00,Active,2000.0,,XHKG,CS,02878,02878_01.XHKG,,"09:31-12:00,13:01-16:00",2026-05-21,20260420,20260521,False
221,00259.XHKG,66265170.0,YEEBO (INT'L H),YDGJKG,MainBoard,亿都(国际控股),1993-09-01,0000-00-00,Active,2000.0,,XHKG,CS,00259,00259_01.XHKG,,"09:31-12:00,13:01-16:00",2026-05-21,20260420,20260521,False
222,01122.XHKG,65874924.0,QINGLING MOTORS,QLQCGF,MainBoard,庆铃汽车股份,1994-08-17,0000-00-00,Active,2000.0,,XHKG,CS,01122,01122_01.XHKG,,"09:31-12:00,13:01-16:00",2026-05-21,20260420,20260521,False
223,03378.XHKG,65737317.0,HANXBIO-B,HSATB,MainBoard,翰思艾泰-B,2025-12-23,0000-00-00,Active,100.0,,XHKG,CS,03378,03378_02.XHKG,,"09:31-12:00,13:01-16:00",2026-05-21,20260420,20260521,False
224,08460.XHKG,65187941.0,BASETROPHY GP,JDJBJT,GEM,基地锦标集团,2017-06-27,0000-00-00,Active,5000.0,,XHKG,CS,08460,08460_01.XHKG,,"09:31-12:00,13:01-16:00",2026-05-21,20260420,20260521,False
225,80388.XHKG,64747120.0,HKEX-R,XGJYSR,MainBoard,香港交易所-R,2023-06-19,0000-00-00,Active,100.0,,XHKG,CS,80388,80388_01.XHKG,,"09:31-12:00,13:01-16:00",2026-05-21,20260420,20260521,False
226,00486.XHKG,64488990.0,RUSAL,EL,MainBoard,俄铝,2010-01-27,0000-00-00,Active,1000.0,,XHKG,CS,00486,00486_01.XHKG,,"09:31-12:00,13:01-16:00",2026-05-21,20260420,20260521,False
227,00745.XHKG,62620399.0,CN CULTURE GP,ZGGJWHCY,MainBoard,中国国家文化产业,2004-10-13,0000-00-00,Active,20000.0,,XHKG,CS,00745,00745_01.XHKG,,"09:31-12:00,13:01-16:00",2026-05-21,20260420,20260521,False
228,01865.XHKG,60938342.0,PENGO HLDG GP,PGKGJT,MainBoard,鹏高控股集团,2019-03-27,0000-00-00,Active,12000.0,,XHKG,CS,01865,01865_01.XHKG,,"09:31-12:00,13:01-16:00",2026-05-21,20260420,20260521,False
229,00731.XHKG,60181010.0,C&D NEWIN,JFXS,MainBoard,建发新胜,1995-12-01,0000-00-00,Active,20000.0,,XHKG,CS,00731,00731_01.XHKG,,"09:31-12:00,13:01-16:00",2026-05-21,20260420,20260521,False
230,08030.XHKG,60168061.0,FENGYINHE,FYHKG,GEM,丰银禾控股,2012-05-07,0000-00-00,Active,1000.0,,XHKG,CS,08030,08030_02.XHKG,,"09:31-12:00,13:01-16:00",2026-05-21,20260420,20260521,False
231,00370.XHKG,59947904.0,HK ROBOTICS,GZJQR,MainBoard,港仔机器人,1996-03-26,0000-00-00,Active,6000.0,,XHKG,CS,00370,00370_01.XHKG,,"09:31-12:00,13:01-16:00",2026-05-21,20260420,20260521,False
232,00842.XHKG,59777785.0,LEOCH INT'L,LSGJ,MainBoard,理士国际,2010-11-16,0000-00-00,Active,1000.0,,XHKG,CS,00842,00842_01.XHKG,,"09:31-12:00,13:01-16:00",2026-05-21,20260420,20260521,False
233,00118.XHKG,57575298.0,COSMOS MACH,DTJX,MainBoard,大同机械,1988-12-12,0000-00-00,Active,2000.0,,XHKG,CS,00118,00118_01.XHKG,,"09:31-12:00,13:01-16:00",2026-05-21,20260420,20260521,False
234,03303.XHKG,57413150.0,JUTAL OIL SER,JTHYSYFW,MainBoard,巨涛海洋石油服务,2006-09-21,0000-00-00,Active,2000.0,,XHKG,CS,03303,03303_01.XHKG,,"09:31-12:00,13:01-16:00",2026-05-21,20260420,20260521,False
235,02490.XHKG,57342001.0,LC LOGISTICS,LCWL,MainBoard,乐舱物流,2023-09-25,0000-00-00,Active,300.0,,XHKG,CS,02490,02490_01.XHKG,,"09:31-12:00,13:01-16:00",2026-05-21,20260420,20260521,False
236,02355.XHKG,57282925.0,BAOYE GROUP,BYJT,MainBoard,宝业集团,2003-06-30,0000-00-00,Active,2000.0,,XHKG,CS,02355,02355_01.XHKG,,"09:31-12:00,13:01-16:00",2026-05-21,20260420,20260521,False
237,00085.XHKG,57261996.0,CE HUADA TECH,ZDHDKJ,MainBoard,中电华大科技,1997-07-25,0000-00-00,Active,2000.0,,XHKG,CS,00085,00085_01.XHKG,,"09:31-12:00,13:01-16:00",2026-05-21,20260420,20260521,False
238,01710.XHKG,57223861.0,TRIO IND ELEC,ZFGYDZ,MainBoard,致丰工业电子,2017-11-23,0000-00-00,Active,4000.0,,XHKG,CS,01710,01710_01.XHKG,,"09:31-12:00,13:01-16:00",2026-05-21,20260420,20260521,False
239,01763.XHKG,57099759.0,CIRC,ZGTF,MainBoard,中国同辐,2018-07-06,0000-00-00,Active,200.0,,XHKG,CS,01763,01763_01.XHKG,,"09:31-12:00,13:01-16:00",2026-05-21,20260420,20260521,False
240,01760.XHKG,57039390.0,INTRON TECH,YHKJ,MainBoard,英恒科技,2018-07-12,0000-00-00,Active,1000.0,,XHKG,CS,01760,01760_01.XHKG,,"09:31-12:00,13:01-16:00",2026-05-21,20260420,20260521,False
241,08431.XHKG,56467584.0,HAO BAI INTL,HBGJ,GEM,浩柏国际,2017-05-26,0000-00-00,Active,10000.0,,XHKG,CS,08431,08431_01.XHKG,,"09:31-12:00,13:01-16:00",2026-05-21,20260420,20260521,False
242,01334.XHKG,56101750.0,RUICHANG INTL,RCGJKG,MainBoard,瑞昌国际控股,2024-07-10,0000-00-00,Active,2500.0,,XHKG,CS,01334,01334_01.XHKG,,"09:31-12:00,13:01-16:00",2026-05-21,20260420,20260521,False
243,03321.XHKG,55775969.0,ZHONGKE GROUP,ZKJTKGX,MainBoard,中科集团控股-新,2019-04-23,0000-00-00,Active,10000.0,,XHKG,CS,03321,03321_01.XHKG,,"09:31-12:00,13:01-16:00",2026-05-21,20260420,20260521,False
244,06626.XHKG,55706381.0,YUEXIU SERVICES,YXFW,MainBoard,越秀服务,2021-06-28,0000-00-00,Active,500.0,,XHKG,CS,06626,06626_01.XHKG,,"09:31-12:00,13:01-16:00",2026-05-21,20260420,20260521,False
245,02451.XHKG,55099626.0,LUYUAN GP HLDG,LYJTKG,MainBoard,绿源集团控股,2023-10-12,0000-00-00,Active,500.0,,XHKG,CS,02451,02451_01.XHKG,,"09:31-12:00,13:01-16:00",2026-05-21,20260420,20260521,False
246,01087.XHKG,54772060.0,INVESTECH HLDGS,WXKG,MainBoard,威讯控股,2010-11-16,0000-00-00,Active,2000.0,,XHKG,CS,01087,01087_01.XHKG,,"09:31-12:00,13:01-16:00",2026-05-21,20260420,20260521,False
247,01348.XHKG,54621368.0,QUALI-SMART,HDFKG,MainBoard,滉达富控股,2013-01-23,0000-00-00,Active,2000.0,,XHKG,CS,01348,01348_01.XHKG,,"09:31-12:00,13:01-16:00",2026-05-21,20260420,20260521,False
248,02576.XHKG,54395568.0,TAIMEI TECH,TMYLKJ,MainBoard,太美医疗科技,2024-10-08,0000-00-00,Active,200.0,,XHKG,CS,02576,02576_01.XHKG,,"09:31-12:00,13:01-16:00",2026-05-21,20260420,20260521,False
249,09893.XHKG,54314200.0,PIZU GROUP,BYJT,MainBoard,比优集团,2025-02-18,0000-00-00,Active,20000.0,,XHKG,CS,09893,09893_01.XHKG,,"09:31-12:00,13:01-16:00",2026-05-21,20260420,20260521,False
250,08193.XHKG,52618877.0,ASIAPAC FIN INV,YTJRTZ,GEM,亚太金融投资,2011-05-31,0000-00-00,Active,10000.0,,XHKG,CS,08193,08193_02.XHKG,,"09:31-12:00,13:01-16:00",2026-05-21,20260420,20260521,False
251,03880.XHKG,52465252.0,MEDTIDE,TDYY,MainBoard,泰德医药,2025-06-30,0000-00-00,Active,100.0,,XHKG,CS,03880,03880_01.XHKG,,"09:31-12:00,13:01-16:00",2026-05-21,20260420,20260521,False
252,01451.XHKG,52184234.0,MS GROUP HLDGS,WCJTGF,MainBoard,万成集团股份,2018-06-01,0000-00-00,Active,2000.0,,XHKG,CS,01451,01451_01.XHKG,,"09:31-12:00,13:01-16:00",2026-05-21,20260420,20260521,False
253,01660.XHKG,51300600.0,SEVEN ELEMENTS,QYTZ,MainBoard,七元投资,2017-02-10,0000-00-00,Active,8000.0,,XHKG,CS,01660,01660_01.XHKG,,"09:31-12:00,13:01-16:00",2026-05-21,20260420,20260521,False
254,00613.XHKG,51130140.0,PLANETREE INT'L,WTGJ,MainBoard,梧桐国际,1993-11-12,0000-00-00,Active,2000.0,,XHKG,CS,00613,00613_01.XHKG,,"09:31-12:00,13:01-16:00",2026-05-21,20260420,20260521,False
255,01417.XHKG,51057000.0,RIVERINE CHINA,PJZG,MainBoard,浦江中国,2017-12-11,0000-00-00,Active,2000.0,,XHKG,CS,01417,01417_01.XHKG,,"09:31-12:00,13:01-16:00",2026-05-21,20260420,20260521,False
256,01372.XHKG,50884310.0,C CARBONNEUTRAL,ZGTZH,MainBoard,中国碳中和,2013-12-11,0000-00-00,Active,1000.0,,XHKG,CS,01372,01372_01.XHKG,,"09:31-12:00,13:01-16:00",2026-05-21,20260420,20260521,False
257,01202.XHKG,50806115.0,SIWI SCI & TECH,SWKJ,MainBoard,四威科技,1994-12-13,0000-00-00,Active,2000.0,,XHKG,CS,01202,01202_01.XHKG,,"09:31-12:00,13:01-16:00",2026-05-21,20260420,20260521,False
258,00632.XHKG,50145398.0,CHK OIL,ZGSY,MainBoard,中港石油,1993-04-30,0000-00-00,Active,2000.0,,XHKG,CS,00632,00632_01.XHKG,,"09:31-12:00,13:01-16:00",2026-05-21,20260420,20260521,False
259,06609.XHKG,49822957.0,HEARTCARE-B,XWYLB,MainBoard,心玮医疗-B,2021-08-20,0000-00-00,Active,50.0,,XHKG,CS,06609,06609_01.XHKG,,"09:31-12:00,13:01-16:00",2026-05-21,20260420,20260521,False
260,06893.XHKG,49556450.0,HINSANG GROUP,YSJT,MainBoard,衍生集团,2014-10-16,0000-00-00,Active,2000.0,,XHKG,CS,06893,06893_01.XHKG,,"09:31-12:00,13:01-16:00",2026-05-21,20260420,20260521,False
261,01020.XHKG,49237272.0,CIPRUN TECH,ZXRKJ,MainBoard,中细软科技,2010-07-07,0000-00-00,Active,4000.0,,XHKG,CS,01020,01020_01.XHKG,,"09:31-12:00,13:01-16:00",2026-05-21,20260420,20260521,False
262,01653.XHKG,47976217.0,MOS HOUSE,MOSHOUSE,MainBoard,MOSHOUSE,2018-10-19,0000-00-00,Active,20000.0,,XHKG,CS,01653,01653_01.XHKG,,"09:31-12:00,13:01-16:00",2026-05-21,20260420,20260521,False
263,03302.XHKG,47324730.0,KINERGY,JJJT,MainBoard,精技集团,2018-07-18,0000-00-00,Active,2000.0,,XHKG,CS,03302,03302_01.XHKG,,"09:31-12:00,13:01-16:00",2026-05-21,20260420,20260521,False
264,00169.XHKG,46707986.0,WANDA HOTEL DEV,WDJDFZ,MainBoard,万达酒店发展,2002-06-04,0000-00-00,Active,1000.0,,XHKG,CS,00169,00169_01.XHKG,,"09:31-12:00,13:01-16:00",2026-05-21,20260420,20260521,False
265,01003.XHKG,46363992.0,HUANXI MEDIA,HXCM,MainBoard,欢喜传媒,1994-02-21,0000-00-00,Active,10000.0,,XHKG,CS,01003,01003_01.XHKG,,"09:31-12:00,13:01-16:00",2026-05-21,20260420,20260521,False
266,08637.XHKG,46248300.0,METASURFACE,YXKJ,GEM,元续科技,2024-07-02,0000-00-00,Active,1000.0,,XHKG,CS,08637,08637_01.XHKG,,"09:31-12:00,13:01-16:00",2026-05-21,20260420,20260521,False
267,00621.XHKG,45336771.0,TAUNG GOLD,TJKY,MainBoard,坛金矿业,1995-12-18,0000-00-00,Active,5000.0,,XHKG,CS,00621,00621_01.XHKG,,"09:31-12:00,13:01-16:00",2026-05-21,20260420,20260521,False
268,06933.XHKG,44935212.0,SINO-ENTERTAIN,XYKKG,MainBoard,新娱科控股,2020-07-15,0000-00-00,Active,2000.0,,XHKG,CS,06933,06933_01.XHKG,,"09:31-12:00,13:01-16:00",2026-05-21,20260420,20260521,False
269,00716.XHKG,44933586.0,SINGAMAS CONT,SSHG,MainBoard,胜狮货柜,1993-07-08,0000-00-00,Active,2000.0,,XHKG,CS,00716,00716_01.XHKG,,"09:31-12:00,13:01-16:00",2026-05-21,20260420,20260521,False
270,01631.XHKG,44437950.0,REF HOLDINGS,REFHOLDINGS,MainBoard,REFHOLDINGS,2017-06-20,0000-00-00,Active,5000.0,,XHKG,CS,01631,01631_01.XHKG,,"09:31-12:00,13:01-16:00",2026-05-21,20260420,20260521,False
271,00243.XHKG,43434765.0,QPL INT'L,QPLINTL,MainBoard,QPLINT'L,1987-01-20,0000-00-00,Active,9000.0,,XHKG,CS,00243,00243_01.XHKG,,"09:31-12:00,13:01-16:00",2026-05-21,20260420,20260521,False
272,00521.XHKG,43372913.0,CWT INT'L,CWTINTL,MainBoard,CWTINT'L,1988-12-23,0000-00-00,Active,10000.0,,XHKG,CS,00521,00521_01.XHKG,,"09:31-12:00,13:01-16:00",2026-05-21,20260420,20260521,False
273,02408.XHKG,43329455.0,XIAO NOODLES,YJXM,MainBoard,遇见小面,2025-12-05,0000-00-00,Active,500.0,,XHKG,CS,02408,02408_01.XHKG,,"09:31-12:00,13:01-16:00",2026-05-21,20260420,20260521,False
274,01571.XHKG,43250775.0,XIN POINT HOLD,XBKG,MainBoard,信邦控股,2017-06-28,0000-00-00,Active,1000.0,,XHKG,CS,01571,01571_01.XHKG,,"09:31-12:00,13:01-16:00",2026-05-21,20260420,20260521,False
275,83690.XHKG,41792700.0,MEITUAN-WR,MTWR,MainBoard,美团-WR,2023-06-19,0000-00-00,Active,100.0,,XHKG,CS,83690,83690_01.XHKG,,"09:31-12:00,13:01-16:00",2026-05-21,20260420,20260521,False
276,00838.XHKG,41748089.0,EVA HOLDINGS,YHKG,MainBoard,亿和控股,2005-05-11,0000-00-00,Active,2000.0,,XHKG,CS,00838,00838_01.XHKG,,"09:31-12:00,13:01-16:00",2026-05-21,20260420,20260521,False
277,06182.XHKG,41709904.0,TWINTEK,YDTZKG,MainBoard,乙德投资控股,2018-01-17,0000-00-00,Active,8000.0,,XHKG,CS,06182,06182_01.XHKG,,"09:31-12:00,13:01-16:00",2026-05-21,20260420,20260521,False
278,00030.XHKG,41297421.0,YNBY INTL,YBGJ,MainBoard,云白国际,1991-10-09,0000-00-00,Active,2000.0,,XHKG,CS,00030,00030_01.XHKG,,"09:31-12:00,13:01-16:00",2026-05-21,20260420,20260521,False
279,01228.XHKG,41294636.0,CANBRIDGE-B,BHKCB,MainBoard,北海康成-B,2021-12-10,0000-00-00,Active,1000.0,,XHKG,CS,01228,01228_02.XHKG,,"09:31-12:00,13:01-16:00",2026-05-21,20260420,20260521,False
280,00258.XHKG,40921398.0,TOMSON GROUP,TCJT,MainBoard,汤臣集团,1982-07-26,0000-00-00,Active,2000.0,,XHKG,CS,00258,00258_01.XHKG,,"09:31-12:00,13:01-16:00",2026-05-21,20260420,20260521,False
281,00664.XHKG,40914608.0,TONGSHIFU,TSF,MainBoard,铜师傅,2026-03-31,0000-00-00,Active,100.0,,XHKG,CS,00664,00664_01.XHKG,,"09:31-12:00,13:01-16:00",2026-05-21,20260420,20260521,False
282,00399.XHKG,40680867.0,STARCOIN GROUP,XTLJT,MainBoard,星太链集团,2000-08-23,0000-00-00,Active,5000.0,,XHKG,CS,00399,00399_01.XHKG,,"09:31-12:00,13:01-16:00",2026-05-21,20260420,20260521,False
283,02175.XHKG,40285850.0,CH GENERAL EDU,ZGTCJY,MainBoard,中国通才教育,2021-07-16,0000-00-00,Active,1000.0,,XHKG,CS,02175,02175_01.XHKG,,"09:31-12:00,13:01-16:00",2026-05-21,20260420,20260521,False
284,02399.XHKG,40173565.0,CN ANCHU ENERGY,ZGACNY,MainBoard,中国安储能源,2014-07-16,0000-00-00,Active,1000.0,,XHKG,CS,02399,02399_01.XHKG,,"09:31-12:00,13:01-16:00",2026-05-21,20260420,20260521,False
285,06063.XHKG,39839200.0,LOTUS HORIZON,ZZGJ,MainBoard,智中国际,2020-04-15,0000-00-00,Active,8000.0,,XHKG,CS,06063,06063_01.XHKG,,"09:31-12:00,13:01-16:00",2026-05-21,20260420,20260521,False
286,08017.XHKG,39494161.0,TRADEGO,JLJYB,GEM,捷利交易宝,2018-09-28,0000-00-00,Active,4000.0,,XHKG,CS,08017,08017_02.XHKG,,"09:31-12:00,13:01-16:00",2026-05-21,20260420,20260521,False
287,02543.XHKG,39295368.0,DAHON TECH,DHKG,MainBoard,大行科工,2025-09-09,0000-00-00,Active,100.0,,XHKG,CS,02543,02543_01.XHKG,,"09:31-12:00,13:01-16:00",2026-05-21,20260420,20260521,False
288,01676.XHKG,39159868.0,GAODI HOLDINGS,GDGF,MainBoard,高地股份,2017-07-18,0000-00-00,Active,4000.0,,XHKG,CS,01676,01676_01.XHKG,,"09:31-12:00,13:01-16:00",2026-05-21,20260420,20260521,False
289,02621.XHKG,39098751.0,SHOUHUI GROUP,SHJT,MainBoard,手回集团,2025-05-30,0000-00-00,Active,400.0,,XHKG,CS,02621,02621_01.XHKG,,"09:31-12:00,13:01-16:00",2026-05-21,20260420,20260521,False
290,00660.XHKG,38987666.0,WAI CHUN BIOTEC,WJSWKJ,MainBoard,玮俊生物科技,1993-02-05,0000-00-00,Active,20000.0,,XHKG,CS,00660,00660_01.XHKG,,"09:31-12:00,13:01-16:00",2026-05-21,20260420,20260521,False
291,06628.XHKG,38826035.0,TRANSCENTA-B,CSJTYYB,MainBoard,创胜集团医药-B,2021-09-29,0000-00-00,Active,500.0,,XHKG,CS,06628,06628_01.XHKG,,"09:31-12:00,13:01-16:00",2026-05-21,20260420,20260521,False
292,01592.XHKG,38606321.0,ANCHORSTONE,JSKG,MainBoard,基石控股,2018-07-04,0000-00-00,Active,10000.0,,XHKG,CS,01592,01592_01.XHKG,,"09:31-12:00,13:01-16:00",2026-05-21,20260420,20260521,False
293,06083.XHKG,38587100.0,WORLD-LINK LOG,HYWLYZ,MainBoard,环宇物流(亚洲),2017-11-15,0000-00-00,Active,4000.0,,XHKG,CS,06083,06083_01.XHKG,,"09:31-12:00,13:01-16:00",2026-05-21,20260420,20260521,False
294,08391.XHKG,38583880.0,CORNERSTONE TEC,JSKJKG,GEM,基石科技控股,2018-05-11,0000-00-00,Active,4000.0,,XHKG,CS,08391,08391_01.XHKG,,"09:31-12:00,13:01-16:00",2026-05-21,20260420,20260521,False
295,00464.XHKG,38501740.0,CHINA IN-TECH,ZGZNKJ,MainBoard,中国智能科技,2005-06-16,0000-00-00,Active,4000.0,,XHKG,CS,00464,00464_01.XHKG,,"09:31-12:00,13:01-16:00",2026-05-21,20260420,20260521,False
296,08540.XHKG,38461585.0,VICTORY SEC,SLZQ,GEM,胜利证券,2018-07-16,0000-00-00,Active,1000.0,,XHKG,CS,08540,08540_01.XHKG,,"09:31-12:00,13:01-16:00",2026-05-21,20260420,20260521,False
297,06117.XHKG,38307960.0,RIZHAO PORT JR,RZGYL,MainBoard,日照港裕廊,2019-06-19,0000-00-00,Active,2000.0,,XHKG,CS,06117,06117_01.XHKG,,"09:31-12:00,13:01-16:00",2026-05-21,20260420,20260521,False
298,01943.XHKG,37655000.0,KING'S STONE,JSKGJT,MainBoard,金石控股集团,2019-06-28,0000-00-00,Active,5000.0,,XHKG,CS,01943,01943_01.XHKG,,"09:31-12:00,13:01-16:00",2026-05-21,20260420,20260521,False
299,81211.XHKG,37531175.0,BYD COMPANY-R,BYDGFR,MainBoard,比亚迪股份-R,2023-06-19,0000-00-00,Active,100.0,002594.XSHE,XHKG,CS,81211,81211_01.XHKG,,"09:31-12:00,13:01-16:00",2026-05-21,20260420,20260521,False
300,89888.XHKG,37529790.0,BIDU-SWR,BDJTSWR,MainBoard,百度集团-SWR,2023-06-19,0000-00-00,Active,50.0,,XHKG,CS,89888,89888_01.XHKG,,"09:31-12:00,13:01-16:00",2026-05-21,20260420,20260521,False
301,00527.XHKG,37181000.0,RUIFENG RENEW,RFXNY,MainBoard,瑞风新能源,2006-06-09,0000-00-00,Active,12000.0,,XHKG,CS,00527,00527_01.XHKG,,"09:31-12:00,13:01-16:00",2026-05-21,20260420,20260521,False
302,02219.XHKG,37044395.0,CHAOJU EYE CARE,CJYK,MainBoard,朝聚眼科,2021-07-07,0000-00-00,Active,500.0,,XHKG,CS,02219,02219_01.XHKG,,"09:31-12:00,13:01-16:00",2026-05-21,20260420,20260521,False
303,02360.XHKG,36484356.0,BEST MART 360,YP360,MainBoard,优品360,2019-01-11,0000-00-00,Active,2000.0,,XHKG,CS,02360,02360_01.XHKG,,"09:31-12:00,13:01-16:00",2026-05-21,20260420,20260521,False
304,01696.XHKG,36324353.0,SISRAM MED,FRYLKJ,MainBoard,复锐医疗科技,2017-09-19,0000-00-00,Active,400.0,,XHKG,CS,01696,01696_01.XHKG,,"09:31-12:00,13:01-16:00",2026-05-21,20260420,20260521,False
305,03839.XHKG,35861127.0,CT ENTERPRISE,ZDQYGJ,MainBoard,正大企业国际,2015-07-03,0000-00-00,Active,500.0,,XHKG,CS,03839,03839_01.XHKG,,"09:31-12:00,13:01-16:00",2026-05-21,20260420,20260521,False
306,08095.XHKG,35826610.0,BEIDA JADE BIRD,BDQNHY,GEM,北大青鸟环宇,2000-07-27,0000-00-00,Active,1000.0,,XHKG,CS,08095,08095_01.XHKG,,"09:31-12:00,13:01-16:00",2026-05-21,20260420,20260521,False
307,00616.XHKG,35822576.0,ASSET CHAIN,CFL,MainBoard,财富链,1991-09-16,0000-00-00,Active,5000.0,,XHKG,CS,00616,00616_01.XHKG,,"09:31-12:00,13:01-16:00",2026-05-21,20260420,20260521,False
308,02178.XHKG,35820870.0,PETRO-KING,BQYF,MainBoard,百勤油服,2013-03-06,0000-00-00,Active,1000.0,,XHKG,CS,02178,02178_01.XHKG,,"09:31-12:00,13:01-16:00",2026-05-21,20260420,20260521,False
309,08188.XHKG,35693299.0,GME GROUP,JJJTKG,GEM,骏杰集团控股,2017-02-22,0000-00-00,Active,4000.0,,XHKG,CS,08188,08188_02.XHKG,,"09:31-12:00,13:01-16:00",2026-05-21,20260420,20260521,False
310,01425.XHKG,35323302.0,JUSTIN ALLEN H,JLKG,MainBoard,捷隆控股,2019-11-28,0000-00-00,Active,5000.0,,XHKG,CS,01425,01425_01.XHKG,,"09:31-12:00,13:01-16:00",2026-05-21,20260420,20260521,False
311,06058.XHKG,35056465.0,CISI FIN,XZGJ,MainBoard,兴证国际,2019-01-03,0000-00-00,Active,2000.0,,XHKG,CS,06058,06058_01.XHKG,,"09:31-12:00,13:01-16:00",2026-05-21,20260420,20260521,False
312,01166.XHKG,34695529.0,SOLARTECH INT'L,XKKG,MainBoard,星凯控股,1996-12-12,0000-00-00,Active,10000.0,,XHKG,CS,01166,01166_01.XHKG,,"09:31-12:00,13:01-16:00",2026-05-21,20260420,20260521,False
313,00752.XHKG,34456616.0,PICO FAR EAST,PICOFAREAST,MainBoard,PICOFAREAST,1992-09-28,0000-00-00,Active,2000.0,,XHKG,CS,00752,00752_01.XHKG,,"09:31-12:00,13:01-16:00",2026-05-21,20260420,20260521,False
314,00887.XHKG,34428456.0,EMPEROR WATCH&J,YHZBZB,MainBoard,英皇钟表珠宝,2008-07-21,0000-00-00,Active,10000.0,,XHKG,CS,00887,00887_01.XHKG,,"09:31-12:00,13:01-16:00",2026-05-21,20260420,20260521,False
315,01280.XHKG,34352903.0,QIDIAN GUOFENG,QDGF,MainBoard,奇点国峰,2010-03-25,0000-00-00,Active,2000.0,,XHKG,CS,01280,01280_01.XHKG,,"09:31-12:00,13:01-16:00",2026-05-21,20260420,20260521,False
316,01520.XHKG,34344769.0,VIRTUAL MIND,TJKG,MainBoard,天机控股,2015-06-01,0000-00-00,Active,6000.0,,XHKG,CS,01520,01520_01.XHKG,,"09:31-12:00,13:01-16:00",2026-05-21,20260420,20260521,False
317,00301.XHKG,34287854.0,SANVO CHEMICALS,SHJH,MainBoard,三和精化,2020-01-16,0000-00-00,Active,2000.0,,XHKG,CS,00301,00301_02.XHKG,,"09:31-12:00,13:01-16:00",2026-05-21,20260420,20260521,False
318,01599.XHKG,34006430.0,UCD,CJSJ,MainBoard,城建设计,2014-07-08,0000-00-00,Active,1000.0,,XHKG,CS,01599,01599_01.XHKG,,"09:31-12:00,13:01-16:00",2026-05-21,20260420,20260521,False
319,01920.XHKG,33772444.0,CHINA WACAN,ZGWC,MainBoard,中国网成,2019-08-16,0000-00-00,Active,10000.0,,XHKG,CS,01920,01920_01.XHKG,,"09:31-12:00,13:01-16:00",2026-05-21,20260420,20260521,False
320,06136.XHKG,33485010.0,KANGDA ENV,KDHB,MainBoard,康达环保,2014-07-04,0000-00-00,Active,1000.0,,XHKG,CS,06136,06136_01.XHKG,,"09:31-12:00,13:01-16:00",2026-05-21,20260420,20260521,False
321,02209.XHKG,33363087.0,YESASIA HLDGS,ZLKG,MainBoard,喆丽控股,2021-07-09,0000-00-00,Active,1000.0,,XHKG,CS,02209,02209_01.XHKG,,"09:31-12:00,13:01-16:00",2026-05-21,20260420,20260521,False
322,01473.XHKG,33116100.0,PANGAEA CONNECT,HLLX,MainBoard,环联连讯,2021-02-19,0000-00-00,Active,4000.0,,XHKG,CS,01473,01473_01.XHKG,,"09:31-12:00,13:01-16:00",2026-05-21,20260420,20260521,False
323,02519.XHKG,33062916.0,AUGROUP,AJGF,MainBoard,傲基股份,2024-11-08,0000-00-00,Active,300.0,,XHKG,CS,02519,02519_01.XHKG,,"09:31-12:00,13:01-16:00",2026-05-21,20260420,20260521,False
324,82388.XHKG,32683200.0,BOC HONG KONG-R,ZYXGR,MainBoard,中银香港-R,2023-06-19,0000-00-00,Active,500.0,,XHKG,CS,82388,82388_01.XHKG,,"09:31-12:00,13:01-16:00",2026-05-21,20260420,20260521,False
325,02438.XHKG,32592028.0,MOBVOI,CMWW,MainBoard,出门问问,2024-04-24,0000-00-00,Active,1000.0,,XHKG,CS,02438,02438_01.XHKG,,"09:31-12:00,13:01-16:00",2026-05-21,20260420,20260521,False
326,06980.XHKG,32251066.0,BAMA TEA,BMCY,MainBoard,八马茶业,2025-10-28,0000-00-00,Active,100.0,,XHKG,CS,06980,06980_01.XHKG,,"09:31-12:00,13:01-16:00",2026-05-21,20260420,20260521,False
327,00776.XHKG,32108605.0,IMPERIUM TEC GP,DGKJJT,MainBoard,帝国科技集团,2008-09-10,0000-00-00,Active,500.0,,XHKG,CS,00776,00776_01.XHKG,,"09:31-12:00,13:01-16:00",2026-05-21,20260420,20260521,False
328,03848.XHKG,32009030.0,HAOSEN FINTECH,HSJRKJ,MainBoard,浩森金融科技,2017-07-21,0000-00-00,Active,1000.0,,XHKG,CS,03848,03848_01.XHKG,,"09:31-12:00,13:01-16:00",2026-05-21,20260420,20260521,False
329,81024.XHKG,31926136.0,KUAISHOU-WR,KSWR,MainBoard,快手-WR,2023-06-19,0000-00-00,Active,100.0,,XHKG,CS,81024,81024_01.XHKG,,"09:31-12:00,13:01-16:00",2026-05-21,20260420,20260521,False
330,00532.XHKG,31777548.0,WKK INTL (HOLD),WKKINTLHOLD,MainBoard,WKKINTL(HOLD),1989-07-10,0000-00-00,Active,2000.0,,XHKG,CS,00532,00532_01.XHKG,,"09:31-12:00,13:01-16:00",2026-05-21,20260420,20260521,False
331,09889.XHKG,30849833.0,DRCB,DGNSYH,MainBoard,东莞农商银行,2021-09-29,0000-00-00,Active,1000.0,,XHKG,CS,09889,09889_01.XHKG,,"09:31-12:00,13:01-16:00",2026-05-21,20260420,20260521,False
332,08196.XHKG,30655056.0,FUTIAN HOLDINGS,FTGF,GEM,福田股份,2015-12-09,0000-00-00,Active,8000.0,,XHKG,CS,08196,08196_02.XHKG,,"09:31-12:00,13:01-16:00",2026-05-21,20260420,20260521,False
333,01413.XHKG,30535947.0,FEG HOLDINGS,ZDKG,MainBoard,铸帝控股,2021-03-11,0000-00-00,Active,7000.0,,XHKG,CS,01413,01413_01.XHKG,,"09:31-12:00,13:01-16:00",2026-05-21,20260420,20260521,False
334,01358.XHKG,30451170.0,PW MEDTECH,PHHS,MainBoard,普华和顺,2013-11-08,0000-00-00,Active,1000.0,,XHKG,CS,01358,01358_01.XHKG,,"09:31-12:00,13:01-16:00",2026-05-21,20260420,20260521,False
335,02439.XHKG,30185260.0,CH TREASURES NM,ZBXC,MainBoard,中宝新材,2023-03-31,0000-00-00,Active,2000.0,,XHKG,CS,02439,02439_01.XHKG,,"09:31-12:00,13:01-16:00",2026-05-21,20260420,20260521,False
336,08029.XHKG,30038434.0,CI FIN TECH GP,ZTJRKJJT,GEM,中投金融科技集团,2000-12-14,0000-00-00,Active,5000.0,,XHKG,CS,08029,08029_01.XHKG,,"09:31-12:00,13:01-16:00",2026-05-21,20260420,20260521,False
337,03660.XHKG,29935222.0,QFIN-S,QFKJS,MainBoard,奇富科技-S,2022-11-29,0000-00-00,Active,50.0,,XHKG,CS,03660,03660_01.XHKG,,"09:31-12:00,13:01-16:00",2026-05-21,20260420,20260521,False
338,02306.XHKG,29617686.0,YH ENT,YHYL,MainBoard,乐华娱乐,2023-01-19,0000-00-00,Active,3000.0,,XHKG,CS,02306,02306_01.XHKG,,"09:31-12:00,13:01-16:00",2026-05-21,20260420,20260521,False
339,00050.XHKG,29583805.0,HK FERRY (HOLD),XGXLJT,MainBoard,香港小轮(集团),1921-01-01,0000-00-00,Active,1000.0,,XHKG,CS,00050,00050_01.XHKG,,"09:31-12:00,13:01-16:00",2026-05-21,20260420,20260521,False
340,00167.XHKG,29249297.0,IDT INT'L,IDTINTL,MainBoard,IDTINT'L,1988-10-21,0000-00-00,Active,18000.0,,XHKG,CS,00167,00167_01.XHKG,,"09:31-12:00,13:01-16:00",2026-05-21,20260420,20260521,False
341,03997.XHKG,29136370.0,TSO,DXSK,MainBoard,电讯首科,2018-03-27,0000-00-00,Active,2000.0,,XHKG,CS,03997,03997_01.XHKG,,"09:31-12:00,13:01-16:00",2026-05-21,20260420,20260521,False
342,01152.XHKG,29081008.0,MOMENTUM FIN,ZQJRKG,MainBoard,正乾金融控股,2011-10-28,0000-00-00,Active,2000.0,,XHKG,CS,01152,01152_01.XHKG,,"09:31-12:00,13:01-16:00",2026-05-21,20260420,20260521,False
343,00318.XHKG,28944140.0,VONGROUP,HHSY,MainBoard,黄河实业,2001-10-09,0000-00-00,Active,5000.0,,XHKG,CS,00318,00318_01.XHKG,,"09:31-12:00,13:01-16:00",2026-05-21,20260420,20260521,False
344,01328.XHKG,28735272.0,GOLDSTREAM INV,JYTZ,MainBoard,金涌投资,2009-05-25,0000-00-00,Active,1000.0,,XHKG,CS,01328,01328_01.XHKG,,"09:31-12:00,13:01-16:00",2026-05-21,20260420,20260521,False
345,00398.XHKG,28720299.0,ORIENTAL WATCH,DFBHJT,MainBoard,东方表行集团,1993-10-12,0000-00-00,Active,2000.0,,XHKG,CS,00398,00398_01.XHKG,,"09:31-12:00,13:01-16:00",2026-05-21,20260420,20260521,False
346,02139.XHKG,28656900.0,BANK OF GANSU,GSYH,MainBoard,甘肃银行,2018-01-18,0000-00-00,Active,1000.0,,XHKG,CS,02139,02139_01.XHKG,,"09:31-12:00,13:01-16:00",2026-05-21,20260420,20260521,False
347,08137.XHKG,28561860.0,HONBRIDGE,HQJT,GEM,洪桥集团,2002-01-08,0000-00-00,Active,2000.0,,XHKG,CS,08137,08137_01.XHKG,,"09:31-12:00,13:01-16:00",2026-05-21,20260420,20260521,False
348,06896.XHKG,28365579.0,GOLDEN THROAT,JSZ,MainBoard,金嗓子,2015-07-15,0000-00-00,Active,500.0,,XHKG,CS,06896,06896_01.XHKG,,"09:31-12:00,13:01-16:00",2026-05-21,20260420,20260521,False
349,02235.XHKG,28275829.0,MICROTECH MED-B,WTYLB,MainBoard,微泰医疗-B,2021-10-19,0000-00-00,Active,100.0,,XHKG,CS,02235,02235_01.XHKG,,"09:31-12:00,13:01-16:00",2026-05-21,20260420,20260521,False
350,02592.XHKG,28191065.0,CLOUDBREAK-B,BKSYB,MainBoard,拨康视云-B,2025-07-03,0000-00-00,Active,500.0,,XHKG,CS,02592,02592_01.XHKG,,"09:31-12:00,13:01-16:00",2026-05-21,20260420,20260521,False
351,06622.XHKG,28127272.0,ZHAOKE OPHTH-B,ZKYKB,MainBoard,兆科眼科-B,2021-04-29,0000-00-00,Active,500.0,,XHKG,CS,06622,06622_01.XHKG,,"09:31-12:00,13:01-16:00",2026-05-21,20260420,20260521,False
352,08305.XHKG,28024280.0,ST HLDGS,STKG,GEM,圣唐控股,2018-07-04,0000-00-00,Active,10000.0,,XHKG,CS,08305,08305_03.XHKG,,"09:31-12:00,13:01-16:00",2026-05-21,20260420,20260521,False
353,08603.XHKG,27907330.0,FAMEGLOW,LQKG,GEM,亮晴控股,2018-10-15,0000-00-00,Active,1000.0,,XHKG,CS,08603,08603_01.XHKG,,"09:31-12:00,13:01-16:00",2026-05-21,20260420,20260521,False
354,00433.XHKG,27505254.0,NORTH MINING,BFKY,MainBoard,北方矿业,1995-10-12,0000-00-00,Active,10000.0,,XHKG,CS,00433,00433_01.XHKG,,"09:31-12:00,13:01-16:00",2026-05-21,20260420,20260521,False
355,02422.XHKG,27500220.0,REGO INTERACT,RGHD,MainBoard,润歌互动,2022-10-17,0000-00-00,Active,4000.0,,XHKG,CS,02422,02422_01.XHKG,,"09:31-12:00,13:01-16:00",2026-05-21,20260420,20260521,False
356,01410.XHKG,27421600.0,EDVANCE INTL,ALGJ,MainBoard,安领国际,2019-12-24,0000-00-00,Active,10000.0,,XHKG,CS,01410,01410_01.XHKG,,"09:31-12:00,13:01-16:00",2026-05-21,20260420,20260521,False
357,00611.XHKG,27394070.0,CNE TECH CORP,ZGHNKJ,MainBoard,中国核能科技,1993-02-12,0000-00-00,Active,2000.0,,XHKG,CS,00611,00611_01.XHKG,,"09:31-12:00,13:01-16:00",2026-05-21,20260420,20260521,False
358,00807.XHKG,27281420.0,SIICENVIRONMENT,SHSYHJ,MainBoard,上海实业环境,2018-03-23,0000-00-00,Active,1000.0,,XHKG,CS,00807,00807_01.XHKG,,"09:31-12:00,13:01-16:00",2026-05-21,20260420,20260521,False
359,06908.XHKG,26840635.0,HG SEMI,HGBDT,MainBoard,宏光半导体,2019-11-13,0000-00-00,Active,5000.0,,XHKG,CS,06908,06908_01.XHKG,,"09:31-12:00,13:01-16:00",2026-05-21,20260420,20260521,False
360,02385.XHKG,26680212.0,READBOY,DSL,MainBoard,读书郎,2022-07-12,0000-00-00,Active,400.0,,XHKG,CS,02385,02385_01.XHKG,,"09:31-12:00,13:01-16:00",2026-05-21,20260420,20260521,False
361,01180.XHKG,26435432.0,PARADISE ENT,HCKG,MainBoard,汇彩控股,1997-01-20,0000-00-00,Active,4000.0,,XHKG,CS,01180,01180_01.XHKG,,"09:31-12:00,13:01-16:00",2026-05-21,20260420,20260521,False
362,00334.XHKG,26407156.0,CH DISPLAY OPT,HXGD,MainBoard,华显光电,1997-06-18,0000-00-00,Active,8000.0,,XHKG,CS,00334,00334_01.XHKG,,"09:31-12:00,13:01-16:00",2026-05-21,20260420,20260521,False
363,01184.XHKG,26385046.0,S.A.S. DRAGON,SASDRAGON,MainBoard,S.A.S.DRAGON,1994-10-17,0000-00-00,Active,2000.0,,XHKG,CS,01184,01184_01.XHKG,,"09:31-12:00,13:01-16:00",2026-05-21,20260420,20260521,False
364,00373.XHKG,26076911.0,ALLIED GROUP,LHJT,MainBoard,联合集团,1973-01-12,0000-00-00,Active,2000.0,,XHKG,CS,00373,00373_01.XHKG,,"09:31-12:00,13:01-16:00",2026-05-21,20260420,20260521,False
365,02720.XHKG,25833282.0,RIDGE OUTDOOR,LXHW,MainBoard,乐欣户外,2026-02-10,0000-00-00,Active,500.0,,XHKG,CS,02720,02720_01.XHKG,,"09:31-12:00,13:01-16:00",2026-05-21,20260420,20260521,False
366,08187.XHKG,25782235.0,JIMU GROUP,JMJT,GEM,积木集团,2016-05-30,0000-00-00,Active,5000.0,,XHKG,CS,08187,08187_01.XHKG,,"09:31-12:00,13:01-16:00",2026-05-21,20260420,20260521,False
367,02100.XHKG,25704730.0,BAIOO,BAJTHD,MainBoard,百奥家庭互动,2014-04-10,0000-00-00,Active,2000.0,,XHKG,CS,02100,02100_01.XHKG,,"09:31-12:00,13:01-16:00",2026-05-21,20260420,20260521,False
368,08220.XHKG,25622340.0,BINGO GROUP,BGJT,GEM,比高集团,2002-11-12,0000-00-00,Active,1000.0,,XHKG,CS,08220,08220_01.XHKG,,"09:31-12:00,13:01-16:00",2026-05-21,20260420,20260521,False
369,01906.XHKG,25459750.0,BONNY HLDG,BNKG,MainBoard,博尼控股,2019-04-26,0000-00-00,Active,10000.0,,XHKG,CS,01906,01906_01.XHKG,,"09:31-12:00,13:01-16:00",2026-05-21,20260420,20260521,False
370,01751.XHKG,25252910.0,AI ENERGY ENG,ZSNJ,MainBoard,智算能建,2018-06-12,0000-00-00,Active,10000.0,,XHKG,CS,01751,01751_01.XHKG,,"09:31-12:00,13:01-16:00",2026-05-21,20260420,20260521,False
371,08239.XHKG,25036661.0,CAPITAL FIN,SDJRKG,GEM,首都金融控股,2002-11-15,0000-00-00,Active,10000.0,,XHKG,CS,08239,08239_01.XHKG,,"09:31-12:00,13:01-16:00",2026-05-21,20260420,20260521,False
372,00987.XHKG,25035975.0,CH RENEW EN INV,ZGZSNYTZ,MainBoard,中国再生能源投资,1994-01-27,0000-00-00,Active,2000.0,,XHKG,CS,00987,00987_01.XHKG,,"09:31-12:00,13:01-16:00",2026-05-21,20260420,20260521,False
373,01932.XHKG,24904210.0,CPM GROUP,ZQJT,MainBoard,中漆集团,2017-07-10,0000-00-00,Active,4000.0,,XHKG,CS,01932,01932_01.XHKG,,"09:31-12:00,13:01-16:00",2026-05-21,20260420,20260521,False
374,00875.XHKG,24880505.0,CONGYU INTE AGR,CYZN,MainBoard,从玉智农,1998-07-03,0000-00-00,Active,2000.0,,XHKG,CS,00875,00875_01.XHKG,,"09:31-12:00,13:01-16:00",2026-05-21,20260420,20260521,False
375,00653.XHKG,24765944.0,BONJOUR HOLD,ZYKG,MainBoard,卓悦控股,2003-07-16,0000-00-00,Active,12000.0,,XHKG,CS,00653,00653_01.XHKG,,"09:31-12:00,13:01-16:00",2026-05-21,20260420,20260521,False
376,00254.XHKG,24169458.0,NUR HOLDINGS,GJLHZY,MainBoard,国家联合资源,1972-11-16,0000-00-00,Active,20000.0,,XHKG,CS,00254,00254_01.XHKG,,"09:31-12:00,13:01-16:00",2026-05-21,20260420,20260521,False
377,01679.XHKG,24078824.0,RISECOMM GP,RSKJT,MainBoard,瑞斯康集团,2017-06-09,0000-00-00,Active,5000.0,,XHKG,CS,01679,01679_01.XHKG,,"09:31-12:00,13:01-16:00",2026-05-21,20260420,20260521,False
378,01483.XHKG,24071160.0,NET-A-GO TECH,WYKJ,MainBoard,网誉科技,2015-08-31,0000-00-00,Active,2000.0,,XHKG,CS,01483,01483_01.XHKG,,"09:31-12:00,13:01-16:00",2026-05-21,20260420,20260521,False
379,01061.XHKG,23645465.0,ESSEX BIO-TECH,YSSWKJ,MainBoard,亿胜生物科技,2011-06-23,0000-00-00,Active,1000.0,,XHKG,CS,01061,01061_01.XHKG,,"09:31-12:00,13:01-16:00",2026-05-21,20260420,20260521,False
380,01489.XHKG,23556600.0,GC CONSTRUCTION,GCCONSTRUCTION,MainBoard,GCCONSTRUCTION,2022-10-10,0000-00-00,Active,5000.0,,XHKG,CS,01489,01489_01.XHKG,,"09:31-12:00,13:01-16:00",2026-05-21,20260420,20260521,False
381,89618.XHKG,23271905.0,JD-SWR,JDJTSWR,MainBoard,京东集团-SWR,2023-06-19,0000-00-00,Active,50.0,,XHKG,CS,89618,89618_01.XHKG,,"09:31-12:00,13:01-16:00",2026-05-21,20260420,20260521,False
382,01899.XHKG,23118310.0,XINGDA INT'L,XDGJ,MainBoard,兴达国际,2006-12-21,0000-00-00,Active,1000.0,,XHKG,CS,01899,01899_01.XHKG,,"09:31-12:00,13:01-16:00",2026-05-21,20260420,20260521,False
383,08162.XHKG,23014600.0,LOCO HK,GYKG,GEM,港银控股,2014-08-05,0000-00-00,Active,10000.0,,XHKG,CS,08162,08162_02.XHKG,,"09:31-12:00,13:01-16:00",2026-05-21,20260420,20260521,False
384,08350.XHKG,22908889.0,WELL LINK SEC,LQZQKG,GEM,立桥证券控股,2018-01-12,0000-00-00,Active,8000.0,,XHKG,CS,08350,08350_01.XHKG,,"09:31-12:00,13:01-16:00",2026-05-21,20260420,20260521,False
385,00029.XHKG,22707625.0,DYNAMIC HOLD,DLJT,MainBoard,达力集团,1980-01-04,0000-00-00,Active,2000.0,,XHKG,CS,00029,00029_01.XHKG,,"09:31-12:00,13:01-16:00",2026-05-21,20260420,20260521,False
386,01682.XHKG,22488956.0,HP LIVING TECH,HPSHKJ,MainBoard,杭品生活科技,2010-10-05,0000-00-00,Active,4000.0,,XHKG,CS,01682,01682_01.XHKG,,"09:31-12:00,13:01-16:00",2026-05-21,20260420,20260521,False
387,00882.XHKG,22416400.0,TIANJIN DEV,TJFZ,MainBoard,天津发展,1997-12-10,0000-00-00,Active,2000.0,,XHKG,CS,00882,00882_01.XHKG,,"09:31-12:00,13:01-16:00",2026-05-21,20260420,20260521,False
388,00746.XHKG,22379840.0,L & M CHEMICAL,LWHG,MainBoard,理文化工,2002-01-16,0000-00-00,Active,2000.0,,XHKG,CS,00746,00746_01.XHKG,,"09:31-12:00,13:01-16:00",2026-05-21,20260420,20260521,False
389,01870.XHKG,22010170.0,ACME INTL HLDGS,YMGJKG,MainBoard,益美国际控股,2019-11-08,0000-00-00,Active,2500.0,,XHKG,CS,01870,01870_01.XHKG,,"09:31-12:00,13:01-16:00",2026-05-21,20260420,20260521,False
390,06805.XHKG,21977340.0,KIMOU ENVIRON,JMYHB,MainBoard,金茂源环保,2019-07-16,0000-00-00,Active,2000.0,,XHKG,CS,06805,06805_01.XHKG,,"09:31-12:00,13:01-16:00",2026-05-21,20260420,20260521,False
391,00567.XHKG,21764634.0,DAISHOMICROLINE,DCWXJT,MainBoard,大昌微线集团,1990-01-31,0000-00-00,Active,20000.0,,XHKG,CS,00567,00567_01.XHKG,,"09:31-12:00,13:01-16:00",2026-05-21,20260420,20260521,False
392,01703.XHKG,21564173.0,EASYHOLD GROUP,YHGFX,MainBoard,谊和股份(新),2019-02-15,0000-00-00,Active,5000.0,,XHKG,CS,01703,01703_01.XHKG,,"09:31-12:00,13:01-16:00",2026-05-21,20260420,20260521,False
393,01147.XHKG,21502775.0,EDENSOFT,YDRJ,MainBoard,伊登软件,2020-05-13,0000-00-00,Active,10000.0,,XHKG,CS,01147,01147_01.XHKG,,"09:31-12:00,13:01-16:00",2026-05-21,20260420,20260521,False
394,00536.XHKG,21314861.0,TRADELINK,MYT,MainBoard,贸易通,2005-10-28,0000-00-00,Active,2000.0,,XHKG,CS,00536,00536_01.XHKG,,"09:31-12:00,13:01-16:00",2026-05-21,20260420,20260521,False
395,01986.XHKG,21273474.0,TSAKER NE,CKXNY,MainBoard,彩客新能源,2015-07-03,0000-00-00,Active,500.0,,XHKG,CS,01986,01986_01.XHKG,,"09:31-12:00,13:01-16:00",2026-05-21,20260420,20260521,False
396,00382.XHKG,21240874.0,EDVANTAGE GROUP,ZHJT,MainBoard,中汇集团,2019-07-16,0000-00-00,Active,2000.0,,XHKG,CS,00382,00382_02.XHKG,,"09:31-12:00,13:01-16:00",2026-05-21,20260420,20260521,False
397,08007.XHKG,21124195.0,GLOBALSTRAT,HQZLJT,GEM,环球战略集团,2000-04-17,0000-00-00,Active,10000.0,,XHKG,CS,08007,08007_01.XHKG,,"09:31-12:00,13:01-16:00",2026-05-21,20260420,20260521,False
398,01380.XHKG,20951473.0,CHI KINGSTONE,ZGJS,MainBoard,中国金石,2011-03-18,0000-00-00,Active,10000.0,,XHKG,CS,01380,01380_01.XHKG,,"09:31-12:00,13:01-16:00",2026-05-21,20260420,20260521,False
399,03991.XHKG,20780317.0,CHANGHONG JH,CHJH,MainBoard,长虹佳华,2020-03-18,0000-00-00,Active,2000.0,,XHKG,CS,03991,03991_01.XHKG,,"09:31-12:00,13:01-16:00",2026-05-21,20260420,20260521,False
400,00655.XHKG,20770325.0,HK CHINESE LTD,XGHRYXGS,MainBoard,香港华人有限公司,1992-10-12,0000-00-00,Active,2000.0,,XHKG,CS,00655,00655_01.XHKG,,"09:31-12:00,13:01-16:00",2026-05-21,20260420,20260521,False
401,01723.XHKG,20756287.0,MOON INC,HYKG,MainBoard,恒月控股,2018-09-27,0000-00-00,Active,2000.0,,XHKG,CS,01723,01723_01.XHKG,,"09:31-12:00,13:01-16:00",2026-05-21,20260420,20260521,False
402,00305.XHKG,20548622.0,WULING MOTORS,WLQC,MainBoard,五菱汽车,1992-11-23,0000-00-00,Active,10000.0,,XHKG,CS,00305,00305_01.XHKG,,"09:31-12:00,13:01-16:00",2026-05-21,20260420,20260521,False
403,02540.XHKG,20348426.0,LESI GROUP,LSJT,MainBoard,乐思集团,2024-03-08,0000-00-00,Active,2500.0,,XHKG,CS,02540,02540_01.XHKG,,"09:31-12:00,13:01-16:00",2026-05-21,20260420,20260521,False
404,02265.XHKG,20282000.0,HC ENV TECH,HCHBKJ,MainBoard,鸿承环保科技,2021-11-12,0000-00-00,Active,5000.0,,XHKG,CS,02265,02265_01.XHKG,,"09:31-12:00,13:01-16:00",2026-05-21,20260420,20260521,False
405,08450.XHKG,20280669.0,EDICO HOLDINGS,JJKG,GEM,钜京控股,2018-02-02,0000-00-00,Active,10000.0,,XHKG,CS,08450,08450_01.XHKG,,"09:31-12:00,13:01-16:00",2026-05-21,20260420,20260521,False
406,00833.XHKG,20095365.0,ALLTRONICS,HX,MainBoard,华讯,2005-07-15,0000-00-00,Active,4000.0,,XHKG,CS,00833,00833_01.XHKG,,"09:31-12:00,13:01-16:00",2026-05-21,20260420,20260521,False
407,01894.XHKG,19965712.0,HANG YICK HLDGS,HYKG,MainBoard,恒益控股,2018-10-12,0000-00-00,Active,5000.0,,XHKG,CS,01894,01894_01.XHKG,,"09:31-12:00,13:01-16:00",2026-05-21,20260420,20260521,False
408,01733.XHKG,19832209.0,E-COMMODITIES,YDZ,MainBoard,易大宗,2010-10-11,0000-00-00,Active,2000.0,,XHKG,CS,01733,01733_01.XHKG,,"09:31-12:00,13:01-16:00",2026-05-21,20260420,20260521,False
409,02559.XHKG,19813559.0,DIDA INC,DDCX,MainBoard,嘀嗒出行,2024-06-28,0000-00-00,Active,500.0,,XHKG,CS,02559,02559_01.XHKG,,"09:31-12:00,13:01-16:00",2026-05-21,20260420,20260521,False
410,08527.XHKG,19665600.0,JLOGO HLDGS,JLBKG,GEM,聚利宝控股,2018-05-09,0000-00-00,Active,5000.0,,XHKG,CS,08527,08527_01.XHKG,,"09:31-12:00,13:01-16:00",2026-05-21,20260420,20260521,False
411,02161.XHKG,19541045.0,JBM HEALTHCARE,JBMM,MainBoard,健倍苗苗,2021-02-05,0000-00-00,Active,2000.0,,XHKG,CS,02161,02161_01.XHKG,,"09:31-12:00,13:01-16:00",2026-05-21,20260420,20260521,False
412,00556.XHKG,19305485.0,PAN ASIA ENVIRO,FYHB,MainBoard,泛亚环保,2007-12-21,0000-00-00,Active,2000.0,,XHKG,CS,00556,00556_01.XHKG,,"09:31-12:00,13:01-16:00",2026-05-21,20260420,20260521,False
413,00164.XHKG,19049474.0,CHINA BAOLI TEC,ZGBLKJ,MainBoard,中国宝力科技,1973-01-26,0000-00-00,Active,5000.0,,XHKG,CS,00164,00164_01.XHKG,,"09:31-12:00,13:01-16:00",2026-05-21,20260420,20260521,False
414,06811.XHKG,19046650.0,TAI HING GROUP,TXJT,MainBoard,太兴集团,2019-06-13,0000-00-00,Active,1000.0,,XHKG,CS,06811,06811_01.XHKG,,"09:31-12:00,13:01-16:00",2026-05-21,20260420,20260521,False
415,01168.XHKG,18855420.0,Z FIN,ZFIN,MainBoard,ZFIN,1998-06-08,0000-00-00,Active,1000.0,,XHKG,CS,01168,01168_01.XHKG,,"09:31-12:00,13:01-16:00",2026-05-21,20260420,20260521,False
416,01037.XHKG,18474660.0,MAXNERVA TECH,YZHKJ,MainBoard,云智汇科技,1994-04-14,0000-00-00,Active,2000.0,,XHKG,CS,01037,01037_01.XHKG,,"09:31-12:00,13:01-16:00",2026-05-21,20260420,20260521,False
417,01025.XHKG,17989542.0,KNT HOLDINGS,JYKG,MainBoard,嘉艺控股,2019-02-28,0000-00-00,Active,8000.0,,XHKG,CS,01025,01025_02.XHKG,,"09:31-12:00,13:01-16:00",2026-05-21,20260420,20260521,False
418,02549.XHKG,17912900.0,CAROTE LTD,KLT,MainBoard,卡罗特,2024-10-02,0000-00-00,Active,500.0,,XHKG,CS,02549,02549_01.XHKG,,"09:31-12:00,13:01-16:00",2026-05-21,20260420,20260521,False
419,01931.XHKG,17907540.0,ETHK LABS INC.,HJYL,MainBoard,华检医疗,2019-07-12,0000-00-00,Active,1000.0,,XHKG,CS,01931,01931_01.XHKG,,"09:31-12:00,13:01-16:00",2026-05-21,20260420,20260521,False
420,02503.XHKG,17836914.0,ZHONGSHENJIANYE,ZSJY,MainBoard,中深建业,2024-01-09,0000-00-00,Active,4000.0,,XHKG,CS,02503,02503_01.XHKG,,"09:31-12:00,13:01-16:00",2026-05-21,20260420,20260521,False
421,03718.XHKG,17688320.0,BJ ENT URBAN,BKCSZY,MainBoard,北控城市资源,2020-01-15,0000-00-00,Active,4000.0,,XHKG,CS,03718,03718_01.XHKG,,"09:31-12:00,13:01-16:00",2026-05-21,20260420,20260521,False
422,01201.XHKG,17664366.0,TESSON HOLDINGS,TCKG,MainBoard,天臣控股,1998-06-23,0000-00-00,Active,3000.0,,XHKG,CS,01201,01201_01.XHKG,,"09:31-12:00,13:01-16:00",2026-05-21,20260420,20260521,False
423,06890.XHKG,17626960.0,KANGLI INT HLDG,KLGJKG,MainBoard,康利国际控股,2018-11-19,0000-00-00,Active,2000.0,,XHKG,CS,06890,06890_01.XHKG,,"09:31-12:00,13:01-16:00",2026-05-21,20260420,20260521,False
424,00147.XHKG,17422380.0,IB SETTLEMENT,GJSYJS,MainBoard,国际商业结算,1988-06-06,0000-00-00,Active,5000.0,,XHKG,CS,00147,00147_01.XHKG,,"09:31-12:00,13:01-16:00",2026-05-21,20260420,20260521,False
425,02350.XHKG,17322900.0,MTT GROUP,SKJT,MainBoard,数科集团,2022-09-26,0000-00-00,Active,5000.0,,XHKG,CS,02350,02350_01.XHKG,,"09:31-12:00,13:01-16:00",2026-05-21,20260420,20260521,False
426,01110.XHKG,17282489.0,KINGWORLD,JHYYJT,MainBoard,金活医药集团,2010-11-25,0000-00-00,Active,4000.0,,XHKG,CS,01110,01110_02.XHKG,,"09:31-12:00,13:01-16:00",2026-05-21,20260420,20260521,False
427,03838.XHKG,17257230.0,CHINA STARCH,ZGDF,MainBoard,中国淀粉,2007-09-27,0000-00-00,Active,5000.0,,XHKG,CS,03838,03838_01.XHKG,,"09:31-12:00,13:01-16:00",2026-05-21,20260420,20260521,False
428,02440.XHKG,17228214.0,MEMESTRATEGY,MCL,MainBoard,迷策略,2022-12-12,0000-00-00,Active,1000.0,,XHKG,CS,02440,02440_01.XHKG,,"09:31-12:00,13:01-16:00",2026-05-21,20260420,20260521,False
429,01878.XHKG,17053131.0,SOUTHGOBI,NGB,MainBoard,南戈壁,2010-01-29,0000-00-00,Active,50.0,,XHKG,CS,01878,01878_01.XHKG,,"09:31-12:00,13:01-16:00",2026-05-21,20260420,20260521,False
430,01693.XHKG,17052696.0,BGMC,ZLGJ,MainBoard,璋利国际,2017-08-09,0000-00-00,Active,2000.0,,XHKG,CS,01693,01693_01.XHKG,,"09:31-12:00,13:01-16:00",2026-05-21,20260420,20260521,False
431,01912.XHKG,16974423.0,CONTEL,KTL,MainBoard,康特隆,2019-07-16,0000-00-00,Active,5000.0,,XHKG,CS,01912,01912_01.XHKG,,"09:31-12:00,13:01-16:00",2026-05-21,20260420,20260521,False
432,01809.XHKG,16931748.0,PRINX CHENGSHAN,PLCS,MainBoard,浦林成山,2018-10-09,0000-00-00,Active,500.0,,XHKG,CS,01809,01809_01.XHKG,,"09:31-12:00,13:01-16:00",2026-05-21,20260420,20260521,False
433,02159.XHKG,16915956.0,MEDIWELCOME,MDWK,MainBoard,麦迪卫康,2021-01-19,0000-00-00,Active,8000.0,,XHKG,CS,02159,02159_01.XHKG,,"09:31-12:00,13:01-16:00",2026-05-21,20260420,20260521,False
434,01982.XHKG,16652960.0,NAMESON HLDGS,NXKG,MainBoard,南旋控股,2016-04-12,0000-00-00,Active,2000.0,,XHKG,CS,01982,01982_01.XHKG,,"09:31-12:00,13:01-16:00",2026-05-21,20260420,20260521,False
435,03603.XHKG,16647792.0,XINJI SHAXI,XJSX,MainBoard,信基沙溪,2019-11-08,0000-00-00,Active,3000.0,,XHKG,CS,03603,03603_01.XHKG,,"09:31-12:00,13:01-16:00",2026-05-21,20260420,20260521,False
436,01792.XHKG,16558281.0,CMON,CMON,MainBoard,CMON,2019-11-19,0000-00-00,Active,2000.0,,XHKG,CS,01792,01792_01.XHKG,,"09:31-12:00,13:01-16:00",2026-05-21,20260420,20260521,False
437,01901.XHKG,16496770.0,FEIYANG GROUP,FYJT,MainBoard,飞扬集团,2019-06-28,0000-00-00,Active,2000.0,,XHKG,CS,01901,01901_01.XHKG,,"09:31-12:00,13:01-16:00",2026-05-21,20260420,20260521,False
438,09913.XHKG,16408320.0,CHI KAN HLDGS,ZQKG,MainBoard,智勤控股,2020-08-14,0000-00-00,Active,4000.0,,XHKG,CS,09913,09913_01.XHKG,,"09:31-12:00,13:01-16:00",2026-05-21,20260420,20260521,False
439,01782.XHKG,16246600.0,IB DIGITAL TECH,GJSYSZJS,MainBoard,国际商业数字技术,2018-11-29,0000-00-00,Active,5000.0,,XHKG,CS,01782,01782_01.XHKG,,"09:31-12:00,13:01-16:00",2026-05-21,20260420,20260521,False
440,01715.XHKG,16147734.0,AI HEALTH TECH,ZHJKKJ,MainBoard,智慧健康科技,2018-07-16,0000-00-00,Active,10000.0,,XHKG,CS,01715,01715_01.XHKG,,"09:31-12:00,13:01-16:00",2026-05-21,20260420,20260521,False
441,02581.XHKG,16127911.0,BENQ HOLDING,MJYY,MainBoard,明基医院,2025-12-22,0000-00-00,Active,500.0,,XHKG,CS,02581,02581_01.XHKG,,"09:31-12:00,13:01-16:00",2026-05-21,20260420,20260521,False
442,00603.XHKG,16121807.0,CHINA OIL & GAS,ZYRQ,MainBoard,中油燃气,1993-05-28,0000-00-00,Active,20000.0,,XHKG,CS,00603,00603_01.XHKG,,"09:31-12:00,13:01-16:00",2026-05-21,20260420,20260521,False
443,00053.XHKG,15988024.0,GUOCO GROUP,GHJT,MainBoard,国浩集团,1983-05-03,0000-00-00,Active,1000.0,,XHKG,CS,00053,00053_01.XHKG,,"09:31-12:00,13:01-16:00",2026-05-21,20260420,20260521,False
444,00830.XHKG,15901970.0,CSC DEVELOPMENT,ZGJZXY,MainBoard,中国建筑兴业,2010-03-30,0000-00-00,Active,2000.0,,XHKG,CS,00830,00830_01.XHKG,,"09:31-12:00,13:01-16:00",2026-05-21,20260420,20260521,False
445,01633.XHKG,15820140.0,SHEUNG YUE GP,SYJT,MainBoard,上谕集团,2016-11-11,0000-00-00,Active,3000.0,,XHKG,CS,01633,01633_02.XHKG,,"09:31-12:00,13:01-16:00",2026-05-21,20260420,20260521,False
446,02283.XHKG,15638856.0,TK GROUP HLDG,DJJTKG,MainBoard,东江集团控股,2013-12-20,0000-00-00,Active,2000.0,,XHKG,CS,02283,02283_01.XHKG,,"09:31-12:00,13:01-16:00",2026-05-21,20260420,20260521,False
447,00111.XHKG,15573280.0,CINDA INTL HLDG,XDGJKG,MainBoard,信达国际控股,2000-08-01,0000-00-00,Active,2000.0,,XHKG,CS,00111,00111_01.XHKG,,"09:31-12:00,13:01-16:00",2026-05-21,20260420,20260521,False
448,02505.XHKG,15559880.0,EDA GROUP HLDGS,EDAJTKG,MainBoard,EDA集团控股,2024-05-28,0000-00-00,Active,1000.0,,XHKG,CS,02505,02505_01.XHKG,,"09:31-12:00,13:01-16:00",2026-05-21,20260420,20260521,False
449,02392.XHKG,15518065.0,XUANWU CLOUD,XWY,MainBoard,玄武云,2022-07-08,0000-00-00,Active,500.0,,XHKG,CS,02392,02392_01.XHKG,,"09:31-12:00,13:01-16:00",2026-05-21,20260420,20260521,False
450,01538.XHKG,15462460.0,ZHONG AO HOME,ZADJ,MainBoard,中奥到家,2015-11-25,0000-00-00,Active,2000.0,,XHKG,CS,01538,01538_01.XHKG,,"09:31-12:00,13:01-16:00",2026-05-21,20260420,20260521,False
451,00218.XHKG,15371341.0,SWHYHK,SWHYXG,MainBoard,申万宏源香港,1973-02-01,0000-00-00,Active,5000.0,,XHKG,CS,00218,00218_01.XHKG,,"09:31-12:00,13:01-16:00",2026-05-21,20260420,20260521,False
452,01450.XHKG,15356517.0,BE FRIENDS HLDG,JGPYKG,MainBoard,交个朋友控股,2014-07-07,0000-00-00,Active,2000.0,,XHKG,CS,01450,01450_01.XHKG,,"09:31-12:00,13:01-16:00",2026-05-21,20260420,20260521,False
453,08198.XHKG,15033812.0,CRYPTO FLOW,JMKJ,GEM,加幂科技,2002-05-17,0000-00-00,Active,4000.0,,XHKG,CS,08198,08198_01.XHKG,,"09:31-12:00,13:01-16:00",2026-05-21,20260420,20260521,False
454,00080.XHKG,15024146.0,CAI CORP,CAIKG,MainBoard,CAI控股,2011-01-06,0000-00-00,Active,10000.0,,XHKG,CS,00080,00080_02.XHKG,,"09:31-12:00,13:01-16:00",2026-05-21,20260420,20260521,False
455,80020.XHKG,14870060.0,SENSETIME-WR,STWR,MainBoard,商汤-WR,2023-06-19,0000-00-00,Active,1000.0,,XHKG,CS,80020,80020_01.XHKG,,"09:31-12:00,13:01-16:00",2026-05-21,20260420,20260521,False
456,00034.XHKG,14868939.0,KOWLOON DEV,JLJY,MainBoard,九龙建业,1995-07-04,0000-00-00,Active,1000.0,,XHKG,CS,00034,00034_01.XHKG,,"09:31-12:00,13:01-16:00",2026-05-21,20260420,20260521,False
457,02597.XHKG,14840692.0,XUNZHONG,XZTX,MainBoard,讯众通信,2025-07-09,0000-00-00,Active,500.0,,XHKG,CS,02597,02597_01.XHKG,,"09:31-12:00,13:01-16:00",2026-05-21,20260420,20260521,False
458,00542.XHKG,14829738.0,CN CULTURAL T&A,ZGWLNY,MainBoard,中国文旅农业,1989-11-23,0000-00-00,Active,4000.0,,XHKG,CS,00542,00542_01.XHKG,,"09:31-12:00,13:01-16:00",2026-05-21,20260420,20260521,False
459,01808.XHKG,14755752.0,ENTERPRISE DEV,QZKG,MainBoard,企展控股,2007-01-11,0000-00-00,Active,2000.0,,XHKG,CS,01808,01808_01.XHKG,,"09:31-12:00,13:01-16:00",2026-05-21,20260420,20260521,False
460,02539.XHKG,14498124.0,LEMO SERVICES,LMKJ,MainBoard,乐摩科技,2025-12-03,0000-00-00,Active,100.0,,XHKG,CS,02539,02539_01.XHKG,,"09:31-12:00,13:01-16:00",2026-05-21,20260420,20260521,False
461,01546.XHKG,14456780.0,THELLOY DEV,DLJY,MainBoard,德莱建业,2017-10-26,0000-00-00,Active,8000.0,,XHKG,CS,01546,01546_01.XHKG,,"09:31-12:00,13:01-16:00",2026-05-21,20260420,20260521,False
462,09882.XHKG,14376600.0,BEST LINKING,YLFKG,MainBoard,永联丰控股,2023-09-29,0000-00-00,Active,2000.0,,XHKG,CS,09882,09882_01.XHKG,,"09:31-12:00,13:01-16:00",2026-05-21,20260420,20260521,False
463,02613.XHKG,14315162.0,CONTIOCEAN,HGHB,MainBoard,汇舸环保,2025-01-09,0000-00-00,Active,100.0,,XHKG,CS,02613,02613_01.XHKG,,"09:31-12:00,13:01-16:00",2026-05-21,20260420,20260521,False
464,02680.XHKG,14305642.0,INNOVAX HLDGS,CSKG,MainBoard,创升控股,2018-09-14,0000-00-00,Active,2000.0,,XHKG,CS,02680,02680_01.XHKG,,"09:31-12:00,13:01-16:00",2026-05-21,20260420,20260521,False
465,00623.XHKG,14220253.0,SINOMEDIA,ZSJQ,MainBoard,中视金桥,2008-07-08,0000-00-00,Active,1000.0,,XHKG,CS,00623,00623_02.XHKG,,"09:31-12:00,13:01-16:00",2026-05-21,20260420,20260521,False
466,00240.XHKG,14201283.0,BUILD KING HOLD,LJKG,MainBoard,利基控股,1973-03-15,0000-00-00,Active,10000.0,,XHKG,CS,00240,00240_01.XHKG,,"09:31-12:00,13:01-16:00",2026-05-21,20260420,20260521,False
467,06918.XHKG,14169946.0,KIDZTECH,QSD,MainBoard,奇士达,2020-03-18,0000-00-00,Active,2000.0,,XHKG,CS,06918,06918_01.XHKG,,"09:31-12:00,13:01-16:00",2026-05-21,20260420,20260521,False
468,01857.XHKG,14162880.0,CEB WATER,ZGGDSW,MainBoard,中国光大水务,2019-05-08,0000-00-00,Active,1000.0,,XHKG,CS,01857,01857_01.XHKG,,"09:31-12:00,13:01-16:00",2026-05-21,20260420,20260521,False
469,06138.XHKG,14040160.0,HARBIN BANK,HEBYH,MainBoard,哈尔滨银行,2014-03-31,0000-00-00,Active,1000.0,,XHKG,CS,06138,06138_01.XHKG,,"09:31-12:00,13:01-16:00",2026-05-21,20260420,20260521,False
470,00309.XHKG,13868518.0,XH NEWS MEDIA,XHTXPM,MainBoard,新华通讯频媒,2003-07-25,0000-00-00,Active,1000.0,,XHKG,CS,00309,00309_01.XHKG,,"09:31-12:00,13:01-16:00",2026-05-21,20260420,20260521,False
471,01216.XHKG,13813922.0,ZYBANK,ZYYH,MainBoard,中原银行,2017-07-19,0000-00-00,Active,1000.0,,XHKG,CS,01216,01216_01.XHKG,,"09:31-12:00,13:01-16:00",2026-05-21,20260420,20260521,False
472,00088.XHKG,13754048.0,TAI CHEUNG HOLD,TAICHEUNGHOLD,MainBoard,TAICHEUNGHOLD,1972-12-11,0000-00-00,Active,1000.0,,XHKG,CS,00088,00088_01.XHKG,,"09:31-12:00,13:01-16:00",2026-05-21,20260420,20260521,False
473,02251.XHKG,13740361.0,AIRDOC-B,YTKJB,MainBoard,鹰瞳科技-B,2021-11-05,0000-00-00,Active,100.0,,XHKG,CS,02251,02251_01.XHKG,,"09:31-12:00,13:01-16:00",2026-05-21,20260420,20260521,False
474,01823.XHKG,13714156.0,HUAYUEXPRESSWAY,HYGS,MainBoard,华昱高速,2009-12-23,0000-00-00,Active,2000.0,,XHKG,CS,01823,01823_01.XHKG,,"09:31-12:00,13:01-16:00",2026-05-21,20260420,20260521,False
475,00524.XHKG,13714154.0,GW TERROIR,CCTX,MainBoard,长城天下,1989-04-21,0000-00-00,Active,50000.0,,XHKG,CS,00524,00524_01.XHKG,,"09:31-12:00,13:01-16:00",2026-05-21,20260420,20260521,False
476,03658.XHKG,13681730.0,NEW HOPE SERV,XXWFW,MainBoard,新希望服务,2021-05-25,0000-00-00,Active,1000.0,,XHKG,CS,03658,03658_01.XHKG,,"09:31-12:00,13:01-16:00",2026-05-21,20260420,20260521,False
477,01162.XHKG,13670424.0,LUMINA GROUP,YLJT,MainBoard,莹岚集团,2020-04-20,0000-00-00,Active,8000.0,,XHKG,CS,01162,01162_01.XHKG,,"09:31-12:00,13:01-16:00",2026-05-21,20260420,20260521,False
478,01985.XHKG,13610220.0,MICROWARE,MGY,MainBoard,美高域,2017-03-08,0000-00-00,Active,2000.0,,XHKG,CS,01985,01985_01.XHKG,,"09:31-12:00,13:01-16:00",2026-05-21,20260420,20260521,False
479,02216.XHKG,13548592.0,BRONCUS-B,KBYLB,MainBoard,堃博医疗-B,2021-09-24,0000-00-00,Active,500.0,,XHKG,CS,02216,02216_01.XHKG,,"09:31-12:00,13:01-16:00",2026-05-21,20260420,20260521,False
480,00994.XHKG,13537363.0,CT VISION,ZTHX,MainBoard,中天宏信,2017-07-17,0000-00-00,Active,4000.0,,XHKG,CS,00994,00994_01.XHKG,,"09:31-12:00,13:01-16:00",2026-05-21,20260420,20260521,False
481,00071.XHKG,13492318.0,MIRAMAR HOTEL,MLHJD,MainBoard,美丽华酒店,1970-07-25,0000-00-00,Active,1000.0,,XHKG,CS,00071,00071_01.XHKG,,"09:31-12:00,13:01-16:00",2026-05-21,20260420,20260521,False
482,03638.XHKG,13447840.0,HUNLICAR GROUP,HLJJT,MainBoard,亨利加集团,2016-03-30,0000-00-00,Active,1000.0,,XHKG,CS,03638,03638_01.XHKG,,"09:31-12:00,13:01-16:00",2026-05-21,20260420,20260521,False
483,01499.XHKG,13342272.0,OKG TECH,OKYL,MainBoard,欧科云链,2015-09-02,0000-00-00,Active,10000.0,,XHKG,CS,01499,01499_01.XHKG,,"09:31-12:00,13:01-16:00",2026-05-21,20260420,20260521,False
484,03626.XHKG,13307734.0,EAST NOVA HLDGS,QMDFKG,MainBoard,启明东方控股,2016-05-18,0000-00-00,Active,2000.0,,XHKG,CS,03626,03626_01.XHKG,,"09:31-12:00,13:01-16:00",2026-05-21,20260420,20260521,False
485,01130.XHKG,13235697.0,CHINA ENV RES,ZGHJZY,MainBoard,中国环境资源,1997-06-03,0000-00-00,Active,20000.0,,XHKG,CS,01130,01130_01.XHKG,,"09:31-12:00,13:01-16:00",2026-05-21,20260420,20260521,False
486,00717.XHKG,13226901.0,EMPEROR CAPITAL,YHZB,MainBoard,英皇资本,2007-04-24,0000-00-00,Active,6000.0,,XHKG,CS,00717,00717_01.XHKG,,"09:31-12:00,13:01-16:00",2026-05-21,20260420,20260521,False
487,02203.XHKG,13207410.0,BRAINHOLE TECH,NDKJ,MainBoard,脑洞科技,2017-07-21,0000-00-00,Active,10000.0,,XHKG,CS,02203,02203_01.XHKG,,"09:31-12:00,13:01-16:00",2026-05-21,20260420,20260521,False
488,00900.XHKG,13195017.0,AEON CREDIT,AEONCREDIT,MainBoard,AEONCREDIT,1995-09-14,0000-00-00,Active,2000.0,,XHKG,CS,00900,00900_01.XHKG,,"09:31-12:00,13:01-16:00",2026-05-21,20260420,20260521,False
489,00331.XHKG,13194527.0,FSE LIFESTYLE,FSSHFW,MainBoard,丰盛生活服务,2015-12-10,0000-00-00,Active,1000.0,,XHKG,CS,00331,00331_03.XHKG,,"09:31-12:00,13:01-16:00",2026-05-21,20260420,20260521,False
490,01831.XHKG,13183069.0,SHIFANG HLDG,SFKG,MainBoard,十方控股,2010-12-03,0000-00-00,Active,10000.0,,XHKG,CS,01831,01831_01.XHKG,,"09:31-12:00,13:01-16:00",2026-05-21,20260420,20260521,False
491,01082.XHKG,13039960.0,BDV EDU INTL,YYZJY,MainBoard,源宇宙教育,2011-07-04,0000-00-00,Active,4000.0,,XHKG,CS,01082,01082_01.XHKG,,"09:31-12:00,13:01-16:00",2026-05-21,20260420,20260521,False
492,01421.XHKG,13025512.0,PROSP GP INTL,HCJTGJ,MainBoard,恒昌集团国际,2013-12-30,0000-00-00,Active,5000.0,,XHKG,CS,01421,01421_01.XHKG,,"09:31-12:00,13:01-16:00",2026-05-21,20260420,20260521,False
493,81299.XHKG,12976130.0,AIA-R,YBBXR,MainBoard,友邦保险-R,2023-06-19,0000-00-00,Active,200.0,,XHKG,CS,81299,81299_01.XHKG,,"09:31-12:00,13:01-16:00",2026-05-21,20260420,20260521,False
494,00905.XHKG,12781755.0,WALNUT CAP,HTZB,MainBoard,胡桃资本,1998-07-17,0000-00-00,Active,16000.0,,XHKG,CS,00905,00905_01.XHKG,,"09:31-12:00,13:01-16:00",2026-05-21,20260420,20260521,False
495,00139.XHKG,12749568.0,SMART FISH,XYYT,MainBoard,小鱼盈通,1994-03-15,0000-00-00,Active,10000.0,,XHKG,CS,00139,00139_01.XHKG,,"09:31-12:00,13:01-16:00",2026-05-21,20260420,20260521,False
496,01612.XHKG,12739970.0,VINCENT MED,YSYL,MainBoard,永胜医疗,2016-07-13,0000-00-00,Active,2000.0,,XHKG,CS,01612,01612_01.XHKG,,"09:31-12:00,13:01-16:00",2026-05-21,20260420,20260521,False
497,00396.XHKG,12657710.0,HING LEE (HK),XLXGKG,MainBoard,兴利(香港)控股,2009-06-22,0000-00-00,Active,2000.0,,XHKG,CS,00396,00396_02.XHKG,,"09:31-12:00,13:01-16:00",2026-05-21,20260420,20260521,False
498,00617.XHKG,12616620.0,PALIBURG HOLD,BLBKG,MainBoard,百利保控股,1993-12-17,0000-00-00,Active,2000.0,,XHKG,CS,00617,00617_01.XHKG,,"09:31-12:00,13:01-16:00",2026-05-21,20260420,20260521,False
499,02012.XHKG,12607105.0,SUNSHINE OIL,YGYS,MainBoard,阳光油砂,2012-03-01,0000-00-00,Active,1000.0,,XHKG,CS,02012,02012_01.XHKG,,"09:31-12:00,13:01-16:00",2026-05-21,20260420,20260521,False
500,08221.XHKG,12478400.0,GAOYU FINANCE,GYJR,GEM,高裕金融,2017-01-06,0000-00-00,Active,5000.0,,XHKG,CS,08221,08221_02.XHKG,,"09:31-12:00,13:01-16:00",2026-05-21,20260420,20260521,False
501,03919.XHKG,12457685.0,GOLDENPOWER,JLJT,MainBoard,金力集团,2017-11-10,0000-00-00,Active,4000.0,,XHKG,CS,03919,03919_01.XHKG,,"09:31-12:00,13:01-16:00",2026-05-21,20260420,20260521,False
502,01400.XHKG,12410594.0,MOODY TECH HLDG,MDKJGF,MainBoard,满地科技股份,2014-04-25,0000-00-00,Active,10000.0,,XHKG,CS,01400,01400_01.XHKG,,"09:31-12:00,13:01-16:00",2026-05-21,20260420,20260521,False
503,00328.XHKG,12376301.0,ALCO HOLDINGS,ALCOHOLDINGS,MainBoard,ALCOHOLDINGS,1992-11-27,0000-00-00,Active,2000.0,,XHKG,CS,00328,00328_01.XHKG,,"09:31-12:00,13:01-16:00",2026-05-21,20260420,20260521,False
504,08635.XHKG,12161120.0,ELEPHANT HLDGS,DXKGJT,GEM,大象控股集团,2019-05-02,0000-00-00,Active,4000.0,,XHKG,CS,08635,08635_01.XHKG,,"09:31-12:00,13:01-16:00",2026-05-21,20260420,20260521,False
505,01568.XHKG,12099751.0,SUNDART HLDGS,CDJT,MainBoard,承达集团,2015-12-29,0000-00-00,Active,2000.0,,XHKG,CS,01568,01568_01.XHKG,,"09:31-12:00,13:01-16:00",2026-05-21,20260420,20260521,False
506,08219.XHKG,12036984.0,HANVEY GROUP,HWJTKG,GEM,恒伟集团控股,2018-07-12,0000-00-00,Active,10000.0,,XHKG,CS,08219,08219_02.XHKG,,"09:31-12:00,13:01-16:00",2026-05-21,20260420,20260521,False
507,03938.XHKG,12026140.0,LFG INV HLDGS,LFGTZKG,MainBoard,LFG投资控股,2019-09-30,0000-00-00,Active,2000.0,,XHKG,CS,03938,03938_02.XHKG,,"09:31-12:00,13:01-16:00",2026-05-21,20260420,20260521,False
508,00854.XHKG,12021315.0,WILLAS-ARRAY,WYL,MainBoard,威雅利,2013-12-06,0000-00-00,Active,1000.0,,XHKG,CS,00854,00854_01.XHKG,,"09:31-12:00,13:01-16:00",2026-05-21,20260420,20260521,False
509,02695.XHKG,11964410.0,IMPRESSION DHP,YXDHP,MainBoard,印象大红袍,2025-12-22,0000-00-00,Active,1000.0,,XHKG,CS,02695,02695_01.XHKG,,"09:31-12:00,13:01-16:00",2026-05-21,20260420,20260521,False
510,02789.XHKG,11905306.0,YUANDA CHINA,YDZG,MainBoard,远大中国,2011-05-17,0000-00-00,Active,2000.0,,XHKG,CS,02789,02789_01.XHKG,,"09:31-12:00,13:01-16:00",2026-05-21,20260420,20260521,False
511,01283.XHKG,11877100.0,ACCEL GROUP,GSJTKG,MainBoard,高升集团控股,2019-10-18,0000-00-00,Active,5000.0,,XHKG,CS,01283,01283_01.XHKG,,"09:31-12:00,13:01-16:00",2026-05-21,20260420,20260521,False
512,01588.XHKG,11804396.0,CHANJET,CJT,MainBoard,畅捷通,2014-06-26,0000-00-00,Active,200.0,,XHKG,CS,01588,01588_01.XHKG,,"09:31-12:00,13:01-16:00",2026-05-21,20260420,20260521,False
513,08370.XHKG,11797576.0,ZHI SHENG GP,ZSJTKG,GEM,智昇集团控股,2017-01-20,0000-00-00,Active,800.0,,XHKG,CS,08370,08370_01.XHKG,,"09:31-12:00,13:01-16:00",2026-05-21,20260420,20260521,False
514,01581.XHKG,11795020.0,PROGRESSIVE P,JSJTKG,MainBoard,进升集团控股,2016-12-08,0000-00-00,Active,10000.0,,XHKG,CS,01581,01581_01.XHKG,,"09:31-12:00,13:01-16:00",2026-05-21,20260420,20260521,False
515,02561.XHKG,11775010.0,VISEN PHARMA-B,WSYYB,MainBoard,维昇药业-B,2025-03-21,0000-00-00,Active,100.0,,XHKG,CS,02561,02561_01.XHKG,,"09:31-12:00,13:01-16:00",2026-05-21,20260420,20260521,False
516,80175.XHKG,11745550.0,GEELY AUTO-R,JLQCR,MainBoard,吉利汽车-R,2023-06-19,0000-00-00,Active,1000.0,,XHKG,CS,80175,80175_01.XHKG,,"09:31-12:00,13:01-16:00",2026-05-21,20260420,20260521,False
517,02236.XHKG,11561684.0,WISON ENGRG,HSGC,MainBoard,惠生工程,2012-12-28,0000-00-00,Active,1000.0,,XHKG,CS,02236,02236_01.XHKG,,"09:31-12:00,13:01-16:00",2026-05-21,20260420,20260521,False
518,00723.XHKG,11508603.0,RELIANCE GLO HL,XBHQKG,MainBoard,信保环球控股,1991-07-18,0000-00-00,Active,30000.0,,XHKG,CS,00723,00723_01.XHKG,,"09:31-12:00,13:01-16:00",2026-05-21,20260420,20260521,False
519,01239.XHKG,11464618.0,TEAMWAY INTL GP,TEAMWAYINTLGP,MainBoard,TEAMWAYINTLGP,2011-11-18,0000-00-00,Active,20000.0,,XHKG,CS,01239,01239_01.XHKG,,"09:31-12:00,13:01-16:00",2026-05-21,20260420,20260521,False
520,01399.XHKG,11333776.0,VESON HLDG,RXKG,MainBoard,锐信控股,2006-12-21,0000-00-00,Active,2000.0,,XHKG,CS,01399,01399_01.XHKG,,"09:31-12:00,13:01-16:00",2026-05-21,20260420,20260521,False
521,01079.XHKG,11332452.0,PINE TECH,SJKJ,MainBoard,松景科技,2010-11-18,0000-00-00,Active,2000.0,,XHKG,CS,01079,01079_01.XHKG,,"09:31-12:00,13:01-16:00",2026-05-21,20260420,20260521,False
522,02370.XHKG,11294970.0,REDCO HEALTHY,LGJKSH,MainBoard,力高健康生活,2022-03-31,0000-00-00,Active,500.0,,XHKG,CS,02370,02370_01.XHKG,,"09:31-12:00,13:01-16:00",2026-05-21,20260420,20260521,False
523,00206.XHKG,11247923.0,CM-ENERGY,HSNY,MainBoard,华商能源,2009-06-05,0000-00-00,Active,1000.0,,XHKG,CS,00206,00206_01.XHKG,,"09:31-12:00,13:01-16:00",2026-05-21,20260420,20260521,False
524,00339.XHKG,11231466.0,WEBX HOLDING,QQSZKG,MainBoard,全球数字控股,2000-07-26,0000-00-00,Active,10000.0,,XHKG,CS,00339,00339_01.XHKG,,"09:31-12:00,13:01-16:00",2026-05-21,20260420,20260521,False
525,08472.XHKG,11149530.0,LAPCO HOLDINGS,LGKG,GEM,立高控股,2017-07-18,0000-00-00,Active,2000.0,,XHKG,CS,08472,08472_01.XHKG,,"09:31-12:00,13:01-16:00",2026-05-21,20260420,20260521,False
526,02881.XHKG,11035835.0,WUHAN YOUJI,WHYJ,MainBoard,武汉有机,2024-06-18,0000-00-00,Active,500.0,,XHKG,CS,02881,02881_01.XHKG,,"09:31-12:00,13:01-16:00",2026-05-21,20260420,20260521,False
527,08120.XHKG,10965721.0,CH DEMETER FIN,GNJRTZ,GEM,国农金融投资,2001-04-10,0000-00-00,Active,5000.0,,XHKG,CS,08120,08120_01.XHKG,,"09:31-12:00,13:01-16:00",2026-05-21,20260420,20260521,False
528,02651.XHKG,10826837.0,DAZHONG DENTAL,DZKQ,MainBoard,大众口腔,2025-07-09,0000-00-00,Active,100.0,,XHKG,CS,02651,02651_01.XHKG,,"09:31-12:00,13:01-16:00",2026-05-21,20260420,20260521,False
529,06885.XHKG,10790050.0,JINMA ENERGY,JMNY,MainBoard,金马能源,2017-10-10,0000-00-00,Active,1000.0,,XHKG,CS,06885,06885_01.XHKG,,"09:31-12:00,13:01-16:00",2026-05-21,20260420,20260521,False
530,80291.XHKG,10785870.0,CHINA RES BEER-R,HRPJR,MainBoard,华润啤酒-R,2023-06-19,0000-00-00,Active,500.0,,XHKG,CS,80291,80291_01.XHKG,,"09:31-12:00,13:01-16:00",2026-05-21,20260420,20260521,False
531,00810.XHKG,10743137.0,CH CASTSON 81,ZGZC81,MainBoard,中国铸晨81,2002-02-28,0000-00-00,Active,6000.0,,XHKG,CS,00810,00810_01.XHKG,,"09:31-12:00,13:01-16:00",2026-05-21,20260420,20260521,False
532,08471.XHKG,10671400.0,REACH NEW HLDGS,XDKG,GEM,新达控股,2017-07-21,0000-00-00,Active,10000.0,,XHKG,CS,08471,08471_01.XHKG,,"09:31-12:00,13:01-16:00",2026-05-21,20260420,20260521,False
533,02187.XHKG,10654840.0,ZHIXIN GP HLDG,ZXJTKG,MainBoard,智欣集团控股,2021-03-26,0000-00-00,Active,2000.0,,XHKG,CS,02187,02187_01.XHKG,,"09:31-12:00,13:01-16:00",2026-05-21,20260420,20260521,False
534,01480.XHKG,10610160.0,YAN TAT GROUP,EDJTKG,MainBoard,恩达集团控股,2014-12-08,0000-00-00,Active,2000.0,,XHKG,CS,01480,01480_01.XHKG,,"09:31-12:00,13:01-16:00",2026-05-21,20260420,20260521,False
535,00821.XHKG,10523442.0,VC HOLDINGS,HYKG,MainBoard,汇盈控股,2008-08-15,0000-00-00,Active,8000.0,,XHKG,CS,00821,00821_01.XHKG,,"09:31-12:00,13:01-16:00",2026-05-21,20260420,20260521,False
536,09908.XHKG,10491736.0,JIAXING GAS,JXRQ,MainBoard,嘉兴燃气,2020-07-16,0000-00-00,Active,500.0,,XHKG,CS,09908,09908_01.XHKG,,"09:31-12:00,13:01-16:00",2026-05-21,20260420,20260521,False
537,06113.XHKG,10461060.0,BITSTRAT HLDGS,BTCL,MainBoard,比特策略,2017-07-12,0000-00-00,Active,2000.0,,XHKG,CS,06113,06113_01.XHKG,,"09:31-12:00,13:01-16:00",2026-05-21,20260420,20260521,False
538,01472.XHKG,10397325.0,SANG HING HLDGS,SXKG,MainBoard,生兴控股,2020-03-17,0000-00-00,Active,5000.0,,XHKG,CS,01472,01472_01.XHKG,,"09:31-12:00,13:01-16:00",2026-05-21,20260420,20260521,False
539,00869.XHKG,10382337.0,PLAYMATES TOYS,CXWJ,MainBoard,彩星玩具,2008-02-01,0000-00-00,Active,4000.0,,XHKG,CS,00869,00869_01.XHKG,,"09:31-12:00,13:01-16:00",2026-05-21,20260420,20260521,False
540,00145.XHKG,10380719.0,CCIAM FUTURE EN,XNDT,MainBoard,信能低碳,1972-07-01,0000-00-00,Active,8000.0,,XHKG,CS,00145,00145_01.XHKG,,"09:31-12:00,13:01-16:00",2026-05-21,20260420,20260521,False
541,02312.XHKG,10375728.0,LONG INV CORP,LONGTZJT,MainBoard,LONG投资集团,2002-10-28,0000-00-00,Active,10000.0,,XHKG,CS,02312,02312_01.XHKG,,"09:31-12:00,13:01-16:00",2026-05-21,20260420,20260521,False
542,03773.XHKG,10374100.0,YS DIGIFAVOR,YSSH,MainBoard,银盛数惠,2016-01-07,0000-00-00,Active,2000.0,,XHKG,CS,03773,03773_01.XHKG,,"09:31-12:00,13:01-16:00",2026-05-21,20260420,20260521,False
543,01742.XHKG,10325880.0,HPC HOLDINGS,HPCHOLDINGS,MainBoard,HPCHOLDINGS,2018-05-11,0000-00-00,Active,5000.0,,XHKG,CS,01742,01742_01.XHKG,,"09:31-12:00,13:01-16:00",2026-05-21,20260420,20260521,False
544,00379.XHKG,10280227.0,EG LEASING,HJRZZL,MainBoard,恒嘉融资租赁,2002-11-13,0000-00-00,Active,10000.0,,XHKG,CS,00379,00379_01.XHKG,,"09:31-12:00,13:01-16:00",2026-05-21,20260420,20260521,False
545,00408.XHKG,10246008.0,YIP'S CHEMICAL,YSHGJT,MainBoard,叶氏化工集团,1991-08-22,0000-00-00,Active,2000.0,,XHKG,CS,00408,00408_01.XHKG,,"09:31-12:00,13:01-16:00",2026-05-21,20260420,20260521,False
546,01741.XHKG,10153568.0,SHING CHI HLDGS,CZKG,MainBoard,成志控股,2018-10-16,0000-00-00,Active,4000.0,,XHKG,CS,01741,01741_01.XHKG,,"09:31-12:00,13:01-16:00",2026-05-21,20260420,20260521,False
547,00818.XHKG,10087605.0,HI SUN TECH,GYKJ,MainBoard,高阳科技,1997-12-22,0000-00-00,Active,3000.0,,XHKG,CS,00818,00818_01.XHKG,,"09:31-12:00,13:01-16:00",2026-05-21,20260420,20260521,False
548,01522.XHKG,10061090.0,BII TRANS TECH,JTJTKJ,MainBoard,京投交通科技,2013-12-06,0000-00-00,Active,4000.0,,XHKG,CS,01522,01522_01.XHKG,,"09:31-12:00,13:01-16:00",2026-05-21,20260420,20260521,False
549,01940.XHKG,10033980.0,CGII HLDGS,CGIIHLDGS,MainBoard,CGIIHLDGS,2020-12-29,0000-00-00,Active,2000.0,,XHKG,CS,01940,01940_01.XHKG,,"09:31-12:00,13:01-16:00",2026-05-21,20260420,20260521,False
550,08490.XHKG,10002880.0,NICHE-TECH SEMI,JMBDT,GEM,骏码半导体,2018-05-30,0000-00-00,Active,5000.0,,XHKG,CS,08490,08490_01.XHKG,,"09:31-12:00,13:01-16:00",2026-05-21,20260420,20260521,False
551,00124.XHKG,9991240.0,GD LAND,YHZD,MainBoard,粤海置地,1997-08-08,0000-00-00,Active,2000.0,,XHKG,CS,00124,00124_01.XHKG,,"09:31-12:00,13:01-16:00",2026-05-21,20260420,20260521,False
552,00720.XHKG,9801513.0,AUTO ITALIA,YDLKG,MainBoard,意达利控股,1991-07-16,0000-00-00,Active,25000.0,,XHKG,CS,00720,00720_01.XHKG,,"09:31-12:00,13:01-16:00",2026-05-21,20260420,20260521,False
553,02231.XHKG,9694081.0,JY GRANDMARK,JYMBJT,MainBoard,景业名邦集团,2019-12-05,0000-00-00,Active,1000.0,,XHKG,CS,02231,02231_01.XHKG,,"09:31-12:00,13:01-16:00",2026-05-21,20260420,20260521,False
554,01466.XHKG,9594092.0,BAIJIN LIFE SCI,BJSMKX,MainBoard,佰金生命科学,2014-10-17,0000-00-00,Active,8000.0,,XHKG,CS,01466,01466_01.XHKG,,"09:31-12:00,13:01-16:00",2026-05-21,20260420,20260521,False
555,01481.XHKG,9569600.0,SMART GLOBE,JQKG,MainBoard,竣球控股,2020-12-11,0000-00-00,Active,10000.0,,XHKG,CS,01481,01481_01.XHKG,,"09:31-12:00,13:01-16:00",2026-05-21,20260420,20260521,False
556,01747.XHKG,9558080.0,HOME CONTROL,HOMECONTROL,MainBoard,HOMECONTROL,2019-11-14,0000-00-00,Active,2000.0,,XHKG,CS,01747,01747_01.XHKG,,"09:31-12:00,13:01-16:00",2026-05-21,20260420,20260521,False
557,01843.XHKG,9399544.0,SNACK EMPIRE,KCDG,MainBoard,快餐帝国,2019-10-23,0000-00-00,Active,4000.0,,XHKG,CS,01843,01843_01.XHKG,,"09:31-12:00,13:01-16:00",2026-05-21,20260420,20260521,False
558,03300.XHKG,9379740.0,CHINA GLASS,ZGBL,MainBoard,中国玻璃,2005-06-23,0000-00-00,Active,2000.0,,XHKG,CS,03300,03300_01.XHKG,,"09:31-12:00,13:01-16:00",2026-05-21,20260420,20260521,False
559,01525.XHKG,9379475.0,GENCH EDU,JQJY,MainBoard,建桥教育,2020-01-16,0000-00-00,Active,500.0,,XHKG,CS,01525,01525_01.XHKG,,"09:31-12:00,13:01-16:00",2026-05-21,20260420,20260521,False
560,01895.XHKG,9310747.0,XINYUAN PM,XYFW,MainBoard,鑫苑服务,2019-10-11,0000-00-00,Active,1000.0,,XHKG,CS,01895,01895_01.XHKG,,"09:31-12:00,13:01-16:00",2026-05-21,20260420,20260521,False
561,01502.XHKG,9307010.0,FIN STREET PPT,JRJWY,MainBoard,金融街物业,2020-07-06,0000-00-00,Active,1000.0,,XHKG,CS,01502,01502_01.XHKG,,"09:31-12:00,13:01-16:00",2026-05-21,20260420,20260521,False
562,01247.XHKG,9205040.0,MIKO INTL,MGGJKG,MainBoard,米格国际控股,2014-01-15,0000-00-00,Active,6000.0,,XHKG,CS,01247,01247_01.XHKG,,"09:31-12:00,13:01-16:00",2026-05-21,20260420,20260521,False
563,01640.XHKG,9194220.0,QIAN XUN TECH,QXKJ,MainBoard,千循科技,2019-11-12,0000-00-00,Active,2000.0,,XHKG,CS,01640,01640_01.XHKG,,"09:31-12:00,13:01-16:00",2026-05-21,20260420,20260521,False
564,08072.XHKG,9123140.0,LANGU CO,LGGF,GEM,兰谷股份,2013-02-25,0000-00-00,Active,20000.0,,XHKG,CS,08072,08072_02.XHKG,,"09:31-12:00,13:01-16:00",2026-05-21,20260420,20260521,False
565,00767.XHKG,9100794.0,ZHONG JI LS,ZJCSKX,MainBoard,中基长寿科学,1995-11-20,0000-00-00,Active,10000.0,,XHKG,CS,00767,00767_01.XHKG,,"09:31-12:00,13:01-16:00",2026-05-21,20260420,20260521,False
566,02337.XHKG,9085560.0,UNITED STRENGTH,ZCNY,MainBoard,众诚能源,2017-10-16,0000-00-00,Active,1000.0,,XHKG,CS,02337,02337_02.XHKG,,"09:31-12:00,13:01-16:00",2026-05-21,20260420,20260521,False
567,01662.XHKG,9030960.0,YEE HOP HLDGS,YHKG,MainBoard,义合控股,2015-12-18,0000-00-00,Active,1000.0,,XHKG,CS,01662,01662_01.XHKG,,"09:31-12:00,13:01-16:00",2026-05-21,20260420,20260521,False
568,01903.XHKG,9019323.0,JBB BUILDERS,JBBBUILDERS,MainBoard,JBBBUILDERS,2019-05-10,0000-00-00,Active,2000.0,,XHKG,CS,01903,01903_01.XHKG,,"09:31-12:00,13:01-16:00",2026-05-21,20260420,20260521,False
569,09960.XHKG,9014180.0,KINDSTAR GLOBAL,KSHQ,MainBoard,康圣环球,2021-07-16,0000-00-00,Active,500.0,,XHKG,CS,09960,09960_01.XHKG,,"09:31-12:00,13:01-16:00",2026-05-21,20260420,20260521,False
570,00082.XHKG,8916086.0,CRAZY SPORTS,FKTY,MainBoard,疯狂体育,1991-10-25,0000-00-00,Active,2000.0,,XHKG,CS,00082,00082_01.XHKG,,"09:31-12:00,13:01-16:00",2026-05-21,20260420,20260521,False
571,00201.XHKG,8865374.0,MAGNIFICENT,HDJD,MainBoard,华大酒店,1972-11-17,0000-00-00,Active,2000.0,,XHKG,CS,00201,00201_01.XHKG,,"09:31-12:00,13:01-16:00",2026-05-21,20260420,20260521,False
572,02450.XHKG,8716185.0,HUAIBEI GD CO,HBLJGF,MainBoard,淮北绿金股份,2023-01-20,0000-00-00,Active,1500.0,,XHKG,CS,02450,02450_01.XHKG,,"09:31-12:00,13:01-16:00",2026-05-21,20260420,20260521,False
573,82333.XHKG,8677140.0,GWMOTOR-R,CCQCR,MainBoard,长城汽车-R,2023-06-19,0000-00-00,Active,500.0,601633.XSHG,XHKG,CS,82333,82333_01.XHKG,,"09:31-12:00,13:01-16:00",2026-05-21,20260420,20260521,False
574,01431.XHKG,8641045.0,YST DAIRY,YSTMY,MainBoard,原生态牧业,2013-11-26,0000-00-00,Active,1000.0,,XHKG,CS,01431,01431_01.XHKG,,"09:31-12:00,13:01-16:00",2026-05-21,20260420,20260521,False
575,00878.XHKG,8640633.0,SOUNDWILL HOLD,JCYJT,MainBoard,金朝阳集团,1997-03-21,0000-00-00,Active,500.0,,XHKG,CS,00878,00878_01.XHKG,,"09:31-12:00,13:01-16:00",2026-05-21,20260420,20260521,False
576,01683.XHKG,8617865.0,HOPE LIFE INT,KYGJ,MainBoard,旷逸国际,2015-09-08,0000-00-00,Active,16000.0,,XHKG,CS,01683,01683_02.XHKG,,"09:31-12:00,13:01-16:00",2026-05-21,20260420,20260521,False
577,01793.XHKG,8601120.0,WECON HOLDINGS,WGKG,MainBoard,伟工控股,2019-02-27,0000-00-00,Active,4000.0,,XHKG,CS,01793,01793_01.XHKG,,"09:31-12:00,13:01-16:00",2026-05-21,20260420,20260521,False
578,80016.XHKG,8564200.0,SHK PPT-R,XHJDCR,MainBoard,新鸿基地产-R,2023-06-19,0000-00-00,Active,500.0,,XHKG,CS,80016,80016_01.XHKG,,"09:31-12:00,13:01-16:00",2026-05-21,20260420,20260521,False
579,00329.XHKG,8531460.0,OCI INTL,DJGJ,MainBoard,东建国际,2001-05-09,0000-00-00,Active,4000.0,,XHKG,CS,00329,00329_01.XHKG,,"09:31-12:00,13:01-16:00",2026-05-21,20260420,20260521,False
580,00643.XHKG,8525215.0,CARRY WEALTH,HFKG,MainBoard,恒富控股,2000-03-13,0000-00-00,Active,10000.0,,XHKG,CS,00643,00643_01.XHKG,,"09:31-12:00,13:01-16:00",2026-05-21,20260420,20260521,False
581,02677.XHKG,8515826.0,DISTINCT HEALTH,ZZYL,MainBoard,卓正医疗,2026-02-06,0000-00-00,Active,50.0,,XHKG,CS,02677,02677_01.XHKG,,"09:31-12:00,13:01-16:00",2026-05-21,20260420,20260521,False
582,01340.XHKG,8505018.0,HUISHENG INTL,HSGJ,MainBoard,惠生国际,2014-02-28,0000-00-00,Active,4000.0,,XHKG,CS,01340,01340_01.XHKG,,"09:31-12:00,13:01-16:00",2026-05-21,20260420,20260521,False
583,01655.XHKG,8401075.0,OKURA HOLDINGS,OKURAHOLDINGS,MainBoard,OKURAHOLDINGS,2017-05-15,0000-00-00,Active,5000.0,,XHKG,CS,01655,01655_01.XHKG,,"09:31-12:00,13:01-16:00",2026-05-21,20260420,20260521,False
584,00205.XHKG,8371906.0,BFB HEALTH,BFBHEALTH,MainBoard,BFBHEALTH,1993-01-05,0000-00-00,Active,10000.0,,XHKG,CS,00205,00205_01.XHKG,,"09:31-12:00,13:01-16:00",2026-05-21,20260420,20260521,False
585,01051.XHKG,8328477.0,G-RESOURCES,GJZY,MainBoard,国际资源,1994-04-29,0000-00-00,Active,1000.0,,XHKG,CS,01051,01051_01.XHKG,,"09:31-12:00,13:01-16:00",2026-05-21,20260420,20260521,False
586,08237.XHKG,8261814.0,LINK HOLDINGS,HXKG,GEM,华星控股,2014-07-07,0000-00-00,Active,6000.0,,XHKG,CS,08237,08237_01.XHKG,,"09:31-12:00,13:01-16:00",2026-05-21,20260420,20260521,False
587,06080.XHKG,8253708.0,WING CHI HLDGS,RZKG,MainBoard,荣智控股,2017-10-20,0000-00-00,Active,6000.0,,XHKG,CS,06080,06080_01.XHKG,,"09:31-12:00,13:01-16:00",2026-05-21,20260420,20260521,False
588,08195.XHKG,8181400.0,LEGENDARY EDU,CCJYJT,GEM,传承教育集团,2014-10-10,0000-00-00,Active,2000.0,,XHKG,CS,08195,08195_01.XHKG,,"09:31-12:00,13:01-16:00",2026-05-21,20260420,20260521,False
589,06123.XHKG,8148962.0,YTO INTL EXP,YTGJKD,MainBoard,圆通国际快递,2014-07-11,0000-00-00,Active,2000.0,,XHKG,CS,06123,06123_01.XHKG,,"09:31-12:00,13:01-16:00",2026-05-21,20260420,20260521,False
590,00809.XHKG,8136081.0,GLOBAL BIO-CHEM,DCSHKJ,MainBoard,大成生化科技,2001-03-16,0000-00-00,Active,2000.0,,XHKG,CS,00809,00809_01.XHKG,,"09:31-12:00,13:01-16:00",2026-05-21,20260420,20260521,False
591,01127.XHKG,8128462.0,LION ROCK GROUP,SZSJT,MainBoard,狮子山集团,2011-07-25,0000-00-00,Active,4000.0,,XHKG,CS,01127,01127_01.XHKG,,"09:31-12:00,13:01-16:00",2026-05-21,20260420,20260521,False
592,00797.XHKG,8063280.0,7ROAD,DQDD,MainBoard,第七大道,2018-07-18,0000-00-00,Active,2000.0,,XHKG,CS,00797,00797_01.XHKG,,"09:31-12:00,13:01-16:00",2026-05-21,20260420,20260521,False
593,02459.XHKG,8036252.0,SANERGY GROUP,SNJT,MainBoard,升能集团,2023-01-17,0000-00-00,Active,20000.0,,XHKG,CS,02459,02459_01.XHKG,,"09:31-12:00,13:01-16:00",2026-05-21,20260420,20260521,False
594,01657.XHKG,8026434.0,SG GROUP HLDGS,HXKG,MainBoard,桦欣控股,2020-03-20,0000-00-00,Active,500.0,,XHKG,CS,01657,01657_01.XHKG,,"09:31-12:00,13:01-16:00",2026-05-21,20260420,20260521,False
595,02633.XHKG,7949314.0,JACOBSON PHARMA,YGCKYZY,MainBoard,雅各臣科研制药,2016-09-21,0000-00-00,Active,2000.0,,XHKG,CS,02633,02633_02.XHKG,,"09:31-12:00,13:01-16:00",2026-05-21,20260420,20260521,False
596,02420.XHKG,7943384.0,ZIBUYU,ZBY,MainBoard,子不语,2022-11-11,0000-00-00,Active,500.0,,XHKG,CS,02420,02420_01.XHKG,,"09:31-12:00,13:01-16:00",2026-05-21,20260420,20260521,False
597,00360.XHKG,7907762.0,NEW FOCUS AUTO,XJD,MainBoard,新焦点,2005-02-28,0000-00-00,Active,4000.0,,XHKG,CS,00360,00360_01.XHKG,,"09:31-12:00,13:01-16:00",2026-05-21,20260420,20260521,False
598,08227.XHKG,7897848.0,HAITIAN ANTENNA,HTTX,GEM,海天天线,2003-11-05,0000-00-00,Active,1000.0,,XHKG,CS,08227,08227_01.XHKG,,"09:31-12:00,13:01-16:00",2026-05-21,20260420,20260521,False
599,00929.XHKG,7874750.0,IPE GROUP,GJJM,MainBoard,国际精密,2004-11-01,0000-00-00,Active,5000.0,,XHKG,CS,00929,00929_01.XHKG,,"09:31-12:00,13:01-16:00",2026-05-21,20260420,20260521,False
600,03737.XHKG,7874660.0,ZHONGZHIPHARM,ZZYY,MainBoard,中智药业,2015-07-13,0000-00-00,Active,1000.0,,XHKG,CS,03737,03737_01.XHKG,,"09:31-12:00,13:01-16:00",2026-05-21,20260420,20260521,False
601,08400.XHKG,7872891.0,ASIA PIONEER,YZXFYL,GEM,亚洲先锋娱乐,2017-11-15,0000-00-00,Active,10000.0,,XHKG,CS,08400,08400_01.XHKG,,"09:31-12:00,13:01-16:00",2026-05-21,20260420,20260521,False
602,01830.XHKG,7859746.0,PERFECT MEDICAL,WMYL,MainBoard,完美医疗,2012-02-10,0000-00-00,Active,1000.0,,XHKG,CS,01830,01830_01.XHKG,,"09:31-12:00,13:01-16:00",2026-05-21,20260420,20260521,False
603,08269.XHKG,7831143.0,GO UP EDU TECH,BSJYKJ,GEM,倍升教育科技,2010-10-14,0000-00-00,Active,30000.0,,XHKG,CS,08269,08269_01.XHKG,,"09:31-12:00,13:01-16:00",2026-05-21,20260420,20260521,False
604,02551.XHKG,7826970.0,APT ELECTRONICS,JKDZGF,MainBoard,晶科电子股份,2024-11-08,0000-00-00,Active,1000.0,,XHKG,CS,02551,02551_01.XHKG,,"09:31-12:00,13:01-16:00",2026-05-21,20260420,20260521,False
605,00701.XHKG,7790056.0,CNT GROUP,CNTGROUP,MainBoard,CNTGROUP,1991-05-21,0000-00-00,Active,2000.0,,XHKG,CS,00701,00701_01.XHKG,,"09:31-12:00,13:01-16:00",2026-05-21,20260420,20260521,False
606,00789.XHKG,7737961.0,ARTINI HLDG,YTNJT,MainBoard,雅天妮集团,2008-05-16,0000-00-00,Active,20000.0,,XHKG,CS,00789,00789_01.XHKG,,"09:31-12:00,13:01-16:00",2026-05-21,20260420,20260521,False
607,08403.XHKG,7723352.0,DEFENG SOLIFE,DFSL,GEM,德丰宿来,2018-06-12,0000-00-00,Active,4000.0,,XHKG,CS,08403,08403_01.XHKG,,"09:31-12:00,13:01-16:00",2026-05-21,20260420,20260521,False
608,02230.XHKG,7720727.0,MEDIALINK GROUP,LBJT,MainBoard,羚邦集团,2019-05-21,0000-00-00,Active,5000.0,,XHKG,CS,02230,02230_01.XHKG,,"09:31-12:00,13:01-16:00",2026-05-21,20260420,20260521,False
609,01373.XHKG,7605455.0,IH RETAIL,GJJJLS,MainBoard,国际家居零售,2013-09-25,0000-00-00,Active,1000.0,,XHKG,CS,01373,01373_01.XHKG,,"09:31-12:00,13:01-16:00",2026-05-21,20260420,20260521,False
610,08247.XHKG,7575600.0,BIOSINO BIO-TEC,ZSBKSWKJ,GEM,中生北控生物科技,2006-02-27,0000-00-00,Active,2000.0,,XHKG,CS,08247,08247_01.XHKG,,"09:31-12:00,13:01-16:00",2026-05-21,20260420,20260521,False
611,00103.XHKG,7574852.0,SHOUGANG CENT,SJKJ,MainBoard,首佳科技,1992-04-09,0000-00-00,Active,1000.0,,XHKG,CS,00103,00103_01.XHKG,,"09:31-12:00,13:01-16:00",2026-05-21,20260420,20260521,False
612,08041.XHKG,7521411.0,INTELLIMARK AI,ZWZM,GEM,中微智码,2000-07-07,0000-00-00,Active,5000.0,,XHKG,CS,08041,08041_01.XHKG,,"09:31-12:00,13:01-16:00",2026-05-21,20260420,20260521,False
613,00289.XHKG,7519968.0,WING ON CO,WINGONCO,MainBoard,WINGONCO,1980-01-02,0000-00-00,Active,1000.0,,XHKG,CS,00289,00289_01.XHKG,,"09:31-12:00,13:01-16:00",2026-05-21,20260420,20260521,False
614,00822.XHKG,7519774.0,KA SHUI INT'L,JRGJ,MainBoard,嘉瑞国际,2007-06-27,0000-00-00,Active,2000.0,,XHKG,CS,00822,00822_01.XHKG,,"09:31-12:00,13:01-16:00",2026-05-21,20260420,20260521,False
615,08356.XHKG,7519114.0,TSUN YIP HLDGS,JYKG,GEM,进业控股,2010-08-30,0000-00-00,Active,2000.0,,XHKG,CS,08356,08356_01.XHKG,,"09:31-12:00,13:01-16:00",2026-05-21,20260420,20260521,False
616,00064.XHKG,7506523.0,GET NICE,JHKG,MainBoard,结好控股,2002-06-06,0000-00-00,Active,2000.0,,XHKG,CS,00064,00064_01.XHKG,,"09:31-12:00,13:01-16:00",2026-05-21,20260420,20260521,False
617,09616.XHKG,7503768.0,NEUTECH GROUP,DRRXJT,MainBoard,东软睿新集团,2020-09-29,0000-00-00,Active,800.0,,XHKG,CS,09616,09616_01.XHKG,,"09:31-12:00,13:01-16:00",2026-05-21,20260420,20260521,False
618,08268.XHKG,7483440.0,SMART CITY DEV,ZCFZKG,GEM,智城发展控股,2015-01-08,0000-00-00,Active,8000.0,,XHKG,CS,08268,08268_01.XHKG,,"09:31-12:00,13:01-16:00",2026-05-21,20260420,20260521,False
619,03708.XHKG,7472367.0,WORLD DIGI ECON,SJSZJJCY,MainBoard,世界数字经济产业,2015-01-14,0000-00-00,Active,10000.0,,XHKG,CS,03708,03708_01.XHKG,,"09:31-12:00,13:01-16:00",2026-05-21,20260420,20260521,False
620,08238.XHKG,7452979.0,WINTO GROUP,HTJT,GEM,惠陶集团,2015-02-16,0000-00-00,Active,8000.0,,XHKG,CS,08238,08238_01.XHKG,,"09:31-12:00,13:01-16:00",2026-05-21,20260420,20260521,False
621,00057.XHKG,7439360.0,CHEN HSONG HOLD,ZXJT,MainBoard,震雄集团,1991-10-22,0000-00-00,Active,2000.0,,XHKG,CS,00057,00057_01.XHKG,,"09:31-12:00,13:01-16:00",2026-05-21,20260420,20260521,False
622,01488.XHKG,7427756.0,BEST FOOD HLDG,BFKG,MainBoard,百福控股,2011-06-27,0000-00-00,Active,2000.0,,XHKG,CS,01488,01488_01.XHKG,,"09:31-12:00,13:01-16:00",2026-05-21,20260420,20260521,False
623,01069.XHKG,7370435.0,CN HEALTH TECH,ZGJKKJJT,MainBoard,中国健康科技集团,2011-05-16,0000-00-00,Active,10000.0,,XHKG,CS,01069,01069_01.XHKG,,"09:31-12:00,13:01-16:00",2026-05-21,20260420,20260521,False
624,00361.XHKG,7350400.0,HANFORT DEV H,HCFZKG,MainBoard,汉成发展控股,2000-12-20,0000-00-00,Active,20000.0,,XHKG,CS,00361,00361_01.XHKG,,"09:31-12:00,13:01-16:00",2026-05-21,20260420,20260521,False
625,02886.XHKG,7337410.0,BINHAI INV,BHTZ,MainBoard,滨海投资,2014-02-11,0000-00-00,Active,2000.0,,XHKG,CS,02886,02886_01.XHKG,,"09:31-12:00,13:01-16:00",2026-05-21,20260420,20260521,False
626,01346.XHKG,7329360.0,LEVER STYLE,LHKGJT,MainBoard,利华控股集团,2019-11-13,0000-00-00,Active,4000.0,,XHKG,CS,01346,01346_01.XHKG,,"09:31-12:00,13:01-16:00",2026-05-21,20260420,20260521,False
627,00533.XHKG,7317625.0,GOLDLION HOLD,JLLJT,MainBoard,金利来集团,1992-09-18,0000-00-00,Active,1000.0,,XHKG,CS,00533,00533_01.XHKG,,"09:31-12:00,13:01-16:00",2026-05-21,20260420,20260521,False
628,08611.XHKG,7301300.0,MINDTELL TECH,JFL,GEM,九福来,2018-10-22,0000-00-00,Active,5000.0,,XHKG,CS,08611,08611_01.XHKG,,"09:31-12:00,13:01-16:00",2026-05-21,20260420,20260521,False
629,00640.XHKG,7298860.0,INFINITY DEV,XQFZ,MainBoard,星谦发展,2010-08-12,0000-00-00,Active,2000.0,,XHKG,CS,00640,00640_01.XHKG,,"09:31-12:00,13:01-16:00",2026-05-21,20260420,20260521,False
630,00538.XHKG,7265179.0,AJISEN (CHINA),WQZG,MainBoard,味千(中国),2007-03-30,0000-00-00,Active,1000.0,,XHKG,CS,00538,00538_01.XHKG,,"09:31-12:00,13:01-16:00",2026-05-21,20260420,20260521,False
631,01332.XHKG,7242030.0,TOUYUN BIOTECH,TYSW,MainBoard,透云生物,2012-07-12,0000-00-00,Active,10000.0,,XHKG,CS,01332,01332_01.XHKG,,"09:31-12:00,13:01-16:00",2026-05-21,20260420,20260521,False
632,08146.XHKG,7083300.0,GRACEWINE,YYJY,GEM,怡园酒业,2018-06-27,0000-00-00,Active,10000.0,,XHKG,CS,08146,08146_02.XHKG,,"09:31-12:00,13:01-16:00",2026-05-21,20260420,20260521,False
633,00393.XHKG,7064940.0,GLORIOUS SUN,XRQY,MainBoard,旭日企业,1996-09-17,0000-00-00,Active,4000.0,,XHKG,CS,00393,00393_01.XHKG,,"09:31-12:00,13:01-16:00",2026-05-21,20260420,20260521,False
634,09876.XHKG,7058500.0,OCEAN ONE HLDG,DYHQKG,MainBoard,大洋环球控股,2025-11-03,0000-00-00,Active,2000.0,,XHKG,CS,09876,09876_01.XHKG,,"09:31-12:00,13:01-16:00",2026-05-21,20260420,20260521,False
635,00947.XHKG,7051319.0,MOBI DEV,MBFZ,MainBoard,摩比发展,2009-12-17,0000-00-00,Active,1000.0,,XHKG,CS,00947,00947_01.XHKG,,"09:31-12:00,13:01-16:00",2026-05-21,20260420,20260521,False
636,02391.XHKG,7038410.0,TUYA-W,TYZNW,MainBoard,涂鸦智能-W,2022-07-05,0000-00-00,Active,200.0,,XHKG,CS,02391,02391_01.XHKG,,"09:31-12:00,13:01-16:00",2026-05-21,20260420,20260521,False
637,02136.XHKG,7009855.0,LIFESTYLE CHI,LFZG,MainBoard,利福中国,2016-07-15,0000-00-00,Active,500.0,,XHKG,CS,02136,02136_01.XHKG,,"09:31-12:00,13:01-16:00",2026-05-21,20260420,20260521,False
638,01526.XHKG,6962470.0,RICI HEALTH,RCYL,MainBoard,瑞慈医疗,2016-10-06,0000-00-00,Active,1000.0,,XHKG,CS,01526,01526_01.XHKG,,"09:31-12:00,13:01-16:00",2026-05-21,20260420,20260521,False
639,01731.XHKG,6892800.0,PROSPEROUS IND,QLGYJT,MainBoard,其利工业集团,2018-07-13,0000-00-00,Active,4000.0,,XHKG,CS,01731,01731_01.XHKG,,"09:31-12:00,13:01-16:00",2026-05-21,20260420,20260521,False
640,01803.XHKG,6878592.0,BJ SPORTS & ENT,BJTYWH,MainBoard,北京体育文化,2012-01-16,0000-00-00,Active,2500.0,,XHKG,CS,01803,01803_01.XHKG,,"09:31-12:00,13:01-16:00",2026-05-21,20260420,20260521,False
641,02381.XHKG,6836740.0,SMC ELECTRIC,XKDY,MainBoard,蚬壳电业,2020-06-02,0000-00-00,Active,10000.0,,XHKG,CS,02381,02381_01.XHKG,,"09:31-12:00,13:01-16:00",2026-05-21,20260420,20260521,False
642,02390.XHKG,6814920.0,ZHIHU-W,ZHW,MainBoard,知乎-W,2022-04-22,0000-00-00,Active,100.0,,XHKG,CS,02390,02390_01.XHKG,,"09:31-12:00,13:01-16:00",2026-05-21,20260420,20260521,False
643,06913.XHKG,6806218.0,SCVE GROUP,HNZYJY,MainBoard,华南职业教育,2021-07-13,0000-00-00,Active,2000.0,,XHKG,CS,06913,06913_01.XHKG,,"09:31-12:00,13:01-16:00",2026-05-21,20260420,20260521,False
644,02518.XHKG,6751475.0,AUTOHOME-S,QCZJS,MainBoard,汽车之家-S,2021-03-15,0000-00-00,Active,100.0,,XHKG,CS,02518,02518_01.XHKG,,"09:31-12:00,13:01-16:00",2026-05-21,20260420,20260521,False
645,03989.XHKG,6726656.0,CAPITAL ENV,SCHJ,MainBoard,首创环境,2006-07-13,0000-00-00,Active,2000.0,,XHKG,CS,03989,03989_01.XHKG,,"09:31-12:00,13:01-16:00",2026-05-21,20260420,20260521,False
646,00499.XHKG,6698794.0,QINGDAO HLDGS,QDKG,MainBoard,青岛控股,1988-07-22,0000-00-00,Active,2000.0,,XHKG,CS,00499,00499_01.XHKG,,"09:31-12:00,13:01-16:00",2026-05-21,20260420,20260521,False
647,08480.XHKG,6666156.0,FURNIWEB,FNKG,GEM,飞霓控股,2017-10-16,0000-00-00,Active,4000.0,,XHKG,CS,08480,08480_01.XHKG,,"09:31-12:00,13:01-16:00",2026-05-21,20260420,20260521,False
648,02396.XHKG,6652544.0,B&K CORP-B,HRSWB,MainBoard,华芢生物-B,2025-12-22,0000-00-00,Active,200.0,,XHKG,CS,02396,02396_01.XHKG,,"09:31-12:00,13:01-16:00",2026-05-21,20260420,20260521,False
649,01539.XHKG,6641000.0,UNITY GP HLDGS,ZXJTKG,MainBoard,知行集团控股,2016-10-26,0000-00-00,Active,2000.0,,XHKG,CS,01539,01539_01.XHKG,,"09:31-12:00,13:01-16:00",2026-05-21,20260420,20260521,False
650,00355.XHKG,6617611.0,CENTURY C INT'L,SJCSGJ,MainBoard,世纪城市国际,1981-09-07,0000-00-00,Active,4000.0,,XHKG,CS,00355,00355_01.XHKG,,"09:31-12:00,13:01-16:00",2026-05-21,20260420,20260521,False
651,00591.XHKG,6609831.0,C HIGHPRECISION,ZGGJM,MainBoard,中国高精密,2009-11-13,0000-00-00,Active,1000.0,,XHKG,CS,00591,00591_01.XHKG,,"09:31-12:00,13:01-16:00",2026-05-21,20260420,20260521,False
652,02271.XHKG,6590512.0,ZHONGAN SERVICE,ZAZHSH,MainBoard,众安智慧生活,2023-07-18,0000-00-00,Active,2000.0,,XHKG,CS,02271,02271_01.XHKG,,"09:31-12:00,13:01-16:00",2026-05-21,20260420,20260521,False
653,02625.XHKG,6567540.0,JIANGSU HORIZON,JSHX,MainBoard,江苏宏信,2025-03-31,0000-00-00,Active,1000.0,,XHKG,CS,02625,02625_01.XHKG,,"09:31-12:00,13:01-16:00",2026-05-21,20260420,20260521,False
654,00228.XHKG,6563824.0,CHINA ENERGY,ZNKG,MainBoard,中能控股,2002-02-18,0000-00-00,Active,2000.0,,XHKG,CS,00228,00228_01.XHKG,,"09:31-12:00,13:01-16:00",2026-05-21,20260420,20260521,False
655,01718.XHKG,6528330.0,WAN KEI GROUP,HJJTKG,MainBoard,宏基集团控股,2015-08-11,0000-00-00,Active,5000.0,,XHKG,CS,01718,01718_01.XHKG,,"09:31-12:00,13:01-16:00",2026-05-21,20260420,20260521,False
656,00098.XHKG,6493630.0,XINGFA ALUM,XFLY,MainBoard,兴发铝业,2008-03-31,0000-00-00,Active,1000.0,,XHKG,CS,00098,00098_02.XHKG,,"09:31-12:00,13:01-16:00",2026-05-21,20260420,20260521,False
657,01740.XHKG,6487805.0,VALUES CULTURAL,XSWH,MainBoard,新石文化,2020-01-16,0000-00-00,Active,5000.0,,XHKG,CS,01740,01740_01.XHKG,,"09:31-12:00,13:01-16:00",2026-05-21,20260420,20260521,False
658,01159.XHKG,6475443.0,SMART DIGI TECH,ZSKJJT,MainBoard,智数科技集团,1998-03-13,0000-00-00,Active,2000.0,,XHKG,CS,01159,01159_01.XHKG,,"09:31-12:00,13:01-16:00",2026-05-21,20260420,20260521,False
659,02372.XHKG,6466900.0,WEILI HOLDINGS,WLKG,MainBoard,伟立控股,2022-06-30,0000-00-00,Active,4000.0,,XHKG,CS,02372,02372_01.XHKG,,"09:31-12:00,13:01-16:00",2026-05-21,20260420,20260521,False
660,02863.XHKG,6434640.0,GOLDEN FAITH GP,GFJTKG,MainBoard,高丰集团控股,2017-08-11,0000-00-00,Active,3000.0,,XHKG,CS,02863,02863_01.XHKG,,"09:31-12:00,13:01-16:00",2026-05-21,20260420,20260521,False
661,08413.XHKG,6415330.0,ASIA GROCERY,YZFS,GEM,亚洲富思,2017-04-13,0000-00-00,Active,10000.0,,XHKG,CS,08413,08413_01.XHKG,,"09:31-12:00,13:01-16:00",2026-05-21,20260420,20260521,False
662,00204.XHKG,6353704.0,CAPITAL REALM,ZBJJK,MainBoard,资本界金控,2000-12-12,0000-00-00,Active,5000.0,,XHKG,CS,00204,00204_01.XHKG,,"09:31-12:00,13:01-16:00",2026-05-21,20260420,20260521,False
663,03315.XHKG,6341082.0,GOLDPAC GROUP,JBDBJ,MainBoard,金邦达宝嘉,2013-12-04,0000-00-00,Active,1000.0,,XHKG,CS,03315,03315_01.XHKG,,"09:31-12:00,13:01-16:00",2026-05-21,20260420,20260521,False
664,03828.XHKG,6337770.0,MING FAI INT'L,MHGJ,MainBoard,明辉国际,2007-11-02,0000-00-00,Active,1000.0,,XHKG,CS,03828,03828_01.XHKG,,"09:31-12:00,13:01-16:00",2026-05-21,20260420,20260521,False
665,06922.XHKG,6300214.0,CRYOFOCUS-B,KFSWB,MainBoard,康沣生物-B,2022-12-30,0000-00-00,Active,200.0,,XHKG,CS,06922,06922_01.XHKG,,"09:31-12:00,13:01-16:00",2026-05-21,20260420,20260521,False
666,00432.XHKG,6293635.0,PCPD,YDDC,MainBoard,盈大地产,1993-09-20,0000-00-00,Active,1000.0,,XHKG,CS,00432,00432_01.XHKG,,"09:31-12:00,13:01-16:00",2026-05-21,20260420,20260521,False
667,02566.XHKG,6285568.0,JIUYUAN GENE,JYJY,MainBoard,九源基因,2024-11-28,0000-00-00,Active,200.0,,XHKG,CS,02566,02566_01.XHKG,,"09:31-12:00,13:01-16:00",2026-05-21,20260420,20260521,False
668,01745.XHKG,6259897.0,LVJI TECH,LJKJ,MainBoard,驴迹科技,2020-01-17,0000-00-00,Active,2000.0,,XHKG,CS,01745,01745_01.XHKG,,"09:31-12:00,13:01-16:00",2026-05-21,20260420,20260521,False
669,00804.XHKG,6249687.0,PINESTONE,DSZB,MainBoard,鼎石资本,2017-06-08,0000-00-00,Active,5000.0,,XHKG,CS,00804,00804_01.XHKG,,"09:31-12:00,13:01-16:00",2026-05-21,20260420,20260521,False
670,00526.XHKG,6243044.0,LISI GP HOLD,LSJTKG,MainBoard,利时集团控股,1995-10-11,0000-00-00,Active,2000.0,,XHKG,CS,00526,00526_01.XHKG,,"09:31-12:00,13:01-16:00",2026-05-21,20260420,20260521,False
671,01945.XHKG,6237324.0,ZERO2IPO,QKKG,MainBoard,清科控股,2020-12-30,0000-00-00,Active,400.0,,XHKG,CS,01945,01945_01.XHKG,,"09:31-12:00,13:01-16:00",2026-05-21,20260420,20260521,False
672,02502.XHKG,6221715.0,JINYUAN HCHEM,JYQH,MainBoard,金源氢化,2023-12-20,0000-00-00,Active,2000.0,,XHKG,CS,02502,02502_01.XHKG,,"09:31-12:00,13:01-16:00",2026-05-21,20260420,20260521,False
673,08491.XHKG,6209675.0,COOL LINK,COOLLINK,GEM,COOLLINK,2017-09-22,0000-00-00,Active,5000.0,,XHKG,CS,08491,08491_01.XHKG,,"09:31-12:00,13:01-16:00",2026-05-21,20260420,20260521,False
674,00113.XHKG,6202277.0,DICKSON CONCEPT,DSCJ,MainBoard,迪生创建,1973-03-15,0000-00-00,Active,500.0,,XHKG,CS,00113,00113_01.XHKG,,"09:31-12:00,13:01-16:00",2026-05-21,20260420,20260521,False
675,06829.XHKG,6190090.0,DRAGON RISE GP,LSJTKG,MainBoard,龙升集团控股,2018-02-08,0000-00-00,Active,1000.0,,XHKG,CS,06829,06829_01.XHKG,,"09:31-12:00,13:01-16:00",2026-05-21,20260420,20260521,False
676,00235.XHKG,6176075.0,CSC HOLDINGS,ZCZBKG,MainBoard,中策资本控股,1972-12-04,0000-00-00,Active,5000.0,,XHKG,CS,00235,00235_01.XHKG,,"09:31-12:00,13:01-16:00",2026-05-21,20260420,20260521,False
677,01500.XHKG,6168070.0,INCON,XHJZ,MainBoard,现恒建筑,2015-04-16,0000-00-00,Active,5000.0,,XHKG,CS,01500,01500_01.XHKG,,"09:31-12:00,13:01-16:00",2026-05-21,20260420,20260521,False
678,02569.XHKG,6146150.0,SOFT INTL,SBGJ,MainBoard,舒宝国际,2025-03-27,0000-00-00,Active,5000.0,,XHKG,CS,02569,02569_01.XHKG,,"09:31-12:00,13:01-16:00",2026-05-21,20260420,20260521,False
679,08300.XHKG,6115220.0,JIN MI FANG GP,JMFJT,GEM,今米房集团,2016-08-08,0000-00-00,Active,20000.0,,XHKG,CS,08300,08300_01.XHKG,,"09:31-12:00,13:01-16:00",2026-05-21,20260420,20260521,False
680,00130.XHKG,6105590.0,MOISELLE INT'L,MSGJ,MainBoard,慕诗国际,2002-02-11,0000-00-00,Active,2000.0,,XHKG,CS,00130,00130_01.XHKG,,"09:31-12:00,13:01-16:00",2026-05-21,20260420,20260521,False
681,01471.XHKG,6096061.0,ZHONGMIAO,ZMKG,MainBoard,众淼控股,2024-08-06,0000-00-00,Active,100.0,,XHKG,CS,01471,01471_01.XHKG,,"09:31-12:00,13:01-16:00",2026-05-21,20260420,20260521,False
682,00690.XHKG,6029194.0,UNI-BIO GROUP,LKSWKJJT,MainBoard,联康生物科技集团,2001-11-12,0000-00-00,Active,20000.0,,XHKG,CS,00690,00690_01.XHKG,,"09:31-12:00,13:01-16:00",2026-05-21,20260420,20260521,False
683,01641.XHKG,6023223.0,HX COLDCHAIN,HXLL,MainBoard,红星冷链,2026-01-13,0000-00-00,Active,500.0,,XHKG,CS,01641,01641_01.XHKG,,"09:31-12:00,13:01-16:00",2026-05-21,20260420,20260521,False
684,01948.XHKG,6010710.0,UJU HOLDING,YJKG,MainBoard,优矩控股,2021-11-08,0000-00-00,Active,1000.0,,XHKG,CS,01948,01948_01.XHKG,,"09:31-12:00,13:01-16:00",2026-05-21,20260420,20260521,False
685,00472.XHKG,6008877.0,NEW SILKROAD,XSLKGJT,MainBoard,新丝路控股集团,1988-01-29,0000-00-00,Active,10000.0,,XHKG,CS,00472,00472_01.XHKG,,"09:31-12:00,13:01-16:00",2026-05-21,20260420,20260521,False
686,02368.XHKG,6004560.0,EAGLE NICE,YM,MainBoard,鹰美,2003-08-22,0000-00-00,Active,2000.0,,XHKG,CS,02368,02368_01.XHKG,,"09:31-12:00,13:01-16:00",2026-05-21,20260420,20260521,False
687,01272.XHKG,5973920.0,DATANG ENVIRO,DTHJ,MainBoard,大唐环境,2016-11-15,0000-00-00,Active,1000.0,,XHKG,CS,01272,01272_01.XHKG,,"09:31-12:00,13:01-16:00",2026-05-21,20260420,20260521,False
688,08186.XHKG,5951681.0,ALMANA,MN,GEM,曼妠,2001-12-31,0000-00-00,Active,5000.0,,XHKG,CS,08186,08186_01.XHKG,,"09:31-12:00,13:01-16:00",2026-05-21,20260420,20260521,False
689,09639.XHKG,5934450.0,WING LEE DEV,RLYZ,MainBoard,荣利营造,2024-10-09,0000-00-00,Active,5000.0,,XHKG,CS,09639,09639_01.XHKG,,"09:31-12:00,13:01-16:00",2026-05-21,20260420,20260521,False
690,01013.XHKG,5873540.0,WAI CHUN GROUP,WJJTKG,MainBoard,伟俊集团控股,1997-02-03,0000-00-00,Active,10000.0,,XHKG,CS,01013,01013_01.XHKG,,"09:31-12:00,13:01-16:00",2026-05-21,20260420,20260521,False
691,01270.XHKG,5857101.0,LANGHAM-SS,LTSS,MainBoard,朗廷-SS,2013-05-30,0000-00-00,Active,2000.0,,XHKG,CS,01270,01270_01.XHKG,,"09:31-12:00,13:01-16:00",2026-05-21,20260420,20260521,False
692,00026.XHKG,5855126.0,CHINA MOTOR BUS,ZHQC,MainBoard,中华汽车,1962-01-01,0000-00-00,Active,200.0,,XHKG,CS,00026,00026_01.XHKG,,"09:31-12:00,13:01-16:00",2026-05-21,20260420,20260521,False
693,00196.XHKG,5823471.0,HONGHUA GROUP,HHJT,MainBoard,宏华集团,2008-03-07,0000-00-00,Active,1000.0,,XHKG,CS,00196,00196_01.XHKG,,"09:31-12:00,13:01-16:00",2026-05-21,20260420,20260521,False
694,01022.XHKG,5740125.0,FEIYU,FYKJ,MainBoard,飞鱼科技,2014-12-05,0000-00-00,Active,1500.0,,XHKG,CS,01022,01022_01.XHKG,,"09:31-12:00,13:01-16:00",2026-05-21,20260420,20260521,False
695,02250.XHKG,5739560.0,B.DUCK SEMK,XHYDY,MainBoard,小黄鸭德盈,2022-01-17,0000-00-00,Active,1000.0,,XHKG,CS,02250,02250_01.XHKG,,"09:31-12:00,13:01-16:00",2026-05-21,20260420,20260521,False
696,00938.XHKG,5722188.0,MAN SANG INT'L,MSGJ,MainBoard,民生国际,1997-09-26,0000-00-00,Active,2000.0,,XHKG,CS,00938,00938_01.XHKG,,"09:31-12:00,13:01-16:00",2026-05-21,20260420,20260521,False
697,06928.XHKG,5721094.0,TOMO HOLDINGS,WMKG,MainBoard,万马控股,2019-12-23,0000-00-00,Active,4000.0,,XHKG,CS,06928,06928_01.XHKG,,"09:31-12:00,13:01-16:00",2026-05-21,20260420,20260521,False
698,01613.XHKG,5677706.0,SYNERTONE,XTTX,MainBoard,协同通信,2012-04-18,0000-00-00,Active,6400.0,,XHKG,CS,01613,01613_01.XHKG,,"09:31-12:00,13:01-16:00",2026-05-21,20260420,20260521,False
699,09609.XHKG,5673184.0,HAIWEI ELEC,HWGF,MainBoard,海伟股份,2025-11-28,0000-00-00,Active,200.0,,XHKG,CS,09609,09609_01.XHKG,,"09:31-12:00,13:01-16:00",2026-05-21,20260420,20260521,False
700,01732.XHKG,5642252.0,XIANGXING INT,XXGJ,MainBoard,象兴国际,2019-09-06,0000-00-00,Active,20000.0,,XHKG,CS,01732,01732_01.XHKG,,"09:31-12:00,13:01-16:00",2026-05-21,20260420,20260521,False
701,02322.XHKG,5585832.0,MODERN INNO DT,XZSZ,MainBoard,新质数字,2003-04-09,0000-00-00,Active,8000.0,,XHKG,CS,02322,02322_01.XHKG,,"09:31-12:00,13:01-16:00",2026-05-21,20260420,20260521,False
702,02176.XHKG,5541750.0,CCID CONSULTING,SDGW,MainBoard,赛迪顾问,2021-05-14,0000-00-00,Active,10000.0,,XHKG,CS,02176,02176_01.XHKG,,"09:31-12:00,13:01-16:00",2026-05-21,20260420,20260521,False
703,08549.XHKG,5534233.0,GOLDEN LEAF INT,JYGJJT,GEM,金叶国际集团,2025-10-10,0000-00-00,Active,5000.0,,XHKG,CS,08549,08549_01.XHKG,,"09:31-12:00,13:01-16:00",2026-05-21,20260420,20260521,False
704,01650.XHKG,5519888.0,HYGIEIA GROUP,HYGIEIAGROUP,MainBoard,HYGIEIAGROUP,2020-07-03,0000-00-00,Active,8000.0,,XHKG,CS,01650,01650_01.XHKG,,"09:31-12:00,13:01-16:00",2026-05-21,20260420,20260521,False
705,02167.XHKG,5476244.0,TI CLOUD,TRY,MainBoard,天润云,2022-06-30,0000-00-00,Active,200.0,,XHKG,CS,02167,02167_01.XHKG,,"09:31-12:00,13:01-16:00",2026-05-21,20260420,20260521,False
706,03318.XHKG,5459593.0,CHINA BOTON,ZGBD,MainBoard,中国波顿,2005-12-09,0000-00-00,Active,2000.0,,XHKG,CS,03318,03318_01.XHKG,,"09:31-12:00,13:01-16:00",2026-05-21,20260420,20260521,False
707,00953.XHKG,5442164.0,SHAW BROTHERS,SSXDKG,MainBoard,邵氏兄弟控股,2010-02-01,0000-00-00,Active,2000.0,,XHKG,CS,00953,00953_01.XHKG,,"09:31-12:00,13:01-16:00",2026-05-21,20260420,20260521,False
708,02480.XHKG,5429772.0,LUZHU BIOTECH-B,LZSWB,MainBoard,绿竹生物-B,2023-05-08,0000-00-00,Active,200.0,,XHKG,CS,02480,02480_01.XHKG,,"09:31-12:00,13:01-16:00",2026-05-21,20260420,20260521,False
709,08153.XHKG,5407002.0,JIADING INTL GP,JDGJJT,GEM,嘉鼎国际集团,2001-03-30,0000-00-00,Active,5000.0,,XHKG,CS,08153,08153_01.XHKG,,"09:31-12:00,13:01-16:00",2026-05-21,20260420,20260521,False
710,01102.XHKG,5394863.0,ENVIRO ENERGY,HNGJ,MainBoard,环能国际,2010-12-17,0000-00-00,Active,2000.0,,XHKG,CS,01102,01102_01.XHKG,,"09:31-12:00,13:01-16:00",2026-05-21,20260420,20260521,False
711,00353.XHKG,5376891.0,ENERGY INTINV,NYGJTZ,MainBoard,能源国际投资,2001-07-26,0000-00-00,Active,4000.0,,XHKG,CS,00353,00353_01.XHKG,,"09:31-12:00,13:01-16:00",2026-05-21,20260420,20260521,False
712,06668.XHKG,5376730.0,E-STAR CM,XSSY,MainBoard,星盛商业,2021-01-26,0000-00-00,Active,1000.0,,XHKG,CS,06668,06668_01.XHKG,,"09:31-12:00,13:01-16:00",2026-05-21,20260420,20260521,False
713,00626.XHKG,5376600.0,PUBLIC FIN HOLD,DZJRKG,MainBoard,大众金融控股,1991-10-03,0000-00-00,Active,2000.0,,XHKG,CS,00626,00626_01.XHKG,,"09:31-12:00,13:01-16:00",2026-05-21,20260420,20260521,False
714,08368.XHKG,5365996.0,CREATIVE CHINA,ZGCYKG,GEM,中国创意控股,2015-11-18,0000-00-00,Active,10000.0,,XHKG,CS,08368,08368_01.XHKG,,"09:31-12:00,13:01-16:00",2026-05-21,20260420,20260521,False
715,08056.XHKG,5361610.0,LIFE CONCEPTS,SHGN,GEM,生活概念,2016-08-05,0000-00-00,Active,10000.0,,XHKG,CS,08056,08056_03.XHKG,,"09:31-12:00,13:01-16:00",2026-05-21,20260420,20260521,False
716,01726.XHKG,5333100.0,HKE HOLDINGS,HKEHOLDINGS,MainBoard,HKEHOLDINGS,2018-04-18,0000-00-00,Active,5000.0,,XHKG,CS,01726,01726_01.XHKG,,"09:31-12:00,13:01-16:00",2026-05-21,20260420,20260521,False
717,01278.XHKG,5324491.0,CHINANEWTOWN,ZGXCZ,MainBoard,中国新城镇,2010-10-22,0000-00-00,Active,2500.0,,XHKG,CS,01278,01278_01.XHKG,,"09:31-12:00,13:01-16:00",2026-05-21,20260420,20260521,False
718,00560.XHKG,5315357.0,CHU KONG SHIP,ZJCW,MainBoard,珠江船务,1997-05-23,0000-00-00,Active,2000.0,,XHKG,CS,00560,00560_01.XHKG,,"09:31-12:00,13:01-16:00",2026-05-21,20260420,20260521,False
719,08147.XHKG,5307815.0,MILLENNIUM PG,HSTPY,GEM,汇思太平洋,2014-07-18,0000-00-00,Active,8000.0,,XHKG,CS,08147,08147_01.XHKG,,"09:31-12:00,13:01-16:00",2026-05-21,20260420,20260521,False
720,01100.XHKG,5290264.0,MAINLAND HOLD,FDKG,MainBoard,飞达控股,2000-12-13,0000-00-00,Active,2000.0,,XHKG,CS,01100,01100_01.XHKG,,"09:31-12:00,13:01-16:00",2026-05-21,20260420,20260521,False
721,00831.XHKG,5252116.0,CR ASIA,LYLS,MainBoard,利亚零售,2011-06-20,0000-00-00,Active,2000.0,,XHKG,CS,00831,00831_01.XHKG,,"09:31-12:00,13:01-16:00",2026-05-21,20260420,20260521,False
722,01536.XHKG,5198570.0,YUK WING GP,YRJT,MainBoard,煜荣集团,2017-01-11,0000-00-00,Active,2000.0,,XHKG,CS,01536,01536_01.XHKG,,"09:31-12:00,13:01-16:00",2026-05-21,20260420,20260521,False
723,03686.XHKG,5169300.0,CLIFFORDML,QFSHFW,MainBoard,祈福生活服务,2016-11-08,0000-00-00,Active,10000.0,,XHKG,CS,03686,03686_01.XHKG,,"09:31-12:00,13:01-16:00",2026-05-21,20260420,20260521,False
724,02425.XHKG,5121889.0,AUSTASIA GROUP,AYJT,MainBoard,澳亚集团,2022-12-30,0000-00-00,Active,1000.0,,XHKG,CS,02425,02425_01.XHKG,,"09:31-12:00,13:01-16:00",2026-05-21,20260420,20260521,False
725,02512.XHKG,5106550.0,CLOUD FACTORY,YGC,MainBoard,云工场,2024-06-14,0000-00-00,Active,1000.0,,XHKG,CS,02512,02512_01.XHKG,,"09:31-12:00,13:01-16:00",2026-05-21,20260420,20260521,False
726,01049.XHKG,5101775.0,CELESTIAL ASIA,SFTZ,MainBoard,时富投资,1994-04-27,0000-00-00,Active,2000.0,,XHKG,CS,01049,01049_01.XHKG,,"09:31-12:00,13:01-16:00",2026-05-21,20260420,20260521,False
727,00184.XHKG,5081380.0,KECK SENG INV,JCTZ,MainBoard,激成投资,1973-02-24,0000-00-00,Active,2000.0,,XHKG,CS,00184,00184_01.XHKG,,"09:31-12:00,13:01-16:00",2026-05-21,20260420,20260521,False
728,03789.XHKG,5068346.0,ROYAL DELUXE,YJKG,MainBoard,御佳控股,2017-02-08,0000-00-00,Active,4000.0,,XHKG,CS,03789,03789_01.XHKG,,"09:31-12:00,13:01-16:00",2026-05-21,20260420,20260521,False
729,02520.XHKG,5045560.0,SHANXI INSTALL,SXAZ,MainBoard,山西安装,2023-11-22,0000-00-00,Active,2000.0,,XHKG,CS,02520,02520_01.XHKG,,"09:31-12:00,13:01-16:00",2026-05-21,20260420,20260521,False
730,01846.XHKG,5030470.0,EUROEYES,DSJ,MainBoard,德视佳,2019-10-15,0000-00-00,Active,1000.0,,XHKG,CS,01846,01846_01.XHKG,,"09:31-12:00,13:01-16:00",2026-05-21,20260420,20260521,False
731,01786.XHKG,5025910.0,CRCCE,TJZB,MainBoard,铁建装备,2015-12-16,0000-00-00,Active,500.0,,XHKG,CS,01786,01786_01.XHKG,,"09:31-12:00,13:01-16:00",2026-05-21,20260420,20260521,False
732,08281.XHKG,5012760.0,CH GOLD CLASSIC,ZGJDJT,GEM,中国金典集团,2016-07-08,0000-00-00,Active,8000.0,,XHKG,CS,08281,08281_01.XHKG,,"09:31-12:00,13:01-16:00",2026-05-21,20260420,20260521,False
733,01090.XHKG,4972400.0,DA MING INT'L,DMGJ,MainBoard,大明国际,2010-12-01,0000-00-00,Active,2000.0,,XHKG,CS,01090,01090_01.XHKG,,"09:31-12:00,13:01-16:00",2026-05-21,20260420,20260521,False
734,00620.XHKG,4971134.0,DTXS SILK ROAD,DTXS,MainBoard,大唐西市,1991-09-30,0000-00-00,Active,2000.0,,XHKG,CS,00620,00620_01.XHKG,,"09:31-12:00,13:01-16:00",2026-05-21,20260420,20260521,False
735,01967.XHKG,4969660.0,CONFIDENCE IN,XKZN,MainBoard,信恳智能,2019-10-18,0000-00-00,Active,200.0,,XHKG,CS,01967,01967_01.XHKG,,"09:31-12:00,13:01-16:00",2026-05-21,20260420,20260521,False
736,08436.XHKG,4958575.0,TAKBO GROUP,DBJTKG,GEM,德宝集团控股,2017-10-27,0000-00-00,Active,5000.0,,XHKG,CS,08436,08436_01.XHKG,,"09:31-12:00,13:01-16:00",2026-05-21,20260420,20260521,False
737,01143.XHKG,4956813.0,CN ENGY STORAGE,ZGCNKJFZ,MainBoard,中国储能科技发展,2011-01-27,0000-00-00,Active,4000.0,,XHKG,CS,01143,01143_01.XHKG,,"09:31-12:00,13:01-16:00",2026-05-21,20260420,20260521,False
738,02330.XHKG,4941650.0,CHINA UPTOWN,ZGSC,MainBoard,中国上城,2003-01-29,0000-00-00,Active,8000.0,,XHKG,CS,02330,02330_01.XHKG,,"09:31-12:00,13:01-16:00",2026-05-21,20260420,20260521,False
739,03399.XHKG,4937870.0,YUEYUN TRANS,YYJT,MainBoard,粤运交通,2005-10-26,0000-00-00,Active,1000.0,,XHKG,CS,03399,03399_01.XHKG,,"09:31-12:00,13:01-16:00",2026-05-21,20260420,20260521,False
740,02885.XHKG,4934080.0,PEIPORT HOLD,BAKG,MainBoard,彼岸控股,2019-01-11,0000-00-00,Active,2000.0,,XHKG,CS,02885,02885_01.XHKG,,"09:31-12:00,13:01-16:00",2026-05-21,20260420,20260521,False
741,09933.XHKG,4915920.0,GHW INTL,GHWINTL,MainBoard,GHWINTL,2020-01-21,0000-00-00,Active,4000.0,,XHKG,CS,09933,09933_01.XHKG,,"09:31-12:00,13:01-16:00",2026-05-21,20260420,20260521,False
742,00397.XHKG,4907927.0,MINERVA GROUP,YJT,MainBoard,嬴集团,1993-10-13,0000-00-00,Active,10000.0,,XHKG,CS,00397,00397_01.XHKG,,"09:31-12:00,13:01-16:00",2026-05-21,20260420,20260521,False
743,02263.XHKG,4906350.0,FU SHEK FIN,FSJR,MainBoard,富石金融,2020-02-19,0000-00-00,Active,10000.0,,XHKG,CS,02263,02263_01.XHKG,,"09:31-12:00,13:01-16:00",2026-05-21,20260420,20260521,False
744,02531.XHKG,4892705.0,CARLINK TECH,GLKJKG,MainBoard,广联科技控股,2024-07-15,0000-00-00,Active,500.0,,XHKG,CS,02531,02531_01.XHKG,,"09:31-12:00,13:01-16:00",2026-05-21,20260420,20260521,False
745,01260.XHKG,4873920.0,WONDERFUL SKY,HTCJJT,MainBoard,皓天财经集团,2012-03-30,0000-00-00,Active,2000.0,,XHKG,CS,01260,01260_01.XHKG,,"09:31-12:00,13:01-16:00",2026-05-21,20260420,20260521,False
746,00194.XHKG,4867449.0,LIU CHONG HING,LCXQY,MainBoard,廖创兴企业,1972-11-13,0000-00-00,Active,2000.0,,XHKG,CS,00194,00194_01.XHKG,,"09:31-12:00,13:01-16:00",2026-05-21,20260420,20260521,False
747,02211.XHKG,4862281.0,UNI HEALTH,DJKGJ,MainBoard,大健康国际,2013-12-12,0000-00-00,Active,5000.0,,XHKG,CS,02211,02211_01.XHKG,,"09:31-12:00,13:01-16:00",2026-05-21,20260420,20260521,False
748,00261.XHKG,4854138.0,GBA HOLDINGS,GBAJT,MainBoard,GBA集团,1991-12-30,0000-00-00,Active,16000.0,,XHKG,CS,00261,00261_01.XHKG,,"09:31-12:00,13:01-16:00",2026-05-21,20260420,20260521,False
749,01023.XHKG,4815040.0,SITOY GROUP,SDJTKG,MainBoard,时代集团控股,2011-12-06,0000-00-00,Active,1000.0,,XHKG,CS,01023,01023_01.XHKG,,"09:31-12:00,13:01-16:00",2026-05-21,20260420,20260521,False
750,06889.XHKG,4813005.0,DYNAM JAPAN,DYNAMJAPAN,MainBoard,DYNAMJAPAN,2012-08-06,0000-00-00,Active,200.0,,XHKG,CS,06889,06889_01.XHKG,,"09:31-12:00,13:01-16:00",2026-05-21,20260420,20260521,False
751,00609.XHKG,4804360.0,TIANDE CHEMICAL,TDHG,MainBoard,天德化工,2006-10-27,0000-00-00,Active,4000.0,,XHKG,CS,00609,00609_01.XHKG,,"09:31-12:00,13:01-16:00",2026-05-21,20260420,20260521,False
752,08375.XHKG,4789710.0,DATA UNION CAP,SMZB,GEM,数盟资本,2017-11-13,0000-00-00,Active,10000.0,,XHKG,CS,08375,08375_01.XHKG,,"09:31-12:00,13:01-16:00",2026-05-21,20260420,20260521,False
753,00876.XHKG,4785120.0,KAISA HEALTH,JZYJK,MainBoard,佳兆业健康,1997-04-10,0000-00-00,Active,10000.0,,XHKG,CS,00876,00876_01.XHKG,,"09:31-12:00,13:01-16:00",2026-05-21,20260420,20260521,False
754,03893.XHKG,4783780.0,CROSSTEC,YWJT,MainBoard,易纬集团,2016-09-12,0000-00-00,Active,12000.0,,XHKG,CS,03893,03893_01.XHKG,,"09:31-12:00,13:01-16:00",2026-05-21,20260420,20260521,False
755,00276.XHKG,4777277.0,MONGOLIA ENERGY,MGNY,MainBoard,蒙古能源,1972-08-23,0000-00-00,Active,6000.0,,XHKG,CS,00276,00276_01.XHKG,,"09:31-12:00,13:01-16:00",2026-05-21,20260420,20260521,False
756,08021.XHKG,4776727.0,WLS HOLDINGS,HLKG,GEM,汇隆控股,2001-12-07,0000-00-00,Active,10000.0,,XHKG,CS,08021,08021_01.XHKG,,"09:31-12:00,13:01-16:00",2026-05-21,20260420,20260521,False
757,01713.XHKG,4775460.0,SICHUAN EN INV,SCNTFZ,MainBoard,四川能投发展,2018-12-28,0000-00-00,Active,2000.0,,XHKG,CS,01713,01713_01.XHKG,,"09:31-12:00,13:01-16:00",2026-05-21,20260420,20260521,False
758,02573.XHKG,4738290.0,NEWTREND GROUP,XQA,MainBoard,新琪安,2025-06-10,0000-00-00,Active,200.0,,XHKG,CS,02573,02573_01.XHKG,,"09:31-12:00,13:01-16:00",2026-05-21,20260420,20260521,False
759,00367.XHKG,4724592.0,CHUANG'S INT'L,ZSJGGJ,MainBoard,庄士机构国际,1987-01-16,0000-00-00,Active,4000.0,,XHKG,CS,00367,00367_01.XHKG,,"09:31-12:00,13:01-16:00",2026-05-21,20260420,20260521,False
760,02699.XHKG,4699888.0,XINMING CHINA,XMZG,MainBoard,新明中国,2015-07-06,0000-00-00,Active,2000.0,,XHKG,CS,02699,02699_01.XHKG,,"09:31-12:00,13:01-16:00",2026-05-21,20260420,20260521,False
761,06959.XHKG,4663791.0,CHANGJIU HLDGS,CJGF,MainBoard,长久股份,2024-01-09,0000-00-00,Active,100.0,,XHKG,CS,06959,06959_01.XHKG,,"09:31-12:00,13:01-16:00",2026-05-21,20260420,20260521,False
762,00343.XHKG,4648827.0,CULTURECOM HOLD,WHCX,MainBoard,文化传信,1986-08-12,0000-00-00,Active,5000.0,,XHKG,CS,00343,00343_01.XHKG,,"09:31-12:00,13:01-16:00",2026-05-21,20260420,20260521,False
763,00048.XHKG,4613712.0,C AUTO INT DECO,ZGQCNS,MainBoard,中国汽车内饰,2014-08-25,0000-00-00,Active,10000.0,,XHKG,CS,00048,00048_02.XHKG,,"09:31-12:00,13:01-16:00",2026-05-21,20260420,20260521,False
764,00223.XHKG,4585971.0,ELIFE HLDGS,YSHKG,MainBoard,易生活控股,2002-04-10,0000-00-00,Active,20000.0,,XHKG,CS,00223,00223_01.XHKG,,"09:31-12:00,13:01-16:00",2026-05-21,20260420,20260521,False
765,00052.XHKG,4551295.0,FAIRWOOD HOLD,DKHJT,MainBoard,大快活集团,1991-10-09,0000-00-00,Active,500.0,,XHKG,CS,00052,00052_01.XHKG,,"09:31-12:00,13:01-16:00",2026-05-21,20260420,20260521,False
766,09663.XHKG,4544845.0,SINOSYNERGY,GHQN,MainBoard,国鸿氢能,2023-12-05,0000-00-00,Active,500.0,,XHKG,CS,09663,09663_01.XHKG,,"09:31-12:00,13:01-16:00",2026-05-21,20260420,20260521,False
767,06128.XHKG,4540675.0,GRAPHEX GROUP,XSDCXCL,MainBoard,烯石电车新材料,2014-06-25,0000-00-00,Active,10000.0,,XHKG,CS,06128,06128_01.XHKG,,"09:31-12:00,13:01-16:00",2026-05-21,20260420,20260521,False
768,00280.XHKG,4504310.0,KING FOOK HOLD,JFJT,MainBoard,景福集团,1988-03-28,0000-00-00,Active,2000.0,,XHKG,CS,00280,00280_01.XHKG,,"09:31-12:00,13:01-16:00",2026-05-21,20260420,20260521,False
769,01284.XHKG,4480125.0,NEW MEDIA LAB,XCQH,MainBoard,新传企划,2023-07-17,0000-00-00,Active,5000.0,,XHKG,CS,01284,01284_01.XHKG,,"09:31-12:00,13:01-16:00",2026-05-21,20260420,20260521,False
770,00028.XHKG,4476135.0,TIAN AN,TA,MainBoard,天安,1987-03-18,0000-00-00,Active,1000.0,,XHKG,CS,00028,00028_01.XHKG,,"09:31-12:00,13:01-16:00",2026-05-21,20260420,20260521,False
771,02170.XHKG,4461740.0,BASECARE-B,BKYLB,MainBoard,贝康医疗-B,2021-02-08,0000-00-00,Active,500.0,,XHKG,CS,02170,02170_01.XHKG,,"09:31-12:00,13:01-16:00",2026-05-21,20260420,20260521,False
772,00032.XHKG,4448712.0,CROSS-HAR(HOLD),GTKG,MainBoard,港通控股,1974-07-30,0000-00-00,Active,1000.0,,XHKG,CS,00032,00032_01.XHKG,,"09:31-12:00,13:01-16:00",2026-05-21,20260420,20260521,False
773,08448.XHKG,4437282.0,UNI PRINTSHOP,HQYG,GEM,环球印馆,2018-03-28,0000-00-00,Active,20000.0,,XHKG,CS,08448,08448_01.XHKG,,"09:31-12:00,13:01-16:00",2026-05-21,20260420,20260521,False
774,01354.XHKG,4433646.0,KINGFARPROPERTY,JFWY,MainBoard,经发物业,2024-07-03,0000-00-00,Active,300.0,,XHKG,CS,01354,01354_01.XHKG,,"09:31-12:00,13:01-16:00",2026-05-21,20260420,20260521,False
775,00210.XHKG,4401590.0,DAPHNE INT'L,DFNGJ,MainBoard,达芙妮国际,1995-11-03,0000-00-00,Active,2000.0,,XHKG,CS,00210,00210_01.XHKG,,"09:31-12:00,13:01-16:00",2026-05-21,20260420,20260521,False
776,01565.XHKG,4385653.0,VIRSCEND EDU,CSWJY,MainBoard,成实外教育,2016-01-15,0000-00-00,Active,1000.0,,XHKG,CS,01565,01565_01.XHKG,,"09:31-12:00,13:01-16:00",2026-05-21,20260420,20260521,False
777,02571.XHKG,4379086.0,SAIMO,SMKJ,MainBoard,赛目科技,2025-01-15,0000-00-00,Active,200.0,,XHKG,CS,02571,02571_01.XHKG,,"09:31-12:00,13:01-16:00",2026-05-21,20260420,20260521,False
778,02486.XHKG,4323668.0,PLUS GP HOLDING,PLSJTKG,MainBoard,普乐师集团控股,2023-05-11,0000-00-00,Active,200.0,,XHKG,CS,02486,02486_01.XHKG,,"09:31-12:00,13:01-16:00",2026-05-21,20260420,20260521,False
779,00837.XHKG,4317765.0,CARPENTER TAN,TMJ,MainBoard,谭木匠,2009-12-29,0000-00-00,Active,500.0,,XHKG,CS,00837,00837_01.XHKG,,"09:31-12:00,13:01-16:00",2026-05-21,20260420,20260521,False
780,01011.XHKG,4304579.0,NT PHARMA,TLYY,MainBoard,泰凌医药,2011-04-20,0000-00-00,Active,10000.0,,XHKG,CS,01011,01011_01.XHKG,,"09:31-12:00,13:01-16:00",2026-05-21,20260420,20260521,False
781,01009.XHKG,4301240.0,INT'L ENT,GJYL,MainBoard,国际娱乐,2010-09-27,0000-00-00,Active,10000.0,,XHKG,CS,01009,01009_01.XHKG,,"09:31-12:00,13:01-16:00",2026-05-21,20260420,20260521,False
782,01416.XHKG,4299000.0,CTR HOLDINGS,CTRHOLDINGS,MainBoard,CTRHOLDINGS,2020-01-15,0000-00-00,Active,10000.0,,XHKG,CS,01416,01416_01.XHKG,,"09:31-12:00,13:01-16:00",2026-05-21,20260420,20260521,False
783,09938.XHKG,4247615.0,WAH WO HOLDINGS,HHKG,MainBoard,华和控股,2020-01-17,0000-00-00,Active,5000.0,,XHKG,CS,09938,09938_01.XHKG,,"09:31-12:00,13:01-16:00",2026-05-21,20260420,20260521,False
784,08168.XHKG,4244024.0,AMASSE CAPITAL,BJZB,GEM,宝积资本,2018-03-22,0000-00-00,Active,10000.0,,XHKG,CS,08168,08168_02.XHKG,,"09:31-12:00,13:01-16:00",2026-05-21,20260420,20260521,False
785,08191.XHKG,4228033.0,HONG WEI ASIA,HWYZ,GEM,鸿伟亚洲,2014-01-08,0000-00-00,Active,6000.0,,XHKG,CS,08191,08191_01.XHKG,,"09:31-12:00,13:01-16:00",2026-05-21,20260420,20260521,False
786,00482.XHKG,4227617.0,SANDMARTIN INTL,SMDGJ,MainBoard,圣马丁国际,2005-05-12,0000-00-00,Active,10000.0,,XHKG,CS,00482,00482_01.XHKG,,"09:31-12:00,13:01-16:00",2026-05-21,20260420,20260521,False
787,01597.XHKG,4175488.0,NATURE ENERGY T,NQNYKJ,MainBoard,纳泉能源科技,2020-10-20,0000-00-00,Active,1000.0,,XHKG,CS,01597,01597_01.XHKG,,"09:31-12:00,13:01-16:00",2026-05-21,20260420,20260521,False
788,01737.XHKG,4154030.0,A & S GROUP,YZSYJT,MainBoard,亚洲实业集团,2018-03-14,0000-00-00,Active,10000.0,,XHKG,CS,01737,01737_01.XHKG,,"09:31-12:00,13:01-16:00",2026-05-21,20260420,20260521,False
789,01746.XHKG,4149840.0,MAN SHUN GP,WSJTKG,MainBoard,万顺集团控股,2018-07-11,0000-00-00,Active,4000.0,,XHKG,CS,01746,01746_01.XHKG,,"09:31-12:00,13:01-16:00",2026-05-21,20260420,20260521,False
790,02458.XHKG,4130716.0,GALA TECH HOLD,WCKJKG,MainBoard,望尘科技控股,2023-01-16,0000-00-00,Active,400.0,,XHKG,CS,02458,02458_01.XHKG,,"09:31-12:00,13:01-16:00",2026-05-21,20260420,20260521,False
791,00351.XHKG,4122294.0,ASIA ENERGY LOG,YZNYWL,MainBoard,亚洲能源物流,1992-08-18,0000-00-00,Active,10000.0,,XHKG,CS,00351,00351_01.XHKG,,"09:31-12:00,13:01-16:00",2026-05-21,20260420,20260521,False
792,06909.XHKG,4076825.0,BETTERLIFE HLDG,BDLKG,MainBoard,百得利控股,2021-07-15,0000-00-00,Active,1000.0,,XHKG,CS,06909,06909_01.XHKG,,"09:31-12:00,13:01-16:00",2026-05-21,20260420,20260521,False
793,08160.XHKG,4039578.0,GOLDWAY EDU,GOLDWAYEDU,GEM,GOLDWAYEDU,2016-12-02,0000-00-00,Active,12000.0,,XHKG,CS,08160,08160_03.XHKG,,"09:31-12:00,13:01-16:00",2026-05-21,20260420,20260521,False
794,00037.XHKG,4018660.0,FE HOTELS,YDJDSY,MainBoard,远东酒店实业,1979-07-03,0000-00-00,Active,2000.0,,XHKG,CS,00037,00037_01.XHKG,,"09:31-12:00,13:01-16:00",2026-05-21,20260420,20260521,False
795,08176.XHKG,4014456.0,SUPERROBOTICS,CRZN,GEM,超人智能,2002-02-19,0000-00-00,Active,5000.0,,XHKG,CS,08176,08176_01.XHKG,,"09:31-12:00,13:01-16:00",2026-05-21,20260420,20260521,False
796,08245.XHKG,3992393.0,CANOPY SKYFIRE,FYJT,GEM,烽翼集团,2015-09-30,0000-00-00,Active,20000.0,,XHKG,CS,08245,08245_02.XHKG,,"09:31-12:00,13:01-16:00",2026-05-21,20260420,20260521,False
797,02227.XHKG,3985000.0,SOLIS HOLDINGS,SYKG,MainBoard,守益控股,2017-12-11,0000-00-00,Active,4000.0,,XHKG,CS,02227,02227_01.XHKG,,"09:31-12:00,13:01-16:00",2026-05-21,20260420,20260521,False
798,09680.XHKG,3979944.0,CHENQI TECH,RQCX,MainBoard,如祺出行,2024-07-10,0000-00-00,Active,100.0,,XHKG,CS,09680,09680_01.XHKG,,"09:31-12:00,13:01-16:00",2026-05-21,20260420,20260521,False
799,08360.XHKG,3975300.0,BASIC H NEWLIFE,JPXSH,GEM,简朴新生活,2016-07-12,0000-00-00,Active,6000.0,,XHKG,CS,08360,08360_01.XHKG,,"09:31-12:00,13:01-16:00",2026-05-21,20260420,20260521,False
800,02560.XHKG,3966510.0,CONCH MAT TECH,HLCLKJ,MainBoard,海螺材料科技,2025-01-09,0000-00-00,Active,1000.0,,XHKG,CS,02560,02560_01.XHKG,,"09:31-12:00,13:01-16:00",2026-05-21,20260420,20260521,False
801,00544.XHKG,3963818.0,DAIDO GROUP,DTJT,MainBoard,大同集团,1989-12-14,0000-00-00,Active,5000.0,,XHKG,CS,00544,00544_01.XHKG,,"09:31-12:00,13:01-16:00",2026-05-21,20260420,20260521,False
802,01582.XHKG,3947870.0,CR CONSTRUCTION,HYJZ,MainBoard,华营建筑,2019-10-16,0000-00-00,Active,2500.0,,XHKG,CS,01582,01582_01.XHKG,,"09:31-12:00,13:01-16:00",2026-05-21,20260420,20260521,False
803,01161.XHKG,3905800.0,WATER OASIS GP,ASJT,MainBoard,奥思集团,2002-03-11,0000-00-00,Active,2000.0,,XHKG,CS,01161,01161_01.XHKG,,"09:31-12:00,13:01-16:00",2026-05-21,20260420,20260521,False
804,00442.XHKG,3904607.0,DOMAINE POWER,YNKG,MainBoard,域能控股,2015-03-11,0000-00-00,Active,1000.0,,XHKG,CS,00442,00442_01.XHKG,,"09:31-12:00,13:01-16:00",2026-05-21,20260420,20260521,False
805,01835.XHKG,3890208.0,REALWAY CAPITAL,RWZG,MainBoard,瑞威资管,2018-11-13,0000-00-00,Active,400.0,,XHKG,CS,01835,01835_01.XHKG,,"09:31-12:00,13:01-16:00",2026-05-21,20260420,20260521,False
806,00827.XHKG,3852964.0,KO YO GROUP,JYJT,MainBoard,玖源集团,2008-08-25,0000-00-00,Active,4000.0,,XHKG,CS,00827,00827_01.XHKG,,"09:31-12:00,13:01-16:00",2026-05-21,20260420,20260521,False
807,82020.XHKG,3849880.0,ANTA SPORTS-R,ATTYR,MainBoard,安踏体育-R,2023-06-19,0000-00-00,Active,200.0,,XHKG,CS,82020,82020_01.XHKG,,"09:31-12:00,13:01-16:00",2026-05-21,20260420,20260521,False
808,01623.XHKG,3833011.0,HILONG,HLKG,MainBoard,海隆控股,2011-04-21,0000-00-00,Active,1000.0,,XHKG,CS,01623,01623_01.XHKG,,"09:31-12:00,13:01-16:00",2026-05-21,20260420,20260521,False
809,00750.XHKG,3811951.0,SFSY ENERGY,SFXYNY,MainBoard,水发兴业能源,2009-01-13,0000-00-00,Active,1000.0,,XHKG,CS,00750,00750_01.XHKG,,"09:31-12:00,13:01-16:00",2026-05-21,20260420,20260521,False
810,06038.XHKG,3801700.0,G & M HLDGS,XYKG,MainBoard,信越控股,2017-06-13,0000-00-00,Active,10000.0,,XHKG,CS,06038,06038_01.XHKG,,"09:31-12:00,13:01-16:00",2026-05-21,20260420,20260521,False
811,08200.XHKG,3777566.0,SAU SAN TONG,XST,GEM,修身堂,2003-11-19,0000-00-00,Active,4000.0,,XHKG,CS,08200,08200_01.XHKG,,"09:31-12:00,13:01-16:00",2026-05-21,20260420,20260521,False
812,08487.XHKG,3775978.0,ISP GLOBAL,ISPGLOBAL,GEM,ISPGLOBAL,2018-01-16,0000-00-00,Active,2000.0,,XHKG,CS,08487,08487_01.XHKG,,"09:31-12:00,13:01-16:00",2026-05-21,20260420,20260521,False
813,02226.XHKG,3775676.0,HONWORLD GP,LHHNZ,MainBoard,老恒和酿造,2014-01-28,0000-00-00,Active,500.0,,XHKG,CS,02226,02226_01.XHKG,,"09:31-12:00,13:01-16:00",2026-05-21,20260420,20260521,False
814,00725.XHKG,3769200.0,PERENNIAL INT'L,HDJT,MainBoard,恒都集团,1996-12-30,0000-00-00,Active,2000.0,,XHKG,CS,00725,00725_01.XHKG,,"09:31-12:00,13:01-16:00",2026-05-21,20260420,20260521,False
815,02593.XHKG,3765712.0,HERBS GROUP,CJJT,MainBoard,草姬集团,2024-12-19,0000-00-00,Active,800.0,,XHKG,CS,02593,02593_01.XHKG,,"09:31-12:00,13:01-16:00",2026-05-21,20260420,20260521,False
816,01389.XHKG,3755733.0,MAJOR HLDGS,MJHKG,MainBoard,美捷汇控股,2015-10-30,0000-00-00,Active,12000.0,,XHKG,CS,01389,01389_02.XHKG,,"09:31-12:00,13:01-16:00",2026-05-21,20260420,20260521,False
817,01580.XHKG,3720250.0,DA SEN HLDGS,DSKG,MainBoard,大森控股,2016-12-19,0000-00-00,Active,30000.0,,XHKG,CS,01580,01580_01.XHKG,,"09:31-12:00,13:01-16:00",2026-05-21,20260420,20260521,False
818,01085.XHKG,3715620.0,HXTL,HXKJ,MainBoard,亨鑫科技,2010-12-23,0000-00-00,Active,2000.0,,XHKG,CS,01085,01085_01.XHKG,,"09:31-12:00,13:01-16:00",2026-05-21,20260420,20260521,False
819,06820.XHKG,3692680.0,FRIENDTIMES,YYSG,MainBoard,友谊时光,2019-10-08,0000-00-00,Active,2000.0,,XHKG,CS,06820,06820_01.XHKG,,"09:31-12:00,13:01-16:00",2026-05-21,20260420,20260521,False
820,02327.XHKG,3689010.0,MEILLEUREHEALTH,MRJKGJ,MainBoard,美瑞健康国际,2003-10-14,0000-00-00,Active,6000.0,,XHKG,CS,02327,02327_01.XHKG,,"09:31-12:00,13:01-16:00",2026-05-21,20260420,20260521,False
821,02112.XHKG,3659350.0,GRACE LIFE-TECH,EDSMKJ,MainBoard,恩典生命科技,2013-07-03,0000-00-00,Active,2000.0,,XHKG,CS,02112,02112_01.XHKG,,"09:31-12:00,13:01-16:00",2026-05-21,20260420,20260521,False
822,08223.XHKG,3644320.0,ZYY,ZYY,GEM,紫元元,2018-07-09,0000-00-00,Active,4000.0,,XHKG,CS,08223,08223_01.XHKG,,"09:31-12:00,13:01-16:00",2026-05-21,20260420,20260521,False
823,03662.XHKG,3643620.0,STARJOY W&T,XYKL,MainBoard,星悦康旅,2019-03-18,0000-00-00,Active,1000.0,,XHKG,CS,03662,03662_01.XHKG,,"09:31-12:00,13:01-16:00",2026-05-21,20260420,20260521,False
824,01029.XHKG,3616590.0,IRC,TH,MainBoard,铁货,2010-10-21,0000-00-00,Active,4000.0,,XHKG,CS,01029,01029_01.XHKG,,"09:31-12:00,13:01-16:00",2026-05-21,20260420,20260521,False
825,01871.XHKG,3593520.0,CHINA ORIENTED,XZGJ,MainBoard,向中国际,2019-10-24,0000-00-00,Active,4000.0,,XHKG,CS,01871,01871_01.XHKG,,"09:31-12:00,13:01-16:00",2026-05-21,20260420,20260521,False
826,00428.XHKG,3567827.0,COCOON HOLDINGS,ZGTGKG,MainBoard,中国天弓控股,1993-12-14,0000-00-00,Active,4000.0,,XHKG,CS,00428,00428_01.XHKG,,"09:31-12:00,13:01-16:00",2026-05-21,20260420,20260521,False
827,00391.XHKG,3532080.0,MEI AH ENTER,MYYLZX,MainBoard,美亚娱乐资讯,1993-10-18,0000-00-00,Active,20000.0,,XHKG,CS,00391,00391_01.XHKG,,"09:31-12:00,13:01-16:00",2026-05-21,20260420,20260521,False
828,01927.XHKG,3525305.0,JIUJIUWANG,JJW,MainBoard,久久王,2021-03-16,0000-00-00,Active,5000.0,,XHKG,CS,01927,01927_01.XHKG,,"09:31-12:00,13:01-16:00",2026-05-21,20260420,20260521,False
829,02347.XHKG,3497280.0,YOHO GROUP,YHJT,MainBoard,友和集团,2022-06-10,0000-00-00,Active,2000.0,,XHKG,CS,02347,02347_01.XHKG,,"09:31-12:00,13:01-16:00",2026-05-21,20260420,20260521,False
830,00771.XHKG,3488457.0,AUTOMATED SYS,ZDXT,MainBoard,自动系统,1997-11-05,0000-00-00,Active,2000.0,,XHKG,CS,00771,00771_01.XHKG,,"09:31-12:00,13:01-16:00",2026-05-21,20260420,20260521,False
831,01690.XHKG,3432280.0,LAP KEI ENGRG,LJGCKG,MainBoard,立基工程控股,2018-02-12,0000-00-00,Active,10000.0,,XHKG,CS,01690,01690_01.XHKG,,"09:31-12:00,13:01-16:00",2026-05-21,20260420,20260521,False
832,08427.XHKG,3424038.0,WS-SK TARGET,WSRQJT,GEM,万顺瑞强集团,2017-07-19,0000-00-00,Active,400.0,,XHKG,CS,08427,08427_01.XHKG,,"09:31-12:00,13:01-16:00",2026-05-21,20260420,20260521,False
833,00450.XHKG,3419720.0,HUNG HING PRINT,HXYSJT,MainBoard,鸿兴印刷集团,1992-03-16,0000-00-00,Active,2000.0,,XHKG,CS,00450,00450_01.XHKG,,"09:31-12:00,13:01-16:00",2026-05-21,20260420,20260521,False
834,08042.XHKG,3403990.0,KOS TALENT GP,GASRCJT,GEM,高奥士人才集团,2018-10-12,0000-00-00,Active,10000.0,,XHKG,CS,08042,08042_02.XHKG,,"09:31-12:00,13:01-16:00",2026-05-21,20260420,20260521,False
835,08082.XHKG,3401863.0,QINGHUA HOLD,QHKG,GEM,擎华控股,2001-11-02,0000-00-00,Active,10000.0,,XHKG,CS,08082,08082_01.XHKG,,"09:31-12:00,13:01-16:00",2026-05-21,20260420,20260521,False
836,02409.XHKG,3400720.0,SEACON,ZJCW,MainBoard,洲际船务,2023-03-29,0000-00-00,Active,1000.0,,XHKG,CS,02409,02409_01.XHKG,,"09:31-12:00,13:01-16:00",2026-05-21,20260420,20260521,False
837,01498.XHKG,3395615.0,PURAPHARM,PLNBF,MainBoard,培力农本方,2015-07-08,0000-00-00,Active,500.0,,XHKG,CS,01498,01498_01.XHKG,,"09:31-12:00,13:01-16:00",2026-05-21,20260420,20260521,False
838,01463.XHKG,3385770.0,C-LINK SQ,CLINKSQ,MainBoard,C-LINKSQ,2020-03-27,0000-00-00,Active,2000.0,,XHKG,CS,01463,01463_01.XHKG,,"09:31-12:00,13:01-16:00",2026-05-21,20260420,20260521,False
839,03878.XHKG,3375334.0,VICON HOLDINGS,VICONHOLDINGS,MainBoard,VICONHOLDINGS,2017-12-22,0000-00-00,Active,2000.0,,XHKG,CS,03878,03878_01.XHKG,,"09:31-12:00,13:01-16:00",2026-05-21,20260420,20260521,False
840,01689.XHKG,3372200.0,HUAXIHOLDINGS,HXKG,MainBoard,华禧控股,2013-12-06,0000-00-00,Active,2000.0,,XHKG,CS,01689,01689_01.XHKG,,"09:31-12:00,13:01-16:00",2026-05-21,20260420,20260521,False
841,00401.XHKG,3333178.0,WANJIA GROUP,WJJT,MainBoard,万嘉集团,2013-10-11,0000-00-00,Active,20000.0,,XHKG,CS,00401,00401_02.XHKG,,"09:31-12:00,13:01-16:00",2026-05-21,20260420,20260521,False
842,01795.XHKG,3319320.0,YADONG GROUP,YDJT,MainBoard,亚东集团,2020-11-18,0000-00-00,Active,3000.0,,XHKG,CS,01795,01795_01.XHKG,,"09:31-12:00,13:01-16:00",2026-05-21,20260420,20260521,False
843,08371.XHKG,3310467.0,TASTEGOURMET GP,CGMJT,GEM,尝高美集团,2018-01-17,0000-00-00,Active,4000.0,,XHKG,CS,08371,08371_01.XHKG,,"09:31-12:00,13:01-16:00",2026-05-21,20260420,20260521,False
844,01559.XHKG,3301432.0,KWAN ON HLDGS,JAKG,MainBoard,均安控股,2016-08-15,0000-00-00,Active,10000.0,,XHKG,CS,01559,01559_01.XHKG,,"09:31-12:00,13:01-16:00",2026-05-21,20260420,20260521,False
845,01397.XHKG,3300600.0,BAGUIO GREEN,BYLSJT,MainBoard,碧瑶绿色集团,2014-05-22,0000-00-00,Active,4000.0,,XHKG,CS,01397,01397_01.XHKG,,"09:31-12:00,13:01-16:00",2026-05-21,20260420,20260521,False
846,08208.XHKG,3295134.0,RADIANCE GLO GP,YTWGJT,GEM,永通万国集团,2019-11-29,0000-00-00,Active,6000.0,,XHKG,CS,08208,08208_02.XHKG,,"09:31-12:00,13:01-16:00",2026-05-21,20260420,20260521,False
847,01497.XHKG,3288914.0,YAN PALACE,YZW,MainBoard,燕之屋,2023-12-12,0000-00-00,Active,400.0,,XHKG,CS,01497,01497_01.XHKG,,"09:31-12:00,13:01-16:00",2026-05-21,20260420,20260521,False
848,02297.XHKG,3260249.0,RAINMED-B,RMDB,MainBoard,润迈德-B,2022-07-08,0000-00-00,Active,1000.0,,XHKG,CS,02297,02297_01.XHKG,,"09:31-12:00,13:01-16:00",2026-05-21,20260420,20260521,False
849,08619.XHKG,3254356.0,NIU HOLDINGS,NIUHOLDINGS,GEM,NIUHOLDINGS,2018-09-17,0000-00-00,Active,10000.0,,XHKG,CS,08619,08619_01.XHKG,,"09:31-12:00,13:01-16:00",2026-05-21,20260420,20260521,False
850,02779.XHKG,3207105.0,CH XINHUA EDU,ZGXHJY,MainBoard,中国新华教育,2018-03-26,0000-00-00,Active,1000.0,,XHKG,CS,02779,02779_01.XHKG,,"09:31-12:00,13:01-16:00",2026-05-21,20260420,20260521,False
851,08148.XHKG,3201312.0,WUXI LIFE,WXSH,GEM,悟喜生活,2004-01-09,0000-00-00,Active,20000.0,,XHKG,CS,08148,08148_01.XHKG,,"09:31-12:00,13:01-16:00",2026-05-21,20260420,20260521,False
852,08532.XHKG,3192011.0,POLYFAIR HLDGS,BFKG,GEM,宝发控股,2018-02-23,0000-00-00,Active,16000.0,,XHKG,CS,08532,08532_01.XHKG,,"09:31-12:00,13:01-16:00",2026-05-21,20260420,20260521,False
853,01900.XHKG,3188626.0,CHINA ITS,ZGZNJT,MainBoard,中国智能交通,2010-07-15,0000-00-00,Active,1000.0,,XHKG,CS,01900,01900_01.XHKG,,"09:31-12:00,13:01-16:00",2026-05-21,20260420,20260521,False
854,09991.XHKG,3185177.0,BAOZUN-W,BZDSW,MainBoard,宝尊电商-W,2020-09-29,0000-00-00,Active,100.0,,XHKG,CS,09991,09991_01.XHKG,,"09:31-12:00,13:01-16:00",2026-05-21,20260420,20260521,False
855,01596.XHKG,3172756.0,YICHEN IND,YCSY,MainBoard,翼辰实业,2016-12-21,0000-00-00,Active,1000.0,,XHKG,CS,01596,01596_01.XHKG,,"09:31-12:00,13:01-16:00",2026-05-21,20260420,20260521,False
856,08516.XHKG,3163790.0,ZY INTL,ZYGJ,GEM,中盈国际,2018-10-15,0000-00-00,Active,5000.0,,XHKG,CS,08516,08516_01.XHKG,,"09:31-12:00,13:01-16:00",2026-05-21,20260420,20260521,False
857,06686.XHKG,3121430.0,NOAH HOLDINGS,NYKG,MainBoard,诺亚控股,2022-07-13,0000-00-00,Active,100.0,,XHKG,CS,06686,06686_01.XHKG,,"09:31-12:00,13:01-16:00",2026-05-21,20260420,20260521,False
858,08418.XHKG,3113180.0,OPTIMA AUTO,ADMQC,GEM,傲迪玛汽车,2019-10-11,0000-00-00,Active,2000.0,,XHKG,CS,08418,08418_01.XHKG,,"09:31-12:00,13:01-16:00",2026-05-21,20260420,20260521,False
859,01652.XHKG,3106100.0,FUSEN PHARM,FSYY,MainBoard,福森药业,2018-07-11,0000-00-00,Active,1000.0,,XHKG,CS,01652,01652_01.XHKG,,"09:31-12:00,13:01-16:00",2026-05-21,20260420,20260521,False
860,01722.XHKG,3097830.0,KIN PANG HLDGS,JPKG,MainBoard,建鹏控股,2017-12-15,0000-00-00,Active,10000.0,,XHKG,CS,01722,01722_01.XHKG,,"09:31-12:00,13:01-16:00",2026-05-21,20260420,20260521,False
861,08087.XHKG,3096228.0,CHINA 33MEDIA,ZGSSCMX,GEM,中国三三传媒-新,2011-02-28,0000-00-00,Active,2000.0,,XHKG,CS,08087,08087_01.XHKG,,"09:31-12:00,13:01-16:00",2026-05-21,20260420,20260521,False
862,82331.XHKG,3092385.0,LI NING-R,LNR,MainBoard,李宁-R,2023-06-19,0000-00-00,Active,500.0,,XHKG,CS,82331,82331_01.XHKG,,"09:31-12:00,13:01-16:00",2026-05-21,20260420,20260521,False
863,08049.XHKG,3090400.0,JILIN CHANGLONG,JLCLYY,GEM,吉林长龙药业,2001-05-24,0000-00-00,Active,4000.0,,XHKG,CS,08049,08049_01.XHKG,,"09:31-12:00,13:01-16:00",2026-05-21,20260420,20260521,False
864,00554.XHKG,3072184.0,HANS GP HLDGS,HSJTKG,MainBoard,汉思集团控股,1997-05-28,0000-00-00,Active,2000.0,,XHKG,CS,00554,00554_01.XHKG,,"09:31-12:00,13:01-16:00",2026-05-21,20260420,20260521,False
865,08316.XHKG,3070976.0,CHINA HONGBAO,ZGHB,GEM,中国红包,2015-08-10,0000-00-00,Active,2000.0,,XHKG,CS,08316,08316_01.XHKG,,"09:31-12:00,13:01-16:00",2026-05-21,20260420,20260521,False
866,08050.XHKG,3051542.0,CITY COOLXUAN,CSKX,GEM,城市酷选,2000-07-24,0000-00-00,Active,2000.0,,XHKG,CS,08050,08050_01.XHKG,,"09:31-12:00,13:01-16:00",2026-05-21,20260420,20260521,False
867,00418.XHKG,3048840.0,FOUNDER HOLD,FZKG,MainBoard,方正控股,1995-12-21,0000-00-00,Active,2000.0,,XHKG,CS,00418,00418_01.XHKG,,"09:31-12:00,13:01-16:00",2026-05-21,20260420,20260521,False
868,01586.XHKG,3028431.0,LEON INSPECTION,LHJY,MainBoard,力鸿检验,2016-07-12,0000-00-00,Active,4000.0,,XHKG,CS,01586,01586_01.XHKG,,"09:31-12:00,13:01-16:00",2026-05-21,20260420,20260521,False
869,02605.XHKG,3019880.0,METALIGHT,METALIGHT,MainBoard,METALIGHT,2025-06-10,0000-00-00,Active,400.0,,XHKG,CS,02605,02605_01.XHKG,,"09:31-12:00,13:01-16:00",2026-05-21,20260420,20260521,False
870,00928.XHKG,3018507.0,KING INTL INV,DWGJTZ,MainBoard,帝王国际投资,2002-04-29,0000-00-00,Active,20000.0,,XHKG,CS,00928,00928_01.XHKG,,"09:31-12:00,13:01-16:00",2026-05-21,20260420,20260521,False
871,01627.XHKG,3016060.0,ABLE ENG HLDGS,ABGCKG,MainBoard,安保工程控股,2017-02-20,0000-00-00,Active,4000.0,,XHKG,CS,01627,01627_01.XHKG,,"09:31-12:00,13:01-16:00",2026-05-21,20260420,20260521,False
872,01204.XHKG,2997920.0,BOARDWARE INTEL,BWZH,MainBoard,博维智慧,2022-07-15,0000-00-00,Active,2000.0,,XHKG,CS,01204,01204_01.XHKG,,"09:31-12:00,13:01-16:00",2026-05-21,20260420,20260521,False
873,02108.XHKG,2995280.0,K2 F&B,K2FB,MainBoard,K2F&B,2019-03-06,0000-00-00,Active,4000.0,,XHKG,CS,02108,02108_01.XHKG,,"09:31-12:00,13:01-16:00",2026-05-21,20260420,20260521,False
874,01146.XHKG,2983968.0,HUICHENG INTL H,HCGJKG,MainBoard,汇成国际控股,2011-12-09,0000-00-00,Active,2000.0,,XHKG,CS,01146,01146_01.XHKG,,"09:31-12:00,13:01-16:00",2026-05-21,20260420,20260521,False
875,02295.XHKG,2983600.0,MAXICITY,FCKG,MainBoard,丰城控股,2021-12-31,0000-00-00,Active,5000.0,,XHKG,CS,02295,02295_01.XHKG,,"09:31-12:00,13:01-16:00",2026-05-21,20260420,20260521,False
876,01420.XHKG,2979952.0,CHUAN HOLDING,CKG,MainBoard,川控股,2016-06-08,0000-00-00,Active,4000.0,,XHKG,CS,01420,01420_01.XHKG,,"09:31-12:00,13:01-16:00",2026-05-21,20260420,20260521,False
877,08646.XHKG,2977368.0,CHINA HONGGUANG,ZGHG,GEM,中国宏光,2020-01-13,0000-00-00,Active,3000.0,,XHKG,CS,08646,08646_01.XHKG,,"09:31-12:00,13:01-16:00",2026-05-21,20260420,20260521,False
878,01968.XHKG,2962892.0,HINGTEX HLDGS,XFKG,MainBoard,兴纺控股,2018-07-16,0000-00-00,Active,4000.0,,XHKG,CS,01968,01968_02.XHKG,,"09:31-12:00,13:01-16:00",2026-05-21,20260420,20260521,False
879,06657.XHKG,2962322.0,BAIWANG CO,BWGF,MainBoard,百望股份,2024-07-09,0000-00-00,Active,100.0,,XHKG,CS,06657,06657_01.XHKG,,"09:31-12:00,13:01-16:00",2026-05-21,20260420,20260521,False
880,00610.XHKG,2946780.0,WAI KEE HOLD,WAIKEEHOLD,MainBoard,WAIKEEHOLD,1992-08-28,0000-00-00,Active,2000.0,,XHKG,CS,00610,00610_01.XHKG,,"09:31-12:00,13:01-16:00",2026-05-21,20260420,20260521,False
881,01449.XHKG,2943490.0,LEADER EDU,LDJY,MainBoard,立德教育,2020-08-06,0000-00-00,Active,1000.0,,XHKG,CS,01449,01449_01.XHKG,,"09:31-12:00,13:01-16:00",2026-05-21,20260420,20260521,False
882,08037.XHKG,2941220.0,CH BIOTECH SER,ZGSWKJFW,GEM,中国生物科技服务,2004-06-17,0000-00-00,Active,5000.0,,XHKG,CS,08037,08037_01.XHKG,,"09:31-12:00,13:01-16:00",2026-05-21,20260420,20260521,False
883,00618.XHKG,2912255.0,PKU RESOURCES,BDZY,MainBoard,北大资源,1991-10-07,0000-00-00,Active,8000.0,,XHKG,CS,00618,00618_01.XHKG,,"09:31-12:00,13:01-16:00",2026-05-21,20260420,20260521,False
884,08489.XHKG,2909950.0,GP LOGISTICS,YCWL,GEM,裕程物流,2021-01-13,0000-00-00,Active,5000.0,,XHKG,CS,08489,08489_01.XHKG,,"09:31-12:00,13:01-16:00",2026-05-21,20260420,20260521,False
885,08620.XHKG,2893930.0,AE LOGISTICS,YZSY,GEM,亚洲速运,2020-04-20,0000-00-00,Active,5000.0,,XHKG,CS,08620,08620_01.XHKG,,"09:31-12:00,13:01-16:00",2026-05-21,20260420,20260521,False
886,06860.XHKG,2872284.0,FINGERTANGO,ZJYD,MainBoard,指尖悦动,2018-07-12,0000-00-00,Active,1000.0,,XHKG,CS,06860,06860_01.XHKG,,"09:31-12:00,13:01-16:00",2026-05-21,20260420,20260521,False
887,00154.XHKG,2857190.0,BE ENVIRONMENT,BJKGHJJT,MainBoard,北京控股环境集团,1980-04-29,0000-00-00,Active,1000.0,,XHKG,CS,00154,00154_01.XHKG,,"09:31-12:00,13:01-16:00",2026-05-21,20260420,20260521,False
888,01637.XHKG,2853050.0,SH GROUP HLDG,SXJTKG,MainBoard,顺兴集团控股,2017-01-03,0000-00-00,Active,2000.0,,XHKG,CS,01637,01637_01.XHKG,,"09:31-12:00,13:01-16:00",2026-05-21,20260420,20260521,False
889,06633.XHKG,2851025.0,QINGCI GAMES,QCYX,MainBoard,青瓷游戏,2021-12-16,0000-00-00,Active,500.0,,XHKG,CS,06633,06633_01.XHKG,,"09:31-12:00,13:01-16:00",2026-05-21,20260420,20260521,False
890,02180.XHKG,2849972.0,MANPOWER GRC,WBSH,MainBoard,万宝盛华,2019-07-10,0000-00-00,Active,250.0,,XHKG,CS,02180,02180_01.XHKG,,"09:31-12:00,13:01-16:00",2026-05-21,20260420,20260521,False
891,01251.XHKG,2832392.0,SPT ENERGY,HYNY,MainBoard,华油能源,2011-12-23,0000-00-00,Active,2000.0,,XHKG,CS,01251,01251_01.XHKG,,"09:31-12:00,13:01-16:00",2026-05-21,20260420,20260521,False
892,02110.XHKG,2827027.0,TIAN CHENG HLDG,TCKG,MainBoard,天成控股,2020-12-07,0000-00-00,Active,10000.0,,XHKG,CS,02110,02110_01.XHKG,,"09:31-12:00,13:01-16:00",2026-05-21,20260420,20260521,False
893,02358.XHKG,2817350.0,JIU RONG HOLD,JRKG,MainBoard,久融控股,2004-07-15,0000-00-00,Active,10000.0,,XHKG,CS,02358,02358_01.XHKG,,"09:31-12:00,13:01-16:00",2026-05-21,20260420,20260521,False
894,02501.XHKG,2816220.0,MAIYUE TECH,MYKJ,MainBoard,迈越科技,2023-10-11,0000-00-00,Active,2000.0,,XHKG,CS,02501,02501_01.XHKG,,"09:31-12:00,13:01-16:00",2026-05-21,20260420,20260521,False
895,00076.XHKG,2815795.0,ELATE HOLDINGS,YLKG,MainBoard,谊砾控股,1984-09-24,0000-00-00,Active,4000.0,,XHKG,CS,00076,00076_01.XHKG,,"09:31-12:00,13:01-16:00",2026-05-21,20260420,20260521,False
896,01097.XHKG,2814455.0,I-CABLE COMM,YXKP,MainBoard,有线宽频,1999-11-24,0000-00-00,Active,20000.0,,XHKG,CS,01097,01097_01.XHKG,,"09:31-12:00,13:01-16:00",2026-05-21,20260420,20260521,False
897,06663.XHKG,2809290.0,IWS GROUP,GJYSJT,MainBoard,国际永胜集团,2022-03-07,0000-00-00,Active,10000.0,,XHKG,CS,06663,06663_01.XHKG,,"09:31-12:00,13:01-16:00",2026-05-21,20260420,20260521,False
898,02080.XHKG,2804130.0,AUX INTL,AKSGJ,MainBoard,奥克斯国际,2014-01-23,0000-00-00,Active,2000.0,,XHKG,CS,02080,02080_01.XHKG,,"09:31-12:00,13:01-16:00",2026-05-21,20260420,20260521,False
899,00296.XHKG,2794944.0,EMPEROR E HOTEL,YHYLJD,MainBoard,英皇娱乐酒店,1988-12-30,0000-00-00,Active,5000.0,,XHKG,CS,00296,00296_01.XHKG,,"09:31-12:00,13:01-16:00",2026-05-21,20260420,20260521,False
900,01555.XHKG,2784546.0,MIE HOLDINGS,MINY,MainBoard,MI能源,2010-12-14,0000-00-00,Active,2000.0,,XHKG,CS,01555,01555_01.XHKG,,"09:31-12:00,13:01-16:00",2026-05-21,20260420,20260521,False
901,00128.XHKG,2782899.0,ENM HOLDINGS,ANKG,MainBoard,安宁控股,1972-11-16,0000-00-00,Active,4000.0,,XHKG,CS,00128,00128_01.XHKG,,"09:31-12:00,13:01-16:00",2026-05-21,20260420,20260521,False
902,08659.XHKG,2780995.0,YIK WO INTL,YHGJKG,GEM,易和国际控股,2020-07-13,0000-00-00,Active,5000.0,,XHKG,CS,08659,08659_01.XHKG,,"09:31-12:00,13:01-16:00",2026-05-21,20260420,20260521,False
903,01305.XHKG,2777220.0,WAI CHI HOLD,WZKG,MainBoard,伟志控股,2014-11-18,0000-00-00,Active,1000.0,,XHKG,CS,01305,01305_01.XHKG,,"09:31-12:00,13:01-16:00",2026-05-21,20260420,20260521,False
904,02405.XHKG,2775887.0,POWERWIN TECH,LMKJ,MainBoard,力盟科技,2023-03-31,0000-00-00,Active,4000.0,,XHKG,CS,02405,02405_01.XHKG,,"09:31-12:00,13:01-16:00",2026-05-21,20260420,20260521,False
905,00637.XHKG,2773834.0,LEE KEE,LJ,MainBoard,利记,2006-10-04,0000-00-00,Active,2000.0,,XHKG,CS,00637,00637_01.XHKG,,"09:31-12:00,13:01-16:00",2026-05-21,20260420,20260521,False
906,01941.XHKG,2769600.0,YE XING GROUP,YXJT,MainBoard,烨星集团,2020-03-13,0000-00-00,Active,2000.0,,XHKG,CS,01941,01941_01.XHKG,,"09:31-12:00,13:01-16:00",2026-05-21,20260420,20260521,False
907,00346.XHKG,2760239.0,YANCHANG PETRO,YCSYGJ,MainBoard,延长石油国际,2001-04-19,0000-00-00,Active,5000.0,,XHKG,CS,00346,00346_01.XHKG,,"09:31-12:00,13:01-16:00",2026-05-21,20260420,20260521,False
908,01750.XHKG,2732840.0,REM GROUP HLDGS,QDDQJTKG,MainBoard,全达电器集团控股,2018-05-11,0000-00-00,Active,10000.0,,XHKG,CS,01750,01750_01.XHKG,,"09:31-12:00,13:01-16:00",2026-05-21,20260420,20260521,False
909,03398.XHKG,2721460.0,CHINA TING,HDKG,MainBoard,华鼎控股,2005-12-15,0000-00-00,Active,2000.0,,XHKG,CS,03398,03398_01.XHKG,,"09:31-12:00,13:01-16:00",2026-05-21,20260420,20260521,False
910,01938.XHKG,2717508.0,CHU KONG PIPE,ZJGG,MainBoard,珠江钢管,2010-02-10,0000-00-00,Active,1000.0,,XHKG,CS,01938,01938_01.XHKG,,"09:31-12:00,13:01-16:00",2026-05-21,20260420,20260521,False
911,02223.XHKG,2716640.0,CASABLANCA,KSTJ,MainBoard,卡撒天娇,2012-11-23,0000-00-00,Active,2000.0,,XHKG,CS,02223,02223_01.XHKG,,"09:31-12:00,13:01-16:00",2026-05-21,20260420,20260521,False
912,01001.XHKG,2716360.0,HK SH ALLIANCE,HGLH,MainBoard,沪港联合,1994-02-18,0000-00-00,Active,2000.0,,XHKG,CS,01001,01001_01.XHKG,,"09:31-12:00,13:01-16:00",2026-05-21,20260420,20260521,False
913,01008.XHKG,2706224.0,LITU HOLDINGS,LTKG,MainBoard,力图控股,2009-03-30,0000-00-00,Active,2000.0,,XHKG,CS,01008,01008_01.XHKG,,"09:31-12:00,13:01-16:00",2026-05-21,20260420,20260521,False
914,01217.XHKG,2693004.0,CH INNOVATION,ZGCXTZ,MainBoard,中国创新投资,2002-08-28,0000-00-00,Active,40000.0,,XHKG,CS,01217,01217_01.XHKG,,"09:31-12:00,13:01-16:00",2026-05-21,20260420,20260521,False
915,08121.XHKG,2681246.0,GUOEN HOLDINGS,GEKG,GEM,国恩控股,2015-05-29,0000-00-00,Active,10000.0,,XHKG,CS,08121,08121_01.XHKG,,"09:31-12:00,13:01-16:00",2026-05-21,20260420,20260521,False
916,00889.XHKG,2676110.0,DATRONIX HOLD,LDKJKG,MainBoard,连达科技控股,2001-06-22,0000-00-00,Active,2000.0,,XHKG,CS,00889,00889_01.XHKG,,"09:31-12:00,13:01-16:00",2026-05-21,20260420,20260521,False
917,01957.XHKG,2664557.0,MBV INTL,DRGJ,MainBoard,大人国际,2020-07-08,0000-00-00,Active,2500.0,,XHKG,CS,01957,01957_01.XHKG,,"09:31-12:00,13:01-16:00",2026-05-21,20260420,20260521,False
918,03822.XHKG,2658956.0,SAM WOO CONS,SHJZJT,MainBoard,三和建筑集团,2014-10-16,0000-00-00,Active,4000.0,,XHKG,CS,03822,03822_01.XHKG,,"09:31-12:00,13:01-16:00",2026-05-21,20260420,20260521,False
919,08081.XHKG,2651475.0,BAIJUYI HOLD,BJYKG,GEM,白居易控股,2000-06-19,0000-00-00,Active,10000.0,,XHKG,CS,08081,08081_01.XHKG,,"09:31-12:00,13:01-16:00",2026-05-21,20260420,20260521,False
920,00217.XHKG,2651118.0,CHINA CHENGTONG,ZGCTFZJT,MainBoard,中国诚通发展集团,1972-01-10,0000-00-00,Active,2000.0,,XHKG,CS,00217,00217_01.XHKG,,"09:31-12:00,13:01-16:00",2026-05-21,20260420,20260521,False
921,08509.XHKG,2645960.0,WINE'S LINK,WYJYKG,GEM,威扬酒业控股,2018-01-12,0000-00-00,Active,4000.0,,XHKG,CS,08509,08509_01.XHKG,,"09:31-12:00,13:01-16:00",2026-05-21,20260420,20260521,False
922,08321.XHKG,2643140.0,TAI KAM HLDGS,TJKG,GEM,泰锦控股,2016-10-28,0000-00-00,Active,10000.0,,XHKG,CS,08321,08321_02.XHKG,,"09:31-12:00,13:01-16:00",2026-05-21,20260420,20260521,False
923,06877.XHKG,2641195.0,TE HEALTHCARE,TEHEALTHCARE,MainBoard,TEHEALTHCARE,2017-12-15,0000-00-00,Active,5000.0,,XHKG,CS,06877,06877_01.XHKG,,"09:31-12:00,13:01-16:00",2026-05-21,20260420,20260521,False
924,06288.XHKG,2609565.0,FAST RETAIL-DRS,FASTRETAILDRS,MainBoard,FASTRETAIL-DRS,2014-03-05,0000-00-00,Active,300.0,,XHKG,CS,06288,06288_01.XHKG,,"09:31-12:00,13:01-16:00",2026-05-21,20260420,20260521,False
925,01129.XHKG,2600342.0,WATER INDUSTRY,ZGSYJT,MainBoard,中国水业集团,2002-01-17,0000-00-00,Active,4000.0,,XHKG,CS,01129,01129_01.XHKG,,"09:31-12:00,13:01-16:00",2026-05-21,20260420,20260521,False
926,01738.XHKG,2588167.0,FS ANTHRACITE,FSWYM,MainBoard,飞尚无烟煤,2014-01-22,0000-00-00,Active,2500.0,,XHKG,CS,01738,01738_01.XHKG,,"09:31-12:00,13:01-16:00",2026-05-21,20260420,20260521,False
927,00476.XHKG,2587520.0,EV DYNAMICS,KXDLKG,MainBoard,科轩动力控股,1996-05-24,0000-00-00,Active,10000.0,,XHKG,CS,00476,00476_01.XHKG,,"09:31-12:00,13:01-16:00",2026-05-21,20260420,20260521,False
928,01206.XHKG,2583338.0,TECHNOVATOR,TFTD,MainBoard,同方泰德,2011-10-27,0000-00-00,Active,2000.0,,XHKG,CS,01206,01206_01.XHKG,,"09:31-12:00,13:01-16:00",2026-05-21,20260420,20260521,False
929,09998.XHKG,2579750.0,KWAN YONG,GRKG,MainBoard,光荣控股,2020-01-08,0000-00-00,Active,5000.0,,XHKG,CS,09998,09998_01.XHKG,,"09:31-12:00,13:01-16:00",2026-05-21,20260420,20260521,False
930,01412.XHKG,2573920.0,Q P GROUP,JSJT,MainBoard,隽思集团,2020-01-16,0000-00-00,Active,2000.0,,XHKG,CS,01412,01412_01.XHKG,,"09:31-12:00,13:01-16:00",2026-05-21,20260420,20260521,False
931,08292.XHKG,2566812.0,VSING,VSING,GEM,VSING,2016-07-06,0000-00-00,Active,10000.0,,XHKG,CS,08292,08292_02.XHKG,,"09:31-12:00,13:01-16:00",2026-05-21,20260420,20260521,False
932,00932.XHKG,2562408.0,SHUNTEN INTL,STGJKG,MainBoard,顺腾国际控股,2015-11-20,0000-00-00,Active,4000.0,,XHKG,CS,00932,00932_02.XHKG,,"09:31-12:00,13:01-16:00",2026-05-21,20260420,20260521,False
933,01601.XHKG,2550600.0,ZGC TEC LEASING,ZGCKJZL,MainBoard,中关村科技租赁,2020-01-21,0000-00-00,Active,2000.0,,XHKG,CS,01601,01601_01.XHKG,,"09:31-12:00,13:01-16:00",2026-05-21,20260420,20260521,False
934,03601.XHKG,2546730.0,LUDASHI,LDS,MainBoard,鲁大师,2019-10-10,0000-00-00,Active,1000.0,,XHKG,CS,03601,03601_01.XHKG,,"09:31-12:00,13:01-16:00",2026-05-21,20260420,20260521,False
935,08131.XHKG,2514260.0,ABC MULTIACTIVE,CGKJ,GEM,辰罡科技,2001-01-31,0000-00-00,Active,10000.0,,XHKG,CS,08131,08131_01.XHKG,,"09:31-12:00,13:01-16:00",2026-05-21,20260420,20260521,False
936,09689.XHKG,2508800.0,JTF INTL,JTFGJKG,MainBoard,金泰丰国际控股,2023-05-17,0000-00-00,Active,4000.0,,XHKG,CS,09689,09689_01.XHKG,,"09:31-12:00,13:01-16:00",2026-05-21,20260420,20260521,False
937,01460.XHKG,2505537.0,ICO GROUP,YKJT,MainBoard,扬科集团,2016-10-12,0000-00-00,Active,8000.0,,XHKG,CS,01460,01460_01.XHKG,,"09:31-12:00,13:01-16:00",2026-05-21,20260420,20260521,False
938,01669.XHKG,2502520.0,GIC GROUP,HQXDJT,MainBoard,环球信贷集团,2014-12-12,0000-00-00,Active,2000.0,,XHKG,CS,01669,01669_01.XHKG,,"09:31-12:00,13:01-16:00",2026-05-21,20260420,20260521,False
939,01556.XHKG,2491900.0,CHINNEY KW,JYJR,MainBoard,建业建荣,2015-11-11,0000-00-00,Active,5000.0,,XHKG,CS,01556,01556_01.XHKG,,"09:31-12:00,13:01-16:00",2026-05-21,20260420,20260521,False
940,08610.XHKG,2472726.0,BBSB INTL,BBSBINTL,GEM,BBSBINTL,2026-01-13,0000-00-00,Active,4000.0,,XHKG,CS,08610,08610_01.XHKG,,"09:31-12:00,13:01-16:00",2026-05-21,20260420,20260521,False
941,00672.XHKG,2443553.0,ZHONGAN GROUP,ZAJT,MainBoard,众安集团,2007-11-13,0000-00-00,Active,1000.0,,XHKG,CS,00672,00672_01.XHKG,,"09:31-12:00,13:01-16:00",2026-05-21,20260420,20260521,False
942,01075.XHKG,2438248.0,CAPINFO,SDXX,MainBoard,首都信息,2011-01-21,0000-00-00,Active,1000.0,,XHKG,CS,01075,01075_01.XHKG,,"09:31-12:00,13:01-16:00",2026-05-21,20260420,20260521,False
943,01490.XHKG,2431660.0,AI X TECH,AIXTECH,MainBoard,AIXTECH,2021-01-15,0000-00-00,Active,4000.0,,XHKG,CS,01490,01490_01.XHKG,,"09:31-12:00,13:01-16:00",2026-05-21,20260420,20260521,False
944,08217.XHKG,2428624.0,JU FU TANG BIOT,JFTSW,GEM,菊福堂生物,2016-04-12,0000-00-00,Active,10000.0,,XHKG,CS,08217,08217_02.XHKG,,"09:31-12:00,13:01-16:00",2026-05-21,20260420,20260521,False
945,02376.XHKG,2426890.0,LUSHANGSERVICES,LSFW,MainBoard,鲁商服务,2022-07-08,0000-00-00,Active,500.0,,XHKG,CS,02376,02376_01.XHKG,,"09:31-12:00,13:01-16:00",2026-05-21,20260420,20260521,False
946,00311.XHKG,2423994.0,LUEN THAI,LTKG,MainBoard,联泰控股,2004-07-15,0000-00-00,Active,1000.0,,XHKG,CS,00311,00311_01.XHKG,,"09:31-12:00,13:01-16:00",2026-05-21,20260420,20260521,False
947,08379.XHKG,2420770.0,PRIME INTEL,YZGJ,GEM,盈证国际,2018-02-14,0000-00-00,Active,10000.0,,XHKG,CS,08379,08379_01.XHKG,,"09:31-12:00,13:01-16:00",2026-05-21,20260420,20260521,False
948,09978.XHKG,2412740.0,FINELAND LIVING,FYSHFW,MainBoard,方圆生活服务,2020-05-28,0000-00-00,Active,4000.0,,XHKG,CS,09978,09978_01.XHKG,,"09:31-12:00,13:01-16:00",2026-05-21,20260420,20260521,False
949,08308.XHKG,2410028.0,GUDOU HLDGS,GDKG,GEM,古兜控股,2016-12-09,0000-00-00,Active,4000.0,,XHKG,CS,08308,08308_01.XHKG,,"09:31-12:00,13:01-16:00",2026-05-21,20260420,20260521,False
950,00912.XHKG,2403100.0,SUGA INT'L,XJGJ,MainBoard,信佳国际,2002-09-18,0000-00-00,Active,2000.0,,XHKG,CS,00912,00912_01.XHKG,,"09:31-12:00,13:01-16:00",2026-05-21,20260420,20260521,False
951,03390.XHKG,2401450.0,TYCOON GROUP,MGJT,MainBoard,满贯集团,2020-04-15,0000-00-00,Active,2000.0,,XHKG,CS,03390,03390_01.XHKG,,"09:31-12:00,13:01-16:00",2026-05-21,20260420,20260521,False
952,02030.XHKG,2388190.0,CABBEEN,KB,MainBoard,卡宾,2013-10-28,0000-00-00,Active,1000.0,,XHKG,CS,02030,02030_01.XHKG,,"09:31-12:00,13:01-16:00",2026-05-21,20260420,20260521,False
953,01156.XHKG,2382383.0,CHINANEWENERGY,CHINANEWENERGY,MainBoard,CHINANEWENERGY,2020-07-15,0000-00-00,Active,4000.0,,XHKG,CS,01156,01156_01.XHKG,,"09:31-12:00,13:01-16:00",2026-05-21,20260420,20260521,False
954,02528.XHKG,2374760.0,FW FASHION INT,SJGJKG,MainBoard,尚晋国际控股,2020-01-13,0000-00-00,Active,2000.0,,XHKG,CS,02528,02528_01.XHKG,,"09:31-12:00,13:01-16:00",2026-05-21,20260420,20260521,False
955,08612.XHKG,2362253.0,WORLD SUPER,WLKG,GEM,维亮控股,2019-07-12,0000-00-00,Active,20000.0,,XHKG,CS,08612,08612_01.XHKG,,"09:31-12:00,13:01-16:00",2026-05-21,20260420,20260521,False
956,01572.XHKG,2357096.0,CHINA ART FIN,ZGYSJR,MainBoard,中国艺术金融,2016-11-08,0000-00-00,Active,4000.0,,XHKG,CS,01572,01572_01.XHKG,,"09:31-12:00,13:01-16:00",2026-05-21,20260420,20260521,False
957,08125.XHKG,2335733.0,CHINA NEW HLDGS,ZXKG,GEM,中新控股,2014-07-18,0000-00-00,Active,8000.0,,XHKG,CS,08125,08125_01.XHKG,,"09:31-12:00,13:01-16:00",2026-05-21,20260420,20260521,False
958,02433.XHKG,2330972.0,ZT HN GROUP,ZTHNJT,MainBoard,中天湖南集团,2023-03-30,0000-00-00,Active,2000.0,,XHKG,CS,02433,02433_01.XHKG,,"09:31-12:00,13:01-16:00",2026-05-21,20260420,20260521,False
959,08027.XHKG,2307680.0,KPM HOLDING,JHKG,GEM,吉辉控股,2015-07-10,0000-00-00,Active,5000.0,,XHKG,CS,08027,08027_02.XHKG,,"09:31-12:00,13:01-16:00",2026-05-21,20260420,20260521,False
960,03830.XHKG,2302955.0,KIDDIELAND,TYGJ,MainBoard,童园国际,2017-09-21,0000-00-00,Active,5000.0,,XHKG,CS,03830,03830_01.XHKG,,"09:31-12:00,13:01-16:00",2026-05-21,20260420,20260521,False
961,00227.XHKG,2291401.0,FIRST SHANGHAI,DYSH,MainBoard,第一上海,1972-08-24,0000-00-00,Active,8000.0,,XHKG,CS,00227,00227_01.XHKG,,"09:31-12:00,13:01-16:00",2026-05-21,20260420,20260521,False
962,01408.XHKG,2291400.0,MACAU E&M,HJJD,MainBoard,濠江机电,2020-09-11,0000-00-00,Active,2000.0,,XHKG,CS,01408,01408_01.XHKG,,"09:31-12:00,13:01-16:00",2026-05-21,20260420,20260521,False
963,00090.XHKG,2282300.0,PUXING ENERGY,PXNL,MainBoard,普星能量,2009-07-10,0000-00-00,Active,2000.0,,XHKG,CS,00090,00090_02.XHKG,,"09:31-12:00,13:01-16:00",2026-05-21,20260420,20260521,False
964,02221.XHKG,2270848.0,NEW CONCEPTS,CYJTKG,MainBoard,创业集团控股,2014-09-19,0000-00-00,Active,4000.0,,XHKG,CS,02221,02221_01.XHKG,,"09:31-12:00,13:01-16:00",2026-05-21,20260420,20260521,False
965,00046.XHKG,2269685.0,COMPUTER & TECH,KLXT,MainBoard,科联系统,1998-05-18,0000-00-00,Active,2000.0,,XHKG,CS,00046,00046_01.XHKG,,"09:31-12:00,13:01-16:00",2026-05-21,20260420,20260521,False
966,01237.XHKG,2260301.0,CH ENV TECH&BIO,ZKSW,MainBoard,中科生物,2012-07-06,0000-00-00,Active,10000.0,,XHKG,CS,01237,01237_01.XHKG,,"09:31-12:00,13:01-16:00",2026-05-21,20260420,20260521,False
967,00673.XHKG,2257623.0,CHINA HEALTH,ZGWSJT,MainBoard,中国卫生集团,1996-10-14,0000-00-00,Active,6000.0,,XHKG,CS,00673,00673_01.XHKG,,"09:31-12:00,13:01-16:00",2026-05-21,20260420,20260521,False
968,02147.XHKG,2255892.0,ZHENGWEI GROUP,ZWJT,MainBoard,正味集团,2023-01-13,0000-00-00,Active,4000.0,,XHKG,CS,02147,02147_01.XHKG,,"09:31-12:00,13:01-16:00",2026-05-21,20260420,20260521,False
969,08446.XHKG,2253018.0,BRIGHTSTAR TECH,YXKJJT,GEM,耀星科技集团,2017-06-14,0000-00-00,Active,2000.0,,XHKG,CS,08446,08446_01.XHKG,,"09:31-12:00,13:01-16:00",2026-05-21,20260420,20260521,False
970,01621.XHKG,2243888.0,VICO INTL HLDGS,YGGJKG,MainBoard,域高国际控股,2018-03-05,0000-00-00,Active,8000.0,,XHKG,CS,01621,01621_01.XHKG,,"09:31-12:00,13:01-16:00",2026-05-21,20260420,20260521,False
971,08229.XHKG,2239650.0,FUTURE DATA,WLSJJT,GEM,未来数据集团,2016-07-08,0000-00-00,Active,5000.0,,XHKG,CS,08229,08229_02.XHKG,,"09:31-12:00,13:01-16:00",2026-05-21,20260420,20260521,False
972,08189.XHKG,2219465.0,TEDA BIOMEDICAL,TDSW,GEM,泰达生物,2002-06-18,0000-00-00,Active,5000.0,,XHKG,CS,08189,08189_01.XHKG,,"09:31-12:00,13:01-16:00",2026-05-21,20260420,20260521,False
973,01962.XHKG,2213300.0,EVERGREEN PG,XXSY,MainBoard,训修实业,2017-07-12,0000-00-00,Active,2000.0,,XHKG,CS,01962,01962_01.XHKG,,"09:31-12:00,13:01-16:00",2026-05-21,20260420,20260521,False
974,00237.XHKG,2212144.0,SAFETY GODOWN,AQHC,MainBoard,安全货仓,1973-01-09,0000-00-00,Active,2000.0,,XHKG,CS,00237,00237_01.XHKG,,"09:31-12:00,13:01-16:00",2026-05-21,20260420,20260521,False
975,08512.XHKG,2200850.0,HYFUSIN GROUP,KFSJTKG,GEM,凯富善集团控股,2018-07-19,0000-00-00,Active,10000.0,,XHKG,CS,08512,08512_01.XHKG,,"09:31-12:00,13:01-16:00",2026-05-21,20260420,20260521,False
976,08128.XHKG,2197536.0,CHYY GP,ZGHYYJT,GEM,中国恒有源集团,2001-11-30,0000-00-00,Active,8000.0,,XHKG,CS,08128,08128_01.XHKG,,"09:31-12:00,13:01-16:00",2026-05-21,20260420,20260521,False
977,02130.XHKG,2167980.0,CN LOGISTICS,JHWL,MainBoard,嘉泓物流,2020-10-15,0000-00-00,Active,1000.0,,XHKG,CS,02130,02130_01.XHKG,,"09:31-12:00,13:01-16:00",2026-05-21,20260420,20260521,False
978,01891.XHKG,2155684.0,HENG HUP,XHKG,MainBoard,兴合控股,2019-03-15,0000-00-00,Active,4000.0,,XHKG,CS,01891,01891_01.XHKG,,"09:31-12:00,13:01-16:00",2026-05-21,20260420,20260521,False
979,00348.XHKG,2154868.0,CHINAHEALTHWISE,ZGZNJK,MainBoard,中国智能健康,1997-09-30,0000-00-00,Active,10000.0,,XHKG,CS,00348,00348_01.XHKG,,"09:31-12:00,13:01-16:00",2026-05-21,20260420,20260521,False
980,00474.XHKG,2141269.0,ACESO LIFE SCI,XMSMKJ,MainBoard,信铭生命科技,2006-06-06,0000-00-00,Active,6000.0,,XHKG,CS,00474,00474_01.XHKG,,"09:31-12:00,13:01-16:00",2026-05-21,20260420,20260521,False
981,02129.XHKG,2133540.0,LEGION CONSO,LEGIONCONSO,MainBoard,LEGIONCONSO,2021-01-13,0000-00-00,Active,5000.0,,XHKG,CS,02129,02129_01.XHKG,,"09:31-12:00,13:01-16:00",2026-05-21,20260420,20260521,False
982,02239.XHKG,2131700.0,SMIT,GWKG,MainBoard,国微控股,2016-03-30,0000-00-00,Active,1000.0,,XHKG,CS,02239,02239_01.XHKG,,"09:31-12:00,13:01-16:00",2026-05-21,20260420,20260521,False
983,02530.XHKG,2112400.0,NUMANS,NMS,MainBoard,纽曼思,2025-01-10,0000-00-00,Active,8000.0,,XHKG,CS,02530,02530_01.XHKG,,"09:31-12:00,13:01-16:00",2026-05-21,20260420,20260521,False
984,08271.XHKG,2101830.0,GDC,HQSMCY,GEM,环球数码创意,2003-08-04,0000-00-00,Active,2000.0,,XHKG,CS,08271,08271_01.XHKG,,"09:31-12:00,13:01-16:00",2026-05-21,20260420,20260521,False
985,01355.XHKG,2094155.0,BIOSYSEN,SWXTGC,MainBoard,生物系统工程,2013-08-21,0000-00-00,Active,20000.0,,XHKG,CS,01355,01355_01.XHKG,,"09:31-12:00,13:01-16:00",2026-05-21,20260420,20260521,False
986,01973.XHKG,2087868.0,TIAN TU CAPITAL,TTTZ,MainBoard,天图投资,2023-10-06,0000-00-00,Active,400.0,,XHKG,CS,01973,01973_01.XHKG,,"09:31-12:00,13:01-16:00",2026-05-21,20260420,20260521,False
987,01036.XHKG,2079260.0,VANKE OVERSEAS,WKHW,MainBoard,万科海外,1996-11-08,0000-00-00,Active,1000.0,,XHKG,CS,01036,01036_01.XHKG,,"09:31-12:00,13:01-16:00",2026-05-21,20260420,20260521,False
988,01183.XHKG,2071446.0,MECOM POWER,ANJS,MainBoard,澳能建设,2018-02-13,0000-00-00,Active,2000.0,,XHKG,CS,01183,01183_01.XHKG,,"09:31-12:00,13:01-16:00",2026-05-21,20260420,20260521,False
989,01935.XHKG,2052260.0,JH EDUCATION,JHJY,MainBoard,嘉宏教育,2019-06-18,0000-00-00,Active,2000.0,,XHKG,CS,01935,01935_01.XHKG,,"09:31-12:00,13:01-16:00",2026-05-21,20260420,20260521,False
990,00635.XHKG,2045894.0,PLAYMATES,CXJT,MainBoard,彩星集团,1994-01-06,0000-00-00,Active,2000.0,,XHKG,CS,00635,00635_01.XHKG,,"09:31-12:00,13:01-16:00",2026-05-21,20260420,20260521,False
991,00858.XHKG,2034420.0,EXTRAWELL PHAR,JYYY,MainBoard,精优药业,1999-03-10,0000-00-00,Active,10000.0,,XHKG,CS,00858,00858_01.XHKG,,"09:31-12:00,13:01-16:00",2026-05-21,20260420,20260521,False
992,08290.XHKG,2026739.0,AHSAY BACKUP,YSBF,GEM,亚势备份,2015-10-08,0000-00-00,Active,10000.0,,XHKG,CS,08290,08290_02.XHKG,,"09:31-12:00,13:01-16:00",2026-05-21,20260420,20260521,False
993,08071.XHKG,2024390.0,CH NETCOMTECH,ZCWTKG,GEM,中彩网通控股,2001-03-02,0000-00-00,Active,5000.0,,XHKG,CS,08071,08071_01.XHKG,,"09:31-12:00,13:01-16:00",2026-05-21,20260420,20260521,False
994,02325.XHKG,2006520.0,YUNKANG GROUP,YKJT,MainBoard,云康集团,2022-05-18,0000-00-00,Active,3000.0,,XHKG,CS,02325,02325_01.XHKG,,"09:31-12:00,13:01-16:00",2026-05-21,20260420,20260521,False
995,01289.XHKG,2005705.0,SUNLIT SCI,SLDKJ,MainBoard,盛力达科技,2014-11-11,0000-00-00,Active,500.0,,XHKG,CS,01289,01289_01.XHKG,,"09:31-12:00,13:01-16:00",2026-05-21,20260420,20260521,False
996,01335.XHKG,2003252.0,SHEEN TAI,STKG,MainBoard,顺泰控股,2012-07-13,0000-00-00,Active,2000.0,,XHKG,CS,01335,01335_01.XHKG,,"09:31-12:00,13:01-16:00",2026-05-21,20260420,20260521,False
997,02237.XHKG,1999568.0,CHINA GRAPHITE,ZGSM,MainBoard,中国石墨,2022-07-18,0000-00-00,Active,10000.0,,XHKG,CS,02237,02237_01.XHKG,,"09:31-12:00,13:01-16:00",2026-05-21,20260420,20260521,False
998,02348.XHKG,1998300.0,DAWNRAYS PHARMA,DRZY,MainBoard,东瑞制药,2003-07-11,0000-00-00,Active,4000.0,,XHKG,CS,02348,02348_01.XHKG,,"09:31-12:00,13:01-16:00",2026-05-21,20260420,20260521,False
999,01218.XHKG,1992837.0,EASYKNIT INT'L,YYGJ,MainBoard,永义国际,1995-01-30,0000-00-00,Active,1000.0,,XHKG,CS,01218,01218_01.XHKG,,"09:31-12:00,13:01-16:00",2026-05-21,20260420,20260521,False
1000,00110.XHKG,1990810.0,CHINA FORTUNE,ZGCY,MainBoard,中国长远,2004-01-26,0000-00-00,Active,4000.0,,XHKG,CS,00110,00110_01.XHKG,,"09:31-12:00,13:01-16:00",2026-05-21,20260420,20260521,False
1001,01697.XHKG,1989387.0,SDITC,SDGX,MainBoard,山东国信,2017-12-08,0000-00-00,Active,1800.0,,XHKG,CS,01697,01697_01.XHKG,,"09:31-12:00,13:01-16:00",2026-05-21,20260420,20260521,False
1002,01977.XHKG,1984905.0,ANALOGUE HLDGS,ALGC,MainBoard,安乐工程,2019-07-12,0000-00-00,Active,2000.0,,XHKG,CS,01977,01977_01.XHKG,,"09:31-12:00,13:01-16:00",2026-05-21,20260420,20260521,False
1003,00104.XHKG,1984114.0,ASIA COMM HOLD,ASIACOMMHOLD,MainBoard,ASIACOMMHOLD,1987-07-29,0000-00-00,Active,5000.0,,XHKG,CS,00104,00104_01.XHKG,,"09:31-12:00,13:01-16:00",2026-05-21,20260420,20260521,False
1004,02455.XHKG,1982020.0,RUNHUA SERVICE,RHFW,MainBoard,润华服务,2023-01-17,0000-00-00,Active,2000.0,,XHKG,CS,02455,02455_01.XHKG,,"09:31-12:00,13:01-16:00",2026-05-21,20260420,20260521,False
1005,08326.XHKG,1970210.0,TK NEW ENERGY,TJXNY,GEM,同景新能源,2013-11-21,0000-00-00,Active,25000.0,,XHKG,CS,08326,08326_01.XHKG,,"09:31-12:00,13:01-16:00",2026-05-21,20260420,20260521,False
1006,01255.XHKG,1968920.0,TATA HEALTH,TATAJK,MainBoard,TATA健康,2013-07-11,0000-00-00,Active,2000.0,,XHKG,CS,01255,01255_01.XHKG,,"09:31-12:00,13:01-16:00",2026-05-21,20260420,20260521,False
1007,00736.XHKG,1968307.0,CHINA PPT INV,ZGZYTZ,MainBoard,中国置业投资,1992-09-30,0000-00-00,Active,3000.0,,XHKG,CS,00736,00736_01.XHKG,,"09:31-12:00,13:01-16:00",2026-05-21,20260420,20260521,False
1008,00244.XHKG,1955785.0,SINCERE,XS,MainBoard,先施,1921-01-01,0000-00-00,Active,1000.0,,XHKG,CS,00244,00244_01.XHKG,,"09:31-12:00,13:01-16:00",2026-05-21,20260420,20260521,False
1009,01351.XHKG,1951090.0,BRIGHT FUTURE,HHMT,MainBoard,辉煌明天,2020-11-11,0000-00-00,Active,2000.0,,XHKG,CS,01351,01351_01.XHKG,,"09:31-12:00,13:01-16:00",2026-05-21,20260420,20260521,False
1010,01241.XHKG,1943032.0,SHUANGHUA H,SHKG,MainBoard,双桦控股,2011-06-30,0000-00-00,Active,2000.0,,XHKG,CS,01241,01241_01.XHKG,,"09:31-12:00,13:01-16:00",2026-05-21,20260420,20260521,False
1011,02545.XHKG,1935120.0,ZHONGGAN COMM,ZGTX,MainBoard,中赣通信,2024-07-03,0000-00-00,Active,2000.0,,XHKG,CS,02545,02545_01.XHKG,,"09:31-12:00,13:01-16:00",2026-05-21,20260420,20260521,False
1012,08232.XHKG,1923112.0,THAC GROUP,YMJT,GEM,一木集团,2016-07-11,0000-00-00,Active,5000.0,,XHKG,CS,08232,08232_02.XHKG,,"09:31-12:00,13:01-16:00",2026-05-21,20260420,20260521,False
1013,01262.XHKG,1922421.0,LABIXIAOXIN,LBXXSP,MainBoard,蜡笔小新食品,2011-12-09,0000-00-00,Active,2000.0,,XHKG,CS,01262,01262_01.XHKG,,"09:31-12:00,13:01-16:00",2026-05-21,20260420,20260521,False
1014,01203.XHKG,1912047.0,GUANGNAN (HOLD),GNJT,MainBoard,广南(集团),1994-12-09,0000-00-00,Active,2000.0,,XHKG,CS,01203,01203_01.XHKG,,"09:31-12:00,13:01-16:00",2026-05-21,20260420,20260521,False
1015,02563.XHKG,1906534.0,BIOSTAR PHARM-B,HHZTYYB,MainBoard,华昊中天医药-B,2024-10-31,0000-00-00,Active,200.0,,XHKG,CS,02563,02563_01.XHKG,,"09:31-12:00,13:01-16:00",2026-05-21,20260420,20260521,False
1016,01591.XHKG,1905225.0,SHUN WO GROUP,XHJT,MainBoard,汛和集团,2016-09-28,0000-00-00,Active,20000.0,,XHKG,CS,01591,01591_01.XHKG,,"09:31-12:00,13:01-16:00",2026-05-21,20260420,20260521,False
1017,02022.XHKG,1878156.0,DIGIT HOLLYWOOD,YLHD,MainBoard,游莱互动,2017-12-15,0000-00-00,Active,4000.0,,XHKG,CS,02022,02022_01.XHKG,,"09:31-12:00,13:01-16:00",2026-05-21,20260420,20260521,False
1018,02107.XHKG,1878107.0,FIRST SERVICE,DYFWKG,MainBoard,第一服务控股,2020-10-22,0000-00-00,Active,2500.0,,XHKG,CS,02107,02107_01.XHKG,,"09:31-12:00,13:01-16:00",2026-05-21,20260420,20260521,False
1019,09638.XHKG,1866912.0,FERRETTI,FLD,MainBoard,法拉帝,2022-03-31,0000-00-00,Active,100.0,,XHKG,CS,09638,09638_01.XHKG,,"09:31-12:00,13:01-16:00",2026-05-21,20260420,20260521,False
1020,00051.XHKG,1866680.0,HARBOUR CENTRE,HGQY,MainBoard,海港企业,1971-02-15,0000-00-00,Active,1000.0,,XHKG,CS,00051,00051_01.XHKG,,"09:31-12:00,13:01-16:00",2026-05-21,20260420,20260521,False
1021,00936.XHKG,1855150.0,KAISA CAPITAL,JZYZB,MainBoard,佳兆业资本,2010-07-19,0000-00-00,Active,10000.0,,XHKG,CS,00936,00936_01.XHKG,,"09:31-12:00,13:01-16:00",2026-05-21,20260420,20260521,False
1022,01615.XHKG,1853400.0,AB BUILDERS,ABJZ,MainBoard,奥邦建筑,2018-09-10,0000-00-00,Active,5000.0,,XHKG,CS,01615,01615_01.XHKG,,"09:31-12:00,13:01-16:00",2026-05-21,20260420,20260521,False
1023,01518.XHKG,1851900.0,NC HEALTHCARE,XSJYL,MainBoard,新世纪医疗,2017-01-18,0000-00-00,Active,500.0,,XHKG,CS,01518,01518_01.XHKG,,"09:31-12:00,13:01-16:00",2026-05-21,20260420,20260521,False
1024,00423.XHKG,1848440.0,HKET HOLDINGS,JJRBJT,MainBoard,经济日报集团,2005-08-03,0000-00-00,Active,2000.0,,XHKG,CS,00423,00423_01.XHKG,,"09:31-12:00,13:01-16:00",2026-05-21,20260420,20260521,False
1025,02529.XHKG,1848160.0,HOLLWIN URBAN,HYCSFW,MainBoard,泓盈城市服务,2024-05-17,0000-00-00,Active,1000.0,,XHKG,CS,02529,02529_01.XHKG,,"09:31-12:00,13:01-16:00",2026-05-21,20260420,20260521,False
1026,09916.XHKG,1845715.0,XINGYE WULIAN,XYWL,MainBoard,兴业物联,2020-03-09,0000-00-00,Active,2000.0,,XHKG,CS,09916,09916_01.XHKG,,"09:31-12:00,13:01-16:00",2026-05-21,20260420,20260521,False
1027,00519.XHKG,1844357.0,NOVAUTEK,NKDKJ,MainBoard,诺科达科技,1986-03-24,0000-00-00,Active,5000.0,,XHKG,CS,00519,00519_01.XHKG,,"09:31-12:00,13:01-16:00",2026-05-21,20260420,20260521,False
1028,02683.XHKG,1842360.0,WAHSUN HANDBAGS,HXSDGJKG,MainBoard,华新手袋国际控股,2018-01-22,0000-00-00,Active,2000.0,,XHKG,CS,02683,02683_01.XHKG,,"09:31-12:00,13:01-16:00",2026-05-21,20260420,20260521,False
1029,01455.XHKG,1833705.0,FOURACE IND GP,KLSYKG,MainBoard,科利实业控股,2020-09-15,0000-00-00,Active,5000.0,,XHKG,CS,01455,01455_01.XHKG,,"09:31-12:00,13:01-16:00",2026-05-21,20260420,20260521,False
1030,00641.XHKG,1820840.0,CHTC FONG'S INT,ZGHTLXGJ,MainBoard,中国恒天立信国际,1990-10-12,0000-00-00,Active,2000.0,,XHKG,CS,00641,00641_01.XHKG,,"09:31-12:00,13:01-16:00",2026-05-21,20260420,20260521,False
1031,00097.XHKG,1811242.0,HENDERSON INV,HJFZ,MainBoard,恒基发展,1972-11-06,0000-00-00,Active,1000.0,,XHKG,CS,00097,00097_01.XHKG,,"09:31-12:00,13:01-16:00",2026-05-21,20260420,20260521,False
1032,02116.XHKG,1808960.0,JS INNOV,JSCX,MainBoard,江苏创新,2018-03-28,0000-00-00,Active,2000.0,,XHKG,CS,02116,02116_01.XHKG,,"09:31-12:00,13:01-16:00",2026-05-21,20260420,20260521,False
1033,01407.XHKG,1802540.0,JY GAS,JYRQ,MainBoard,交运燃气,2022-11-16,0000-00-00,Active,2000.0,,XHKG,CS,01407,01407_01.XHKG,,"09:31-12:00,13:01-16:00",2026-05-21,20260420,20260521,False
1034,00366.XHKG,1797260.0,LUKS GROUP (VN),LSJTYN,MainBoard,陆氏集团(越南),1987-01-07,0000-00-00,Active,2000.0,,XHKG,CS,00366,00366_01.XHKG,,"09:31-12:00,13:01-16:00",2026-05-21,20260420,20260521,False
1035,02189.XHKG,1781791.0,KATO (HK) HLDGS,JTXGKG,MainBoard,嘉涛(香港)控股,2019-06-13,0000-00-00,Active,4000.0,,XHKG,CS,02189,02189_01.XHKG,,"09:31-12:00,13:01-16:00",2026-05-21,20260420,20260521,False
1036,02693.XHKG,1778055.0,JINYAN KAOLIN,JYGLXC,MainBoard,金岩高岭新材,2025-12-03,0000-00-00,Active,500.0,,XHKG,CS,02693,02693_01.XHKG,,"09:31-12:00,13:01-16:00",2026-05-21,20260420,20260521,False
1037,00757.XHKG,1764740.0,SOLARGIGA,YGNY,MainBoard,阳光能源,2008-03-31,0000-00-00,Active,1000.0,,XHKG,CS,00757,00757_02.XHKG,,"09:31-12:00,13:01-16:00",2026-05-21,20260420,20260521,False
1038,01950.XHKG,1763375.0,DIWANG IND H,DWSYKG,MainBoard,帝王实业控股,2020-03-12,0000-00-00,Active,4000.0,,XHKG,CS,01950,01950_01.XHKG,,"09:31-12:00,13:01-16:00",2026-05-21,20260420,20260521,False
1039,01647.XHKG,1747420.0,GRANDSHORES,XAKJ,MainBoard,雄岸科技,2017-03-30,0000-00-00,Active,5000.0,,XHKG,CS,01647,01647_01.XHKG,,"09:31-12:00,13:01-16:00",2026-05-21,20260420,20260521,False
1040,06118.XHKG,1747020.0,AUSTAR,AXSMKJ,MainBoard,奥星生命科技,2014-11-07,0000-00-00,Active,1000.0,,XHKG,CS,06118,06118_01.XHKG,,"09:31-12:00,13:01-16:00",2026-05-21,20260420,20260521,False
1041,01027.XHKG,1746412.0,ASIA STRAT TECH,YZCLKJ,MainBoard,亚洲策略科技,2015-02-13,0000-00-00,Active,10000.0,,XHKG,CS,01027,01027_01.XHKG,,"09:31-12:00,13:01-16:00",2026-05-21,20260420,20260521,False
1042,00574.XHKG,1743270.0,PASHUN INT'L,BXGJ,MainBoard,百信国际,2015-06-19,0000-00-00,Active,2000.0,,XHKG,CS,00574,00574_01.XHKG,,"09:31-12:00,13:01-16:00",2026-05-21,20260420,20260521,False
1043,02619.XHKG,1740570.0,XJ ELECTRICS,XJDQ,MainBoard,香江电器,2025-06-25,0000-00-00,Active,1000.0,,XHKG,CS,02619,02619_01.XHKG,,"09:31-12:00,13:01-16:00",2026-05-21,20260420,20260521,False
1044,01557.XHKG,1729880.0,K.H. GP HLDGS,JHJTKG,MainBoard,剑虹集团控股,2016-03-18,0000-00-00,Active,4000.0,,XHKG,CS,01557,01557_01.XHKG,,"09:31-12:00,13:01-16:00",2026-05-21,20260420,20260521,False
1045,08040.XHKG,1728550.0,COOLPOINT INNO,KYZN,GEM,快意智能,2018-02-14,0000-00-00,Active,5000.0,,XHKG,CS,08040,08040_02.XHKG,,"09:31-12:00,13:01-16:00",2026-05-21,20260420,20260521,False
1046,03860.XHKG,1717150.0,EPS HEALTH TECH,EPSCJKJ,MainBoard,EPS创健科技,2019-12-12,0000-00-00,Active,5000.0,,XHKG,CS,03860,03860_01.XHKG,,"09:31-12:00,13:01-16:00",2026-05-21,20260420,20260521,False
1047,00528.XHKG,1702060.0,KINGDOM HOLDING,JDKG,MainBoard,金达控股,2006-12-12,0000-00-00,Active,2000.0,,XHKG,CS,00528,00528_01.XHKG,,"09:31-12:00,13:01-16:00",2026-05-21,20260420,20260521,False
1048,03882.XHKG,1691720.0,SKYLIGHT HLDG,TCKG,MainBoard,天彩控股,2015-07-02,0000-00-00,Active,1000.0,,XHKG,CS,03882,03882_01.XHKG,,"09:31-12:00,13:01-16:00",2026-05-21,20260420,20260521,False
1049,00040.XHKG,1678492.0,GOLD PEAK,JSKJGY,MainBoard,金山科技工业,1984-07-02,0000-00-00,Active,1000.0,,XHKG,CS,00040,00040_01.XHKG,,"09:31-12:00,13:01-16:00",2026-05-21,20260420,20260521,False
1050,00092.XHKG,1671666.0,CHAMPION TECH,GJKJJT,MainBoard,冠军科技集团,1992-08-19,0000-00-00,Active,12000.0,,XHKG,CS,00092,00092_01.XHKG,,"09:31-12:00,13:01-16:00",2026-05-21,20260420,20260521,False
1051,00814.XHKG,1666890.0,JINGKELONG,BJJKL,MainBoard,北京京客隆,2008-02-26,0000-00-00,Active,1000.0,,XHKG,CS,00814,00814_01.XHKG,,"09:31-12:00,13:01-16:00",2026-05-21,20260420,20260521,False
1052,01708.XHKG,1662739.0,SAMPLE TECH,SBKJ,MainBoard,三宝科技,2010-12-01,0000-00-00,Active,500.0,,XHKG,CS,01708,01708_01.XHKG,,"09:31-12:00,13:01-16:00",2026-05-21,20260420,20260521,False
1053,03313.XHKG,1655655.0,ARTGO HOLDINGS,YGKG,MainBoard,雅高控股,2013-12-30,0000-00-00,Active,10000.0,,XHKG,CS,03313,03313_02.XHKG,,"09:31-12:00,13:01-16:00",2026-05-21,20260420,20260521,False
1054,01145.XHKG,1654600.0,COURAGE INV,YLTZ,MainBoard,勇利投资,2011-06-24,0000-00-00,Active,20000.0,,XHKG,CS,01145,01145_01.XHKG,,"09:31-12:00,13:01-16:00",2026-05-21,20260420,20260521,False
1055,00197.XHKG,1650858.0,HENG TAI,HT,MainBoard,亨泰,2001-12-03,0000-00-00,Active,5000.0,,XHKG,CS,00197,00197_01.XHKG,,"09:31-12:00,13:01-16:00",2026-05-21,20260420,20260521,False
1056,01756.XHKG,1647390.0,CHI SCI&EDU IND,ZGKJCY,MainBoard,中国科教产业,2019-11-25,0000-00-00,Active,1000.0,,XHKG,CS,01756,01756_01.XHKG,,"09:31-12:00,13:01-16:00",2026-05-21,20260420,20260521,False
1057,00727.XHKG,1642275.0,CROWNICORP,HGHQJT,MainBoard,皇冠环球集团,1998-01-16,0000-00-00,Active,10000.0,,XHKG,CS,00727,00727_01.XHKG,,"09:31-12:00,13:01-16:00",2026-05-21,20260420,20260521,False
1058,01856.XHKG,1638550.0,ERNEST BOREL,YBL,MainBoard,依波路,2014-07-11,0000-00-00,Active,1000.0,,XHKG,CS,01856,01856_01.XHKG,,"09:31-12:00,13:01-16:00",2026-05-21,20260420,20260521,False
1059,86618.XHKG,1631965.0,JD HEALTH-R,JDJKR,MainBoard,京东健康-R,2023-06-19,0000-00-00,Active,50.0,,XHKG,CS,86618,86618_01.XHKG,,"09:31-12:00,13:01-16:00",2026-05-21,20260420,20260521,False
1060,01323.XHKG,1621146.0,HUASHENG INTL,HSGJKG,MainBoard,华盛国际控股,2011-01-13,0000-00-00,Active,20000.0,,XHKG,CS,01323,01323_01.XHKG,,"09:31-12:00,13:01-16:00",2026-05-21,20260420,20260521,False
1061,09600.XHKG,1616914.0,NEWLINK TECH,XNKJ,MainBoard,新纽科技,2021-01-06,0000-00-00,Active,800.0,,XHKG,CS,09600,09600_01.XHKG,,"09:31-12:00,13:01-16:00",2026-05-21,20260420,20260521,False
1062,01134.XHKG,1607640.0,KELFRED,HFGX,MainBoard,恒发光学,2019-07-16,0000-00-00,Active,4000.0,,XHKG,CS,01134,01134_01.XHKG,,"09:31-12:00,13:01-16:00",2026-05-21,20260420,20260521,False
1063,00306.XHKG,1601012.0,KWOON CHUNG BUS,GZBSJT,MainBoard,冠忠巴士集团,1996-09-25,0000-00-00,Active,2000.0,,XHKG,CS,00306,00306_01.XHKG,,"09:31-12:00,13:01-16:00",2026-05-21,20260420,20260521,False
1064,03798.XHKG,1600920.0,HOMELAND ITL,JXHD,MainBoard,家乡互动,2019-07-04,0000-00-00,Active,2000.0,,XHKG,CS,03798,03798_01.XHKG,,"09:31-12:00,13:01-16:00",2026-05-21,20260420,20260521,False
1065,01393.XHKG,1598442.0,HIDILI INDUSTRY,HDSY,MainBoard,恒鼎实业,2007-09-21,0000-00-00,Active,1000.0,,XHKG,CS,01393,01393_01.XHKG,,"09:31-12:00,13:01-16:00",2026-05-21,20260420,20260521,False
1066,00248.XHKG,1593547.0,HKC INT'L HOLD,XGTXGJKG,MainBoard,香港通讯国际控股,2001-11-09,0000-00-00,Active,10000.0,,XHKG,CS,00248,00248_01.XHKG,,"09:31-12:00,13:01-16:00",2026-05-21,20260420,20260521,False
1067,00191.XHKG,1588972.0,LAI SUN INT'L,LXGJ,MainBoard,丽新国际,1987-12-03,0000-00-00,Active,1000.0,,XHKG,CS,00191,00191_01.XHKG,,"09:31-12:00,13:01-16:00",2026-05-21,20260420,20260521,False
1068,01222.XHKG,1576713.0,WANG ON GROUP,WANGONGROUP,MainBoard,WANGONGROUP,1995-02-28,0000-00-00,Active,20000.0,,XHKG,CS,01222,01222_01.XHKG,,"09:31-12:00,13:01-16:00",2026-05-21,20260420,20260521,False
1069,02457.XHKG,1570825.0,BUYANG INTL,BYGJ,MainBoard,步阳国际,2022-12-15,0000-00-00,Active,5000.0,,XHKG,CS,02457,02457_01.XHKG,,"09:31-12:00,13:01-16:00",2026-05-21,20260420,20260521,False
1070,08622.XHKG,1565280.0,JOYZYME GROUP,YYJT,GEM,愉悦集团,2018-12-13,0000-00-00,Active,8000.0,,XHKG,CS,08622,08622_01.XHKG,,"09:31-12:00,13:01-16:00",2026-05-21,20260420,20260521,False
1071,00498.XHKG,1564540.0,BLUE RIVER HLDG,LHKG,MainBoard,蓝河控股,1993-09-21,0000-00-00,Active,10000.0,,XHKG,CS,00498,00498_01.XHKG,,"09:31-12:00,13:01-16:00",2026-05-21,20260420,20260521,False
1072,00475.XHKG,1562620.0,CENTRAL DEV H,ZFZKG,MainBoard,中发展控股,2007-04-17,0000-00-00,Active,2000.0,,XHKG,CS,00475,00475_01.XHKG,,"09:31-12:00,13:01-16:00",2026-05-21,20260420,20260521,False
1073,01371.XHKG,1541839.0,CHINA ECOTOUR,ZGSTLY,MainBoard,中国生态旅游,2013-10-16,0000-00-00,Active,10000.0,,XHKG,CS,01371,01371_01.XHKG,,"09:31-12:00,13:01-16:00",2026-05-21,20260420,20260521,False
1074,02371.XHKG,1538010.0,CHUANGLIAN HOLD,CLKG,MainBoard,创联控股,2004-11-18,0000-00-00,Active,8000.0,,XHKG,CS,02371,02371_01.XHKG,,"09:31-12:00,13:01-16:00",2026-05-21,20260420,20260521,False
1075,00970.XHKG,1535880.0,NEW SPARKLEROLL,XYL,MainBoard,新耀莱,1997-09-18,0000-00-00,Active,2000.0,,XHKG,CS,00970,00970_01.XHKG,,"09:31-12:00,13:01-16:00",2026-05-21,20260420,20260521,False
1076,08023.XHKG,1525980.0,KWONG MAN KEE,KWJ,GEM,邝文记,2016-10-13,0000-00-00,Active,6000.0,,XHKG,CS,08023,08023_02.XHKG,,"09:31-12:00,13:01-16:00",2026-05-21,20260420,20260521,False
1077,01925.XHKG,1515980.0,KWUNGS AROMA,KSFX,MainBoard,旷世芳香,2020-01-16,0000-00-00,Active,2000.0,,XHKG,CS,01925,01925_01.XHKG,,"09:31-12:00,13:01-16:00",2026-05-21,20260420,20260521,False
1078,01285.XHKG,1515370.0,JIASHILI GP,JSLJT,MainBoard,嘉士利集团,2014-09-25,0000-00-00,Active,1000.0,,XHKG,CS,01285,01285_01.XHKG,,"09:31-12:00,13:01-16:00",2026-05-21,20260420,20260521,False
1079,06833.XHKG,1514888.0,SINCO PHARMA,XKRYY,MainBoard,兴科蓉医药,2016-03-10,0000-00-00,Active,4000.0,,XHKG,CS,06833,06833_01.XHKG,,"09:31-12:00,13:01-16:00",2026-05-21,20260420,20260521,False
1080,02120.XHKG,1499196.0,KN HOSPITAL,KNYY,MainBoard,康宁医院,2015-11-20,0000-00-00,Active,100.0,,XHKG,CS,02120,02120_01.XHKG,,"09:31-12:00,13:01-16:00",2026-05-21,20260420,20260521,False
1081,00129.XHKG,1493402.0,ASIA STANDARD,FHJT,MainBoard,泛海集团,1973-01-24,0000-00-00,Active,2000.0,,XHKG,CS,00129,00129_01.XHKG,,"09:31-12:00,13:01-16:00",2026-05-21,20260420,20260521,False
1082,08283.XHKG,1483695.0,ZHONGSHI MINAN,ZSMA,GEM,中食民安,2016-11-08,0000-00-00,Active,5000.0,,XHKG,CS,08283,08283_01.XHKG,,"09:31-12:00,13:01-16:00",2026-05-21,20260420,20260521,False
1083,00146.XHKG,1479430.0,TAI PING CARPET,TAIPINGCARPET,MainBoard,TAIPINGCARPET,1980-01-08,0000-00-00,Active,1000.0,,XHKG,CS,00146,00146_01.XHKG,,"09:31-12:00,13:01-16:00",2026-05-21,20260420,20260521,False
1084,01446.XHKG,1477920.0,HUNGFOOKTONG,HFT,MainBoard,鸿福堂,2014-07-04,0000-00-00,Active,2000.0,,XHKG,CS,01446,01446_01.XHKG,,"09:31-12:00,13:01-16:00",2026-05-21,20260420,20260521,False
1085,01987.XHKG,1470244.0,BENG SOON MACH,BENGSOONMACH,MainBoard,BENGSOONMACH,2019-11-08,0000-00-00,Active,4000.0,,XHKG,CS,01987,01987_01.XHKG,,"09:31-12:00,13:01-16:00",2026-05-21,20260420,20260521,False
1086,01841.XHKG,1470160.0,A.PLUS GROUP,YYJTKG,MainBoard,优越集团控股,2019-01-11,0000-00-00,Active,10000.0,,XHKG,CS,01841,01841_01.XHKG,,"09:31-12:00,13:01-16:00",2026-05-21,20260420,20260521,False
1087,00922.XHKG,1452817.0,ANXIANYUAN CH,AXYZG,MainBoard,安贤园中国,1999-12-21,0000-00-00,Active,10000.0,,XHKG,CS,00922,00922_01.XHKG,,"09:31-12:00,13:01-16:00",2026-05-21,20260420,20260521,False
1088,00730.XHKG,1443133.0,CAPITAL IND FIN,SHCYJR,MainBoard,首惠产业金融,1991-08-08,0000-00-00,Active,1000.0,,XHKG,CS,00730,00730_01.XHKG,,"09:31-12:00,13:01-16:00",2026-05-21,20260420,20260521,False
1089,01153.XHKG,1441760.0,JIAYUAN SER,JYFW,MainBoard,佳源服务,2020-12-09,0000-00-00,Active,1000.0,,XHKG,CS,01153,01153_01.XHKG,,"09:31-12:00,13:01-16:00",2026-05-21,20260420,20260521,False
1090,00681.XHKG,1440864.0,CHI PEOPLE HOLD,ZMKG,MainBoard,中民控股,1997-04-24,0000-00-00,Active,2000.0,,XHKG,CS,00681,00681_01.XHKG,,"09:31-12:00,13:01-16:00",2026-05-21,20260420,20260521,False
1091,01343.XHKG,1437110.0,WEI YUAN HLDG,WYKG,MainBoard,伟源控股,2020-03-12,0000-00-00,Active,5000.0,,XHKG,CS,01343,01343_01.XHKG,,"09:31-12:00,13:01-16:00",2026-05-21,20260420,20260521,False
1092,00387.XHKG,1426640.0,LEEPORT(HOLD),LFJT,MainBoard,力丰(集团),2003-07-10,0000-00-00,Active,4000.0,,XHKG,CS,00387,00387_01.XHKG,,"09:31-12:00,13:01-16:00",2026-05-21,20260420,20260521,False
1093,01010.XHKG,1422010.0,SKY BLUE 11,TXY11,MainBoard,天玺曜11,1994-02-18,0000-00-00,Active,2000.0,,XHKG,CS,01010,01010_01.XHKG,,"09:31-12:00,13:01-16:00",2026-05-21,20260420,20260521,False
1094,08535.XHKG,1421600.0,VISTAR HOLDINGS,YDKG,GEM,荧德控股,2018-02-12,0000-00-00,Active,20000.0,,XHKG,CS,08535,08535_01.XHKG,,"09:31-12:00,13:01-16:00",2026-05-21,20260420,20260521,False
1095,08483.XHKG,1417504.0,MAX SIGHT GROUP,MSKX,GEM,名仕快相,2018-02-28,0000-00-00,Active,8000.0,,XHKG,CS,08483,08483_01.XHKG,,"09:31-12:00,13:01-16:00",2026-05-21,20260420,20260521,False
1096,00497.XHKG,1412560.0,CSI PROPERTIES,ZBCLDC,MainBoard,资本策略地产,1992-04-15,0000-00-00,Active,20000.0,,XHKG,CS,00497,00497_01.XHKG,,"09:31-12:00,13:01-16:00",2026-05-21,20260420,20260521,False
1097,00505.XHKG,1401660.0,XINGYE ALLOY,XYHJ,MainBoard,兴业合金,2007-12-27,0000-00-00,Active,1000.0,,XHKG,CS,00505,00505_01.XHKG,,"09:31-12:00,13:01-16:00",2026-05-21,20260420,20260521,False
1098,08320.XHKG,1401660.0,AEC GROUP,PRHB,GEM,沛然环保,2016-10-17,0000-00-00,Active,20000.0,,XHKG,CS,08320,08320_02.XHKG,,"09:31-12:00,13:01-16:00",2026-05-21,20260420,20260521,False
1099,08423.XHKG,1396270.0,CHI HO DEV,CHIHODEV,GEM,CHIHODEV,2017-03-13,0000-00-00,Active,10000.0,,XHKG,CS,08423,08423_01.XHKG,,"09:31-12:00,13:01-16:00",2026-05-21,20260420,20260521,False
1100,02321.XHKG,1388625.0,SWANGCHAICHUAN,SCZ,MainBoard,双财庄,2022-08-19,0000-00-00,Active,5000.0,,XHKG,CS,02321,02321_01.XHKG,,"09:31-12:00,13:01-16:00",2026-05-21,20260420,20260521,False
1101,00825.XHKG,1384860.0,NWDS CHINA,XSJBHZG,MainBoard,新世界百货中国,2007-07-12,0000-00-00,Active,1000.0,,XHKG,CS,00825,00825_01.XHKG,,"09:31-12:00,13:01-16:00",2026-05-21,20260420,20260521,False
1102,01936.XHKG,1382020.0,RITAMIX,LTM,MainBoard,利特米,2020-05-13,0000-00-00,Active,2000.0,,XHKG,CS,01936,01936_01.XHKG,,"09:31-12:00,13:01-16:00",2026-05-21,20260420,20260521,False
1103,01476.XHKG,1376030.0,FIN STREET SEC,JRJZQ,MainBoard,金融街证券,2015-10-15,0000-00-00,Active,1000.0,,XHKG,CS,01476,01476_01.XHKG,,"09:31-12:00,13:01-16:00",2026-05-21,20260420,20260521,False
1104,02181.XHKG,1371860.0,MABPHARM-B,MBYYB,MainBoard,迈博药业-B,2019-05-31,0000-00-00,Active,2000.0,,XHKG,CS,02181,02181_01.XHKG,,"09:31-12:00,13:01-16:00",2026-05-21,20260420,20260521,False
1105,00726.XHKG,1371295.0,DIT GROUP,ZYZZKJ,MainBoard,筑友智造科技,1991-07-25,0000-00-00,Active,5000.0,,XHKG,CS,00726,00726_01.XHKG,,"09:31-12:00,13:01-16:00",2026-05-21,20260420,20260521,False
1106,01195.XHKG,1371103.0,KINGWELL GROUP,JWJT,MainBoard,京维集团,2003-01-20,0000-00-00,Active,4000.0,,XHKG,CS,01195,01195_01.XHKG,,"09:31-12:00,13:01-16:00",2026-05-21,20260420,20260521,False
1107,01224.XHKG,1370210.0,C C LAND,ZYZD,MainBoard,中渝置地,1999-04-30,0000-00-00,Active,1000.0,,XHKG,CS,01224,01224_01.XHKG,,"09:31-12:00,13:01-16:00",2026-05-21,20260420,20260521,False
1108,00713.XHKG,1368450.0,WORLD HOUSEWARE,SJJT,MainBoard,世界(集团),1993-04-15,0000-00-00,Active,2000.0,,XHKG,CS,00713,00713_01.XHKG,,"09:31-12:00,13:01-16:00",2026-05-21,20260420,20260521,False
1109,02023.XHKG,1363640.0,CHINA LUDAO,ZGLDKJ,MainBoard,中国绿岛科技,2013-10-11,0000-00-00,Active,4000.0,,XHKG,CS,02023,02023_01.XHKG,,"09:31-12:00,13:01-16:00",2026-05-21,20260420,20260521,False
1110,08136.XHKG,1359200.0,IMS GROUP,YMSJT,GEM,英马斯集团,2018-01-25,0000-00-00,Active,10000.0,,XHKG,CS,08136,08136_02.XHKG,,"09:31-12:00,13:01-16:00",2026-05-21,20260420,20260521,False
1111,01215.XHKG,1351213.0,KAI YUAN HLDGS,KYKG,MainBoard,开源控股,1997-01-17,0000-00-00,Active,20000.0,,XHKG,CS,01215,01215_01.XHKG,,"09:31-12:00,13:01-16:00",2026-05-21,20260420,20260521,False
1112,00131.XHKG,1344920.0,CHEUK NANG HOLD,ZNJT,MainBoard,卓能(集团),1988-08-15,0000-00-00,Active,1000.0,,XHKG,CS,00131,00131_01.XHKG,,"09:31-12:00,13:01-16:00",2026-05-21,20260420,20260521,False
1113,06882.XHKG,1343110.0,EGL HOLDINGS,DYY,MainBoard,东瀛游,2014-11-28,0000-00-00,Active,2000.0,,XHKG,CS,06882,06882_01.XHKG,,"09:31-12:00,13:01-16:00",2026-05-21,20260420,20260521,False
1114,01965.XHKG,1332467.0,LANDSEA LIFE,LSLSSH,MainBoard,朗诗绿色生活,2021-07-08,0000-00-00,Active,1000.0,,XHKG,CS,01965,01965_01.XHKG,,"09:31-12:00,13:01-16:00",2026-05-21,20260420,20260521,False
1115,01937.XHKG,1311355.0,JIACHEN HOLDING,JCKG,MainBoard,佳辰控股,2020-01-17,0000-00-00,Active,5000.0,,XHKG,CS,01937,01937_01.XHKG,,"09:31-12:00,13:01-16:00",2026-05-21,20260420,20260521,False
1116,09608.XHKG,1310500.0,SUNDY SERVICE,SDFW,MainBoard,宋都服务,2021-01-18,0000-00-00,Active,10000.0,,XHKG,CS,09608,09608_01.XHKG,,"09:31-12:00,13:01-16:00",2026-05-21,20260420,20260521,False
1117,00420.XHKG,1309220.0,FOUNTAIN SET,FTSY,MainBoard,福田实业,1988-04-20,0000-00-00,Active,2000.0,,XHKG,CS,00420,00420_01.XHKG,,"09:31-12:00,13:01-16:00",2026-05-21,20260420,20260521,False
1118,02317.XHKG,1308560.0,VEDAN INT'L,WDGJ,MainBoard,味丹国际,2003-06-27,0000-00-00,Active,4000.0,,XHKG,CS,02317,02317_01.XHKG,,"09:31-12:00,13:01-16:00",2026-05-21,20260420,20260521,False
1119,00229.XHKG,1307320.0,RAYMOND IND,LMSY,MainBoard,利民实业,1984-11-22,0000-00-00,Active,5000.0,,XHKG,CS,00229,00229_01.XHKG,,"09:31-12:00,13:01-16:00",2026-05-21,20260420,20260521,False
1120,01960.XHKG,1306500.0,TBKS HLDGS,TBKSHLDGS,MainBoard,TBKSHLDGS,2019-09-30,0000-00-00,Active,5000.0,,XHKG,CS,01960,01960_01.XHKG,,"09:31-12:00,13:01-16:00",2026-05-21,20260420,20260521,False
1121,01705.XHKG,1302060.0,B & S INTL HLDG,BSGJ,MainBoard,宾仕国际,2018-03-14,0000-00-00,Active,4000.0,,XHKG,CS,01705,01705_01.XHKG,,"09:31-12:00,13:01-16:00",2026-05-21,20260420,20260521,False
1122,02000.XHKG,1301400.0,SIM TECH,CXKJ,MainBoard,晨讯科技,2005-06-30,0000-00-00,Active,2000.0,,XHKG,CS,02000,02000_01.XHKG,,"09:31-12:00,13:01-16:00",2026-05-21,20260420,20260521,False
1123,01225.XHKG,1290946.0,LERADO FIN,LCJR,MainBoard,隆成金融,1998-12-18,0000-00-00,Active,10000.0,,XHKG,CS,01225,01225_01.XHKG,,"09:31-12:00,13:01-16:00",2026-05-21,20260420,20260521,False
1124,01826.XHKG,1288060.0,FDB HOLDINGS,FZKG,MainBoard,丰展控股,2017-07-10,0000-00-00,Active,10000.0,,XHKG,CS,01826,01826_01.XHKG,,"09:31-12:00,13:01-16:00",2026-05-21,20260420,20260521,False
1125,02210.XHKG,1284756.0,BEIJING JIAYE,JCJY,MainBoard,京城佳业,2021-11-10,0000-00-00,Active,400.0,,XHKG,CS,02210,02210_01.XHKG,,"09:31-12:00,13:01-16:00",2026-05-21,20260420,20260521,False
1126,02324.XHKG,1279179.0,CAPITAL VC,SDCT,MainBoard,首都创投,2003-10-27,0000-00-00,Active,10000.0,,XHKG,CS,02324,02324_01.XHKG,,"09:31-12:00,13:01-16:00",2026-05-21,20260420,20260521,False
1127,08411.XHKG,1277580.0,K W NELSON GP,KWNELSONGP,GEM,KWNELSONGP,2016-12-08,0000-00-00,Active,10000.0,,XHKG,CS,08411,08411_01.XHKG,,"09:31-12:00,13:01-16:00",2026-05-21,20260420,20260521,False
1128,00149.XHKG,1258994.0,CH AGRI-PROD EX,ZGNCPJY,MainBoard,中国农产品交易,1973-03-12,0000-00-00,Active,5000.0,,XHKG,CS,00149,00149_01.XHKG,,"09:31-12:00,13:01-16:00",2026-05-21,20260420,20260521,False
1129,00150.XHKG,1255767.0,HYPEBEAST,HYPEBEAST,MainBoard,HYPEBEAST,2019-03-08,0000-00-00,Active,2800.0,,XHKG,CS,00150,00150_01.XHKG,,"09:31-12:00,13:01-16:00",2026-05-21,20260420,20260521,False
1130,00239.XHKG,1251125.0,PAK FAH YEOW,BHY,MainBoard,白花油,1991-12-18,0000-00-00,Active,2500.0,,XHKG,CS,00239,00239_01.XHKG,,"09:31-12:00,13:01-16:00",2026-05-21,20260420,20260521,False
1131,01583.XHKG,1245210.0,QINQIN FOODS,QQSP,MainBoard,亲亲食品,2016-07-08,0000-00-00,Active,1000.0,,XHKG,CS,01583,01583_01.XHKG,,"09:31-12:00,13:01-16:00",2026-05-21,20260420,20260521,False
1132,06958.XHKG,1244770.0,ZHENRO SERVICES,ZRFW,MainBoard,正荣服务,2020-07-10,0000-00-00,Active,1000.0,,XHKG,CS,06958,06958_01.XHKG,,"09:31-12:00,13:01-16:00",2026-05-21,20260420,20260521,False
1133,00601.XHKG,1241389.0,REMT,XMKJ,MainBoard,稀镁科技,1993-01-28,0000-00-00,Active,10000.0,,XHKG,CS,00601,00601_01.XHKG,,"09:31-12:00,13:01-16:00",2026-05-21,20260420,20260521,False
1134,06677.XHKG,1239326.0,SINO-OCEAN SERV,YYFW,MainBoard,远洋服务,2020-12-17,0000-00-00,Active,500.0,,XHKG,CS,06677,06677_01.XHKG,,"09:31-12:00,13:01-16:00",2026-05-21,20260420,20260521,False
1135,00518.XHKG,1235248.0,TUNGTEX (HOLD),TDSJT,MainBoard,同得仕(集团),1988-12-15,0000-00-00,Active,2000.0,,XHKG,CS,00518,00518_01.XHKG,,"09:31-12:00,13:01-16:00",2026-05-21,20260420,20260521,False
1136,01319.XHKG,1232080.0,OIWAHPAWN,AHYYXD,MainBoard,霭华押业信贷,2013-03-12,0000-00-00,Active,8000.0,,XHKG,CS,01319,01319_01.XHKG,,"09:31-12:00,13:01-16:00",2026-05-21,20260420,20260521,False
1137,02499.XHKG,1230000.0,FOLANGSI,FLSGF,MainBoard,佛朗斯股份,2023-11-10,0000-00-00,Active,200.0,,XHKG,CS,02499,02499_01.XHKG,,"09:31-12:00,13:01-16:00",2026-05-21,20260420,20260521,False
1138,01576.XHKG,1227460.0,QILU EXPRESSWAY,QLGS,MainBoard,齐鲁高速,2018-07-19,0000-00-00,Active,1000.0,,XHKG,CS,01576,01576_01.XHKG,,"09:31-12:00,13:01-16:00",2026-05-21,20260420,20260521,False
1139,08036.XHKG,1217900.0,EBROKER GROUP,DZJYJT,GEM,电子交易集团,2019-02-19,0000-00-00,Active,10000.0,,XHKG,CS,08036,08036_03.XHKG,,"09:31-12:00,13:01-16:00",2026-05-21,20260420,20260521,False
1140,06830.XHKG,1217652.0,HUAZHONG IN-V,HZCZ,MainBoard,华众车载,2012-01-12,0000-00-00,Active,2000.0,,XHKG,CS,06830,06830_01.XHKG,,"09:31-12:00,13:01-16:00",2026-05-21,20260420,20260521,False
1141,01540.XHKG,1205850.0,LEFTFIELD PRINT,ASHQ,MainBoard,澳狮环球,2018-10-08,0000-00-00,Active,3000.0,,XHKG,CS,01540,01540_01.XHKG,,"09:31-12:00,13:01-16:00",2026-05-21,20260420,20260521,False
1142,01148.XHKG,1202499.0,POWER XINCHEN,XCDL,MainBoard,新晨动力,2013-03-13,0000-00-00,Active,1000.0,,XHKG,CS,01148,01148_01.XHKG,,"09:31-12:00,13:01-16:00",2026-05-21,20260420,20260521,False
1143,01785.XHKG,1202010.0,CHENGDU EXPWAY,CDGS,MainBoard,成都高速,2019-01-15,0000-00-00,Active,1000.0,,XHKG,CS,01785,01785_01.XHKG,,"09:31-12:00,13:01-16:00",2026-05-21,20260420,20260521,False
1144,08246.XHKG,1199448.0,ZHONGHUA GAS,ZHRQ,GEM,中华燃气,2011-12-30,0000-00-00,Active,5000.0,,XHKG,CS,08246,08246_01.XHKG,,"09:31-12:00,13:01-16:00",2026-05-21,20260420,20260521,False
1145,08066.XHKG,1194440.0,PHOENITRON HOLD,PCKG,GEM,品创控股,2001-12-20,0000-00-00,Active,5000.0,,XHKG,CS,08066,08066_01.XHKG,,"09:31-12:00,13:01-16:00",2026-05-21,20260420,20260521,False
1146,01547.XHKG,1191268.0,IBI GROUP HLDGS,IBIGROUPHLDGS,MainBoard,IBIGROUPHLDGS,2016-10-14,0000-00-00,Active,8000.0,,XHKG,CS,01547,01547_01.XHKG,,"09:31-12:00,13:01-16:00",2026-05-21,20260420,20260521,False
1147,02193.XHKG,1191100.0,MAN KING HOLD,WJKG,MainBoard,万景控股,2015-07-03,0000-00-00,Active,4000.0,,XHKG,CS,02193,02193_01.XHKG,,"09:31-12:00,13:01-16:00",2026-05-21,20260420,20260521,False
1148,02421.XHKG,1190540.0,KRP DEVELOPMENT,JCDC,MainBoard,嘉创地产,2023-03-23,0000-00-00,Active,2000.0,,XHKG,CS,02421,02421_01.XHKG,,"09:31-12:00,13:01-16:00",2026-05-21,20260420,20260521,False
1149,00417.XHKG,1189867.0,TSE SUI LUEN,XRL,MainBoard,谢瑞麟,1987-06-30,0000-00-00,Active,2000.0,,XHKG,CS,00417,00417_01.XHKG,,"09:31-12:00,13:01-16:00",2026-05-21,20260420,20260521,False
1150,03768.XHKG,1186790.0,DCWT,DCSW,MainBoard,滇池水务,2017-04-06,0000-00-00,Active,1000.0,,XHKG,CS,03768,03768_01.XHKG,,"09:31-12:00,13:01-16:00",2026-05-21,20260420,20260521,False
1151,00986.XHKG,1185249.0,DUFU LIQUOR GP,DFJYJT,MainBoard,杜甫酒业集团,1994-02-02,0000-00-00,Active,2000.0,,XHKG,CS,00986,00986_01.XHKG,,"09:31-12:00,13:01-16:00",2026-05-21,20260420,20260521,False
1152,02393.XHKG,1182907.0,YESTAR HEALTH,JXYLKG,MainBoard,巨星医疗控股,2013-10-11,0000-00-00,Active,2500.0,,XHKG,CS,02393,02393_01.XHKG,,"09:31-12:00,13:01-16:00",2026-05-21,20260420,20260521,False
1153,00798.XHKG,1175360.0,CEOVU,ZDGG,MainBoard,中电光谷,2014-03-28,0000-00-00,Active,4000.0,,XHKG,CS,00798,00798_01.XHKG,,"09:31-12:00,13:01-16:00",2026-05-21,20260420,20260521,False
1154,01240.XHKG,1170936.0,CNQC INT'L,QJGJ,MainBoard,青建国际,2012-10-18,0000-00-00,Active,2500.0,,XHKG,CS,01240,01240_01.XHKG,,"09:31-12:00,13:01-16:00",2026-05-21,20260420,20260521,False
1155,00722.XHKG,1169105.0,UMP,LHYW,MainBoard,联合医务,2015-11-27,0000-00-00,Active,2000.0,,XHKG,CS,00722,00722_02.XHKG,,"09:31-12:00,13:01-16:00",2026-05-21,20260420,20260521,False
1156,06898.XHKG,1165120.0,CHINA ALUMCAN,ZGLG,MainBoard,中国铝罐,2013-07-12,0000-00-00,Active,2000.0,,XHKG,CS,06898,06898_01.XHKG,,"09:31-12:00,13:01-16:00",2026-05-21,20260420,20260521,False
1157,01767.XHKG,1162550.0,TS WONDERS,TSWONDERS,MainBoard,TSWONDERS,2019-01-14,0000-00-00,Active,10000.0,,XHKG,CS,01767,01767_01.XHKG,,"09:31-12:00,13:01-16:00",2026-05-21,20260420,20260521,False
1158,00747.XHKG,1158350.0,SHENYANG PUBLIC,SYGYFZGF,MainBoard,沈阳公用发展股份,1999-12-16,0000-00-00,Active,2000.0,,XHKG,CS,00747,00747_01.XHKG,,"09:31-12:00,13:01-16:00",2026-05-21,20260420,20260521,False
1159,00979.XHKG,1153765.0,GREEN ENERGY GP,LSNYKJJT,MainBoard,绿色能源科技集团,1997-06-26,0000-00-00,Active,2000.0,,XHKG,CS,00979,00979_01.XHKG,,"09:31-12:00,13:01-16:00",2026-05-21,20260420,20260521,False
1160,08005.XHKG,1147804.0,YUXING INFOTECH,YXKJ,GEM,裕兴科技,2000-01-31,0000-00-00,Active,2000.0,,XHKG,CS,08005,08005_01.XHKG,,"09:31-12:00,13:01-16:00",2026-05-21,20260420,20260521,False
1161,09919.XHKG,1146289.0,ACTIVATION GP,ADWXJT,MainBoard,艾德韦宣集团,2020-01-16,0000-00-00,Active,2000.0,,XHKG,CS,09919,09919_01.XHKG,,"09:31-12:00,13:01-16:00",2026-05-21,20260420,20260521,False
1162,00411.XHKG,1145002.0,LAM SOON (HK),NSXG,MainBoard,南顺(香港),1972-10-31,0000-00-00,Active,1000.0,,XHKG,CS,00411,00411_01.XHKG,,"09:31-12:00,13:01-16:00",2026-05-21,20260420,20260521,False
1163,02483.XHKG,1136160.0,K CASH,KCASHJT,MainBoard,KCASH集团,2023-12-05,0000-00-00,Active,2000.0,,XHKG,CS,02483,02483_01.XHKG,,"09:31-12:00,13:01-16:00",2026-05-21,20260420,20260521,False
1164,08422.XHKG,1134994.0,WT GROUP,WTJT,GEM,WT集团,2017-12-28,0000-00-00,Active,10000.0,,XHKG,CS,08422,08422_01.XHKG,,"09:31-12:00,13:01-16:00",2026-05-21,20260420,20260521,False
1165,00952.XHKG,1127437.0,QUAM PLUS FIN,HFJYJR,MainBoard,华富建业金融,1997-09-24,0000-00-00,Active,10000.0,,XHKG,CS,00952,00952_01.XHKG,,"09:31-12:00,13:01-16:00",2026-05-21,20260420,20260521,False
1166,08285.XHKG,1101515.0,SLING GROUP,SHJT,GEM,森浩集团,2018-01-16,0000-00-00,Active,5000.0,,XHKG,CS,08285,08285_02.XHKG,,"09:31-12:00,13:01-16:00",2026-05-21,20260420,20260521,False
1167,08482.XHKG,1098704.0,WAN LEADER,WLD,GEM,万励达,2018-09-05,0000-00-00,Active,10000.0,,XHKG,CS,08482,08482_01.XHKG,,"09:31-12:00,13:01-16:00",2026-05-21,20260420,20260521,False
1168,01868.XHKG,1087005.0,NEO-NEON,TFYY,MainBoard,同方友友,2006-12-15,0000-00-00,Active,2000.0,,XHKG,CS,01868,01868_01.XHKG,,"09:31-12:00,13:01-16:00",2026-05-21,20260420,20260521,False
1169,01345.XHKG,1077990.0,SH PIONEER HLDG,SHXFKG,MainBoard,上海先锋控股,2013-11-05,0000-00-00,Active,1000.0,,XHKG,CS,01345,01345_01.XHKG,,"09:31-12:00,13:01-16:00",2026-05-21,20260420,20260521,False
1170,01775.XHKG,1073120.0,BEXCELLENT GP,JYHJT,MainBoard,精英汇集团,2018-07-13,0000-00-00,Active,4000.0,,XHKG,CS,01775,01775_01.XHKG,,"09:31-12:00,13:01-16:00",2026-05-21,20260420,20260521,False
1171,08178.XHKG,1071536.0,CHINA INFO TECH,ZGXXKJ,GEM,中国信息科技,2001-12-11,0000-00-00,Active,2000.0,,XHKG,CS,08178,08178_01.XHKG,,"09:31-12:00,13:01-16:00",2026-05-21,20260420,20260521,False
1172,08425.XHKG,1070804.0,HING MING HLDGS,XMKG,GEM,兴铭控股,2017-03-15,0000-00-00,Active,4000.0,,XHKG,CS,08425,08425_01.XHKG,,"09:31-12:00,13:01-16:00",2026-05-21,20260420,20260521,False
1173,01656.XHKG,1066355.0,ISDN HOLDINGS,YSDKG,MainBoard,亿仕登控股,2017-01-12,0000-00-00,Active,2000.0,,XHKG,CS,01656,01656_01.XHKG,,"09:31-12:00,13:01-16:00",2026-05-21,20260420,20260521,False
1174,00266.XHKG,1066130.0,TIAN TECK LAND,TDDC,MainBoard,天德地产,1986-02-26,0000-00-00,Active,2000.0,,XHKG,CS,00266,00266_01.XHKG,,"09:31-12:00,13:01-16:00",2026-05-21,20260420,20260521,False
1175,02002.XHKG,1060125.0,SUNSHINE PAPER,YGZY,MainBoard,阳光纸业,2007-12-12,0000-00-00,Active,2000.0,,XHKG,CS,02002,02002_01.XHKG,,"09:31-12:00,13:01-16:00",2026-05-21,20260420,20260521,False
1176,01975.XHKG,1059380.0,SUN HING PRINT,XXYS,MainBoard,新兴印刷,2017-11-16,0000-00-00,Active,4000.0,,XHKG,CS,01975,01975_01.XHKG,,"09:31-12:00,13:01-16:00",2026-05-21,20260420,20260521,False
1177,08140.XHKG,1048530.0,BOSATECH,RHKJ,GEM,人和科技,2018-07-12,0000-00-00,Active,10000.0,,XHKG,CS,08140,08140_02.XHKG,,"09:31-12:00,13:01-16:00",2026-05-21,20260420,20260521,False
1178,01327.XHKG,1047905.0,LUXXU GROUP,LSJT,MainBoard,励时集团,2015-01-30,0000-00-00,Active,20000.0,,XHKG,CS,01327,01327_01.XHKG,,"09:31-12:00,13:01-16:00",2026-05-21,20260420,20260521,False
1179,08623.XHKG,1045370.0,CHINA SAFTOWER,ZGST,GEM,中国蜀塔,2020-07-10,0000-00-00,Active,40000.0,,XHKG,CS,08623,08623_01.XHKG,,"09:31-12:00,13:01-16:00",2026-05-21,20260420,20260521,False
1180,02497.XHKG,1041060.0,FUJING HOLDINGS,FJZGKG,MainBoard,富景中国控股,2024-03-28,0000-00-00,Active,2000.0,,XHKG,CS,02497,02497_01.XHKG,,"09:31-12:00,13:01-16:00",2026-05-21,20260420,20260521,False
1181,01671.XHKG,1035420.0,TIANBAO ENERGY,TBNY,MainBoard,天保能源,2018-04-27,0000-00-00,Active,2000.0,,XHKG,CS,01671,01671_01.XHKG,,"09:31-12:00,13:01-16:00",2026-05-21,20260420,20260521,False
1182,01470.XHKG,1031540.0,PROSPER ONE,FYGJKG,MainBoard,富一国际控股,2015-05-12,0000-00-00,Active,4000.0,,XHKG,CS,01470,01470_01.XHKG,,"09:31-12:00,13:01-16:00",2026-05-21,20260420,20260521,False
1183,00896.XHKG,1026401.0,HANISON,XSCJ,MainBoard,兴胜创建,2002-01-10,0000-00-00,Active,2000.0,,XHKG,CS,00896,00896_01.XHKG,,"09:31-12:00,13:01-16:00",2026-05-21,20260420,20260521,False
1184,01532.XHKG,1020327.0,CHINA PARTYTIME,ZGPDWH,MainBoard,中国派对文化,2015-10-16,0000-00-00,Active,3000.0,,XHKG,CS,01532,01532_01.XHKG,,"09:31-12:00,13:01-16:00",2026-05-21,20260420,20260521,False
1185,01427.XHKG,1016666.0,CH TIANBAO GP,ZGTBJT,MainBoard,中国天保集团,2019-11-11,0000-00-00,Active,1000.0,,XHKG,CS,01427,01427_01.XHKG,,"09:31-12:00,13:01-16:00",2026-05-21,20260420,20260521,False
1186,01983.XHKG,1016554.0,LUZHOU BANK,LZYH,MainBoard,泸州银行,2018-12-17,0000-00-00,Active,1000.0,,XHKG,CS,01983,01983_01.XHKG,,"09:31-12:00,13:01-16:00",2026-05-21,20260420,20260521,False
1187,00500.XHKG,1002526.0,FRONTIER SER,XFFWJT,MainBoard,先丰服务集团,1988-07-29,0000-00-00,Active,1000.0,,XHKG,CS,00500,00500_01.XHKG,,"09:31-12:00,13:01-16:00",2026-05-21,20260420,20260521,False
1188,01094.XHKG,993988.0,CHERISH SUN,CHGJ,MainBoard,承辉国际,2002-07-03,0000-00-00,Active,8000.0,,XHKG,CS,01094,01094_01.XHKG,,"09:31-12:00,13:01-16:00",2026-05-21,20260420,20260521,False
1189,00389.XHKG,981835.0,TONTINE WINES,TTJY,MainBoard,通天酒业,2009-11-19,0000-00-00,Active,2000.0,,XHKG,CS,00389,00389_02.XHKG,,"09:31-12:00,13:01-16:00",2026-05-21,20260420,20260521,False
1190,00605.XHKG,974980.0,C FIN SERVICES,ZGJRTZGL,MainBoard,中国金融投资管理,1993-04-07,0000-00-00,Active,2000.0,,XHKG,CS,00605,00605_01.XHKG,,"09:31-12:00,13:01-16:00",2026-05-21,20260420,20260521,False
1191,08536.XHKG,972660.0,TL NATURAL GAS,TLNATURALGAS,GEM,TLNATURALGAS,2018-05-18,0000-00-00,Active,5000.0,,XHKG,CS,08536,08536_01.XHKG,,"09:31-12:00,13:01-16:00",2026-05-21,20260420,20260521,False
1192,02011.XHKG,970900.0,GILSTON GROUP,JTJT,MainBoard,进腾集团,2011-01-12,0000-00-00,Active,2000.0,,XHKG,CS,02011,02011_01.XHKG,,"09:31-12:00,13:01-16:00",2026-05-21,20260420,20260521,False
1193,01529.XHKG,968120.0,YUES INTL HLDG,YSGJKG,MainBoard,乐氏国际控股,2019-12-19,0000-00-00,Active,2000.0,,XHKG,CS,01529,01529_01.XHKG,,"09:31-12:00,13:01-16:00",2026-05-21,20260420,20260521,False
1194,01543.XHKG,957626.0,JOIN-SHARE,ZYSDRZDB,MainBoard,中盈盛达融资担保,2015-12-23,0000-00-00,Active,2000.0,,XHKG,CS,01543,01543_01.XHKG,,"09:31-12:00,13:01-16:00",2026-05-21,20260420,20260521,False
1195,02113.XHKG,952325.0,CENTURY GP INTL,SJJTGJ,MainBoard,世纪集团国际,2016-10-17,0000-00-00,Active,5000.0,,XHKG,CS,02113,02113_01.XHKG,,"09:31-12:00,13:01-16:00",2026-05-21,20260420,20260521,False
1196,01402.XHKG,949750.0,I-CONTROL,CZNKG,MainBoard,超智能控股,2019-12-18,0000-00-00,Active,10000.0,,XHKG,CS,01402,01402_01.XHKG,,"09:31-12:00,13:01-16:00",2026-05-21,20260420,20260521,False
1197,01452.XHKG,948708.0,DENOX ENV,DNSHB,MainBoard,迪诺斯环保,2015-11-12,0000-00-00,Active,1000.0,,XHKG,CS,01452,01452_01.XHKG,,"09:31-12:00,13:01-16:00",2026-05-21,20260420,20260521,False
1198,02299.XHKG,947340.0,BILLION IND,BHSY,MainBoard,百宏实业,2011-05-18,0000-00-00,Active,2000.0,,XHKG,CS,02299,02299_01.XHKG,,"09:31-12:00,13:01-16:00",2026-05-21,20260420,20260521,False
1199,01301.XHKG,942560.0,D&G TECH,DJKJKG,MainBoard,德基科技控股,2015-05-27,0000-00-00,Active,2000.0,,XHKG,CS,01301,01301_01.XHKG,,"09:31-12:00,13:01-16:00",2026-05-21,20260420,20260521,False
1200,02383.XHKG,942177.0,TOM GROUP,TOMJT,MainBoard,TOM集团,2004-08-04,0000-00-00,Active,2000.0,,XHKG,CS,02383,02383_01.XHKG,,"09:31-12:00,13:01-16:00",2026-05-21,20260420,20260521,False
1201,00298.XHKG,940473.0,CHUANG'S CHINA,ZSZG,MainBoard,庄士中国,1980-01-23,0000-00-00,Active,10000.0,,XHKG,CS,00298,00298_01.XHKG,,"09:31-12:00,13:01-16:00",2026-05-21,20260420,20260521,False
1202,00157.XHKG,935950.0,NATURAL BEAUTY,ZRM,MainBoard,自然美,2002-03-28,0000-00-00,Active,10000.0,,XHKG,CS,00157,00157_01.XHKG,,"09:31-12:00,13:01-16:00",2026-05-21,20260420,20260521,False
1203,00630.XHKG,935840.0,AMCO UNITED,JTKG,MainBoard,隽泰控股,1996-11-28,0000-00-00,Active,10000.0,,XHKG,CS,00630,00630_01.XHKG,,"09:31-12:00,13:01-16:00",2026-05-21,20260420,20260521,False
1204,08267.XHKG,930971.0,LINEKONG,LGHD,GEM,蓝港互动,2014-12-30,0000-00-00,Active,500.0,,XHKG,CS,08267,08267_01.XHKG,,"09:31-12:00,13:01-16:00",2026-05-21,20260420,20260521,False
1205,08069.XHKG,930619.0,FLYDOO TECH,FDLYKJX,GEM,飞道旅游科技-新,2017-01-12,0000-00-00,Active,5000.0,,XHKG,CS,08069,08069_02.XHKG,,"09:31-12:00,13:01-16:00",2026-05-21,20260420,20260521,False
1206,00619.XHKG,926799.0,SOUTH CHINA FIN,NHJR,MainBoard,南华金融,1993-07-16,0000-00-00,Active,2000.0,,XHKG,CS,00619,00619_01.XHKG,,"09:31-12:00,13:01-16:00",2026-05-21,20260420,20260521,False
1207,01752.XHKG,923758.0,TOP EDUCATION,AZCFGJ,MainBoard,澳洲成峰高教,2018-05-11,0000-00-00,Active,10000.0,,XHKG,CS,01752,01752_01.XHKG,,"09:31-12:00,13:01-16:00",2026-05-21,20260420,20260521,False
1208,01822.XHKG,917037.0,CHINA WOOD INT,ZMGJ,MainBoard,中木国际,2011-06-03,0000-00-00,Active,30000.0,,XHKG,CS,01822,01822_01.XHKG,,"09:31-12:00,13:01-16:00",2026-05-21,20260420,20260521,False
1209,08018.XHKG,916639.0,FINSOFT FIN,HCJRTZ,GEM,汇财金融投资,2013-09-26,0000-00-00,Active,10000.0,,XHKG,CS,08018,08018_02.XHKG,,"09:31-12:00,13:01-16:00",2026-05-21,20260420,20260521,False
1210,06190.XHKG,915959.0,BANKOFJIUJIANG,JJYH,MainBoard,九江银行,2018-07-10,0000-00-00,Active,200.0,,XHKG,CS,06190,06190_01.XHKG,,"09:31-12:00,13:01-16:00",2026-05-21,20260420,20260521,False
1211,02270.XHKG,915360.0,DESUN SERVICES,DSCTFW,MainBoard,德商产投服务,2021-12-17,0000-00-00,Active,2000.0,,XHKG,CS,02270,02270_01.XHKG,,"09:31-12:00,13:01-16:00",2026-05-21,20260420,20260521,False
1212,06033.XHKG,914070.0,TELECOM DIGIT,DXSMKG,MainBoard,电讯数码控股,2017-05-10,0000-00-00,Active,1000.0,,XHKG,CS,06033,06033_01.XHKG,,"09:31-12:00,13:01-16:00",2026-05-21,20260420,20260521,False
1213,00711.XHKG,912085.0,ASIA ALLIED INF,YZLHJJKG,MainBoard,亚洲联合基建控股,1993-02-12,0000-00-00,Active,2000.0,,XHKG,CS,00711,00711_01.XHKG,,"09:31-12:00,13:01-16:00",2026-05-21,20260420,20260521,False
1214,00369.XHKG,910940.0,WING TAI PPT,YTDC,MainBoard,永泰地产,1973-02-07,0000-00-00,Active,2000.0,,XHKG,CS,00369,00369_01.XHKG,,"09:31-12:00,13:01-16:00",2026-05-21,20260420,20260521,False
1215,00094.XHKG,910135.0,GREENHEART GP,LXJT,MainBoard,绿心集团,1988-06-21,0000-00-00,Active,80000.0,,XHKG,CS,00094,00094_01.XHKG,,"09:31-12:00,13:01-16:00",2026-05-21,20260420,20260521,False
1216,00236.XHKG,909158.0,SAN MIGUEL HK,XGSLP,MainBoard,香港生力啤,1963-07-22,0000-00-00,Active,2000.0,,XHKG,CS,00236,00236_01.XHKG,,"09:31-12:00,13:01-16:00",2026-05-21,20260420,20260521,False
1217,01321.XHKG,906820.0,CHINA NEWCITY,ZGXCS,MainBoard,中国新城市,2014-07-10,0000-00-00,Active,2000.0,,XHKG,CS,01321,01321_01.XHKG,,"09:31-12:00,13:01-16:00",2026-05-21,20260420,20260521,False
1218,02165.XHKG,904890.0,LING YUE SER GP,LYFWJT,MainBoard,领悦服务集团,2021-07-12,0000-00-00,Active,1000.0,,XHKG,CS,02165,02165_01.XHKG,,"09:31-12:00,13:01-16:00",2026-05-21,20260420,20260521,False
1219,08123.XHKG,902441.0,SINOFORTUNE FIN,HYJKX,GEM,华亿金控(新),2002-01-11,0000-00-00,Active,5000.0,,XHKG,CS,08123,08123_01.XHKG,,"09:31-12:00,13:01-16:00",2026-05-21,20260420,20260521,False
1220,00844.XHKG,901700.0,GREATIME INTL,GTGJKG,MainBoard,广泰国际控股,2011-11-24,0000-00-00,Active,4000.0,,XHKG,CS,00844,00844_01.XHKG,,"09:31-12:00,13:01-16:00",2026-05-21,20260420,20260521,False
1221,01182.XHKG,899980.0,SUCCESS DRAGON,SLGJ,MainBoard,胜龙国际,1994-10-17,0000-00-00,Active,5000.0,,XHKG,CS,01182,01182_01.XHKG,,"09:31-12:00,13:01-16:00",2026-05-21,20260420,20260521,False
1222,00677.XHKG,899170.0,GOLDEN RES DEV,JYFZGJSY,MainBoard,金源发展国际实业,1991-01-28,0000-00-00,Active,2000.0,,XHKG,CS,00677,00677_01.XHKG,,"09:31-12:00,13:01-16:00",2026-05-21,20260420,20260521,False
1223,01443.XHKG,898410.0,FULUM GP HLDG,FLJTKG,MainBoard,富临集团控股,2014-11-13,0000-00-00,Active,2000.0,,XHKG,CS,01443,01443_01.XHKG,,"09:31-12:00,13:01-16:00",2026-05-21,20260420,20260521,False
1224,02349.XHKG,890494.0,CH CITY INFRA,ZGCSJCSS,MainBoard,中国城市基础设施,2003-06-25,0000-00-00,Active,4000.0,,XHKG,CS,02349,02349_01.XHKG,,"09:31-12:00,13:01-16:00",2026-05-21,20260420,20260521,False
1225,00403.XHKG,888144.0,STARLITE HOLD,XGJT,MainBoard,星光集团,1993-03-03,0000-00-00,Active,2000.0,,XHKG,CS,00403,00403_01.XHKG,,"09:31-12:00,13:01-16:00",2026-05-21,20260420,20260521,False
1226,01461.XHKG,887510.0,ZHONGTAIFUTURES,ZTQH,MainBoard,中泰期货,2015-07-07,0000-00-00,Active,1000.0,,XHKG,CS,01461,01461_01.XHKG,,"09:31-12:00,13:01-16:00",2026-05-21,20260420,20260521,False
1227,00375.XHKG,878290.0,YGM TRADING,YGMTRADING,MainBoard,YGMTRADING,1988-01-25,0000-00-00,Active,1000.0,,XHKG,CS,00375,00375_01.XHKG,,"09:31-12:00,13:01-16:00",2026-05-21,20260420,20260521,False
1228,08621.XHKG,871824.0,METROPOLIS CAP,METROPOLISCAP,GEM,METROPOLISCAP,2018-12-12,0000-00-00,Active,8000.0,,XHKG,CS,08621,08621_01.XHKG,,"09:31-12:00,13:01-16:00",2026-05-21,20260420,20260521,False
1229,00575.XHKG,871429.0,REGENT PACIFIC,LJTPY,MainBoard,励晶太平洋,1997-05-19,0000-00-00,Active,10000.0,,XHKG,CS,00575,00575_01.XHKG,,"09:31-12:00,13:01-16:00",2026-05-21,20260420,20260521,False
1230,01552.XHKG,864020.0,BHCC HOLDING,BHCCHOLDING,MainBoard,BHCCHOLDING,2017-09-12,0000-00-00,Active,5000.0,,XHKG,CS,01552,01552_01.XHKG,,"09:31-12:00,13:01-16:00",2026-05-21,20260420,20260521,False
1231,08115.XHKG,863920.0,QINGDA ORIENTAL,QDDF,GEM,清大东方,2004-06-30,0000-00-00,Active,4000.0,,XHKG,CS,08115,08115_02.XHKG,,"09:31-12:00,13:01-16:00",2026-05-21,20260420,20260521,False
1232,08031.XHKG,863290.0,ETS GROUP,YTXJT,GEM,易通讯集团,2012-01-09,0000-00-00,Active,2000.0,,XHKG,CS,08031,08031_02.XHKG,,"09:31-12:00,13:01-16:00",2026-05-21,20260420,20260521,False
1233,00980.XHKG,860798.0,LIANHUA,LHCS,MainBoard,联华超市,2003-06-27,0000-00-00,Active,1000.0,,XHKG,CS,00980,00980_01.XHKG,,"09:31-12:00,13:01-16:00",2026-05-21,20260420,20260521,False
1234,00335.XHKG,856360.0,UPBEST GROUP,MJJT,MainBoard,美建集团,2000-10-18,0000-00-00,Active,2000.0,,XHKG,CS,00335,00335_01.XHKG,,"09:31-12:00,13:01-16:00",2026-05-21,20260420,20260521,False
1235,00265.XHKG,854445.0,GANGYU SERVICES,GYZHCSFW,MainBoard,港誉智慧城市服务,1972-12-12,0000-00-00,Active,2000.0,,XHKG,CS,00265,00265_01.XHKG,,"09:31-12:00,13:01-16:00",2026-05-21,20260420,20260521,False
1236,02671.XHKG,851775.0,USAS BUILDING,MLGF,MainBoard,美联股份,2025-12-30,0000-00-00,Active,300.0,,XHKG,CS,02671,02671_01.XHKG,,"09:31-12:00,13:01-16:00",2026-05-21,20260420,20260521,False
1237,08401.XHKG,849666.0,STREAM IDEAS,YXJT,GEM,源想集团,2018-03-28,0000-00-00,Active,2000.0,,XHKG,CS,08401,08401_01.XHKG,,"09:31-12:00,13:01-16:00",2026-05-21,20260420,20260521,False
1238,01889.XHKG,848656.0,SANAI HEALTH GP,SAJKJT,MainBoard,三爱健康集团,2007-02-01,0000-00-00,Active,5000.0,,XHKG,CS,01889,01889_01.XHKG,,"09:31-12:00,13:01-16:00",2026-05-21,20260420,20260521,False
1239,01739.XHKG,847515.0,QEEKA HOME,QYKJ,MainBoard,齐屹科技,2018-07-12,0000-00-00,Active,500.0,,XHKG,CS,01739,01739_01.XHKG,,"09:31-12:00,13:01-16:00",2026-05-21,20260420,20260521,False
1240,00871.XHKG,844075.0,CH DREDG ENV,ZGSJHB,MainBoard,中国疏浚环保,2011-06-20,0000-00-00,Active,20000.0,,XHKG,CS,00871,00871_01.XHKG,,"09:31-12:00,13:01-16:00",2026-05-21,20260420,20260521,False
1241,00114.XHKG,839650.0,HERALD HOLD,HERALDHOLD,MainBoard,HERALDHOLD,1970-03-12,0000-00-00,Active,5000.0,,XHKG,CS,00114,00114_01.XHKG,,"09:31-12:00,13:01-16:00",2026-05-21,20260420,20260521,False
1242,01080.XHKG,835663.0,SHENGLI PIPE,SLGD,MainBoard,胜利管道,2009-12-18,0000-00-00,Active,1500.0,,XHKG,CS,01080,01080_01.XHKG,,"09:31-12:00,13:01-16:00",2026-05-21,20260420,20260521,False
1243,01265.XHKG,828670.0,TIANJINJINRAN,TJJRGY,MainBoard,天津津燃公用,2011-10-18,0000-00-00,Active,10000.0,,XHKG,CS,01265,01265_01.XHKG,,"09:31-12:00,13:01-16:00",2026-05-21,20260420,20260521,False
1244,02119.XHKG,827730.0,TSIT WING INTL,JRGJKG,MainBoard,捷荣国际控股,2018-05-11,0000-00-00,Active,2000.0,,XHKG,CS,02119,02119_01.XHKG,,"09:31-12:00,13:01-16:00",2026-05-21,20260420,20260521,False
1245,00608.XHKG,826870.0,HIGH FASHION,DLGJ,MainBoard,达利国际,1992-08-04,0000-00-00,Active,2000.0,,XHKG,CS,00608,00608_01.XHKG,,"09:31-12:00,13:01-16:00",2026-05-21,20260420,20260521,False
1246,02389.XHKG,816072.0,BJ HEALTH,BJJK,MainBoard,北京健康,2002-04-26,0000-00-00,Active,6000.0,,XHKG,CS,02389,02389_01.XHKG,,"09:31-12:00,13:01-16:00",2026-05-21,20260420,20260521,False
1247,00426.XHKG,811568.0,ONE MEDIA GROUP,WHMT,MainBoard,万华媒体,2005-10-18,0000-00-00,Active,2000.0,,XHKG,CS,00426,00426_01.XHKG,,"09:31-12:00,13:01-16:00",2026-05-21,20260420,20260521,False
1248,02102.XHKG,806900.0,TAK LEE MACH,DLJX,MainBoard,德利机械,2020-10-06,0000-00-00,Active,10000.0,,XHKG,CS,02102,02102_01.XHKG,,"09:31-12:00,13:01-16:00",2026-05-21,20260420,20260521,False
1249,08462.XHKG,803640.0,OMNIBRIDGE HLDG,ZAKGJT,GEM,中安控股集团,2017-07-17,0000-00-00,Active,5000.0,,XHKG,CS,08462,08462_01.XHKG,,"09:31-12:00,13:01-16:00",2026-05-21,20260420,20260521,False
1250,00255.XHKG,802300.0,LUNG KEE,LJJT,MainBoard,龙记集团,1993-03-05,0000-00-00,Active,2000.0,,XHKG,CS,00255,00255_01.XHKG,,"09:31-12:00,13:01-16:00",2026-05-21,20260420,20260521,False
1251,01673.XHKG,801440.0,HUAZHANG TECH,HZKJ,MainBoard,华章科技,2015-01-05,0000-00-00,Active,2000.0,,XHKG,CS,01673,01673_01.XHKG,,"09:31-12:00,13:01-16:00",2026-05-21,20260420,20260521,False
1252,01545.XHKG,800040.0,DESIGN CAPITAL,SJDH,MainBoard,设计都会,2019-04-25,0000-00-00,Active,10000.0,,XHKG,CS,01545,01545_01.XHKG,,"09:31-12:00,13:01-16:00",2026-05-21,20260420,20260521,False
1253,01955.XHKG,796900.0,JOHNSON HLDGS,ZCKG,MainBoard,庄臣控股,2019-10-16,0000-00-00,Active,2000.0,,XHKG,CS,01955,01955_01.XHKG,,"09:31-12:00,13:01-16:00",2026-05-21,20260420,20260521,False
1254,01711.XHKG,795640.0,ULFERTS,OH,MainBoard,欧化,2018-01-29,0000-00-00,Active,10000.0,,XHKG,CS,01711,01711_01.XHKG,,"09:31-12:00,13:01-16:00",2026-05-21,20260420,20260521,False
1255,02177.XHKG,789330.0,UNQ HOLDINGS,YQHKG,MainBoard,优趣汇控股,2021-07-12,0000-00-00,Active,200.0,,XHKG,CS,02177,02177_01.XHKG,,"09:31-12:00,13:01-16:00",2026-05-21,20260420,20260521,False
1256,01292.XHKG,785030.0,CMA LOGISTICS,CAMSWL,MainBoard,长安民生物流,2013-07-18,0000-00-00,Active,1000.0,,XHKG,CS,01292,01292_01.XHKG,,"09:31-12:00,13:01-16:00",2026-05-21,20260420,20260521,False
1257,01842.XHKG,784996.0,GROWN UP GROUP,ZHJT,MainBoard,植华集团,2019-06-28,0000-00-00,Active,4000.0,,XHKG,CS,01842,01842_01.XHKG,,"09:31-12:00,13:01-16:00",2026-05-21,20260420,20260521,False
1258,01869.XHKG,783795.0,KAFELAKU COFFEE,MSKFKG,MainBoard,猫屎咖啡控股,2018-09-05,0000-00-00,Active,10000.0,,XHKG,CS,01869,01869_01.XHKG,,"09:31-12:00,13:01-16:00",2026-05-21,20260420,20260521,False
1259,06838.XHKG,783626.0,WINOX,YLS,MainBoard,盈利时,2011-07-20,0000-00-00,Active,2000.0,,XHKG,CS,06838,06838_01.XHKG,,"09:31-12:00,13:01-16:00",2026-05-21,20260420,20260521,False
1260,08059.XHKG,780120.0,GLORY FLAME,ZWKG,GEM,朝威控股,2014-08-15,0000-00-00,Active,5000.0,,XHKG,CS,08059,08059_02.XHKG,,"09:31-12:00,13:01-16:00",2026-05-21,20260420,20260521,False
1261,08222.XHKG,777508.0,E LIGHTING,YZM,GEM,壹照明,2014-09-29,0000-00-00,Active,4000.0,,XHKG,CS,08222,08222_02.XHKG,,"09:31-12:00,13:01-16:00",2026-05-21,20260420,20260521,False
1262,01867.XHKG,768310.0,STD DEV GROUP,BZFZJT,MainBoard,标准发展集团,2019-05-09,0000-00-00,Active,10000.0,,XHKG,CS,01867,01867_01.XHKG,,"09:31-12:00,13:01-16:00",2026-05-21,20260420,20260521,False
1263,08043.XHKG,768255.0,ATLINKS,ATLINKS,GEM,ATLINKS,2018-01-19,0000-00-00,Active,5000.0,,XHKG,CS,08043,08043_02.XHKG,,"09:31-12:00,13:01-16:00",2026-05-21,20260420,20260521,False
1264,06866.XHKG,767320.0,ZUOLI KECHUANG,ZLKC,MainBoard,佐力科创,2015-01-13,0000-00-00,Active,2000.0,,XHKG,CS,06866,06866_01.XHKG,,"09:31-12:00,13:01-16:00",2026-05-21,20260420,20260521,False
1265,03332.XHKG,766646.0,SINOLIFE UTD,ZSLH,MainBoard,中生联合,2014-01-15,0000-00-00,Active,2000.0,,XHKG,CS,03332,03332_01.XHKG,,"09:31-12:00,13:01-16:00",2026-05-21,20260420,20260521,False
1266,01771.XHKG,765469.0,SUNFONDA GP,XFTJT,MainBoard,新丰泰集团,2014-05-15,0000-00-00,Active,1000.0,,XHKG,CS,01771,01771_01.XHKG,,"09:31-12:00,13:01-16:00",2026-05-21,20260420,20260521,False
1267,08416.XHKG,763205.0,HM INTL HLDGS,HMINTLHLDGS,GEM,HMINTLHLDGS,2017-01-11,0000-00-00,Active,5000.0,,XHKG,CS,08416,08416_01.XHKG,,"09:31-12:00,13:01-16:00",2026-05-21,20260420,20260521,False
1268,00765.XHKG,762907.0,PERFECTECH INTL,PERFECTECHINTL,MainBoard,PERFECTECHINTL,1992-10-23,0000-00-00,Active,2000.0,,XHKG,CS,00765,00765_01.XHKG,,"09:31-12:00,13:01-16:00",2026-05-21,20260420,20260521,False
1269,02122.XHKG,762534.0,KIDSLAND INTL,KZLGJ,MainBoard,凯知乐国际,2017-11-10,0000-00-00,Active,2000.0,,XHKG,CS,02122,02122_01.XHKG,,"09:31-12:00,13:01-16:00",2026-05-21,20260420,20260521,False
1270,00484.XHKG,762465.0,FORGAME,YYKG,MainBoard,云游控股,2013-10-03,0000-00-00,Active,3000.0,,XHKG,CS,00484,00484_01.XHKG,,"09:31-12:00,13:01-16:00",2026-05-21,20260420,20260521,False
1271,01753.XHKG,762129.0,DUIBA,DB,MainBoard,兑吧,2019-05-07,0000-00-00,Active,400.0,,XHKG,CS,01753,01753_01.XHKG,,"09:31-12:00,13:01-16:00",2026-05-21,20260420,20260521,False
1272,08132.XHKG,760045.0,CENTURY EN INTL,BNGJNY,GEM,百能国际能源,2011-05-18,0000-00-00,Active,10000.0,,XHKG,CS,08132,08132_02.XHKG,,"09:31-12:00,13:01-16:00",2026-05-21,20260420,20260521,False
1273,03623.XHKG,758600.0,C SUCCESS FIN,ZGJRFZ,MainBoard,中国金融发展,2013-11-13,0000-00-00,Active,2000.0,,XHKG,CS,03623,03623_01.XHKG,,"09:31-12:00,13:01-16:00",2026-05-21,20260420,20260521,False
1274,08275.XHKG,758082.0,CHINA NEW CONS,ZGXXFJT,GEM,中国新消费集团,2017-10-16,0000-00-00,Active,20000.0,,XHKG,CS,08275,08275_01.XHKG,,"09:31-12:00,13:01-16:00",2026-05-21,20260420,20260521,False
1275,00320.XHKG,757830.0,CTGL,JBT,MainBoard,金宝通,2006-10-09,0000-00-00,Active,2000.0,,XHKG,CS,00320,00320_01.XHKG,,"09:31-12:00,13:01-16:00",2026-05-21,20260420,20260521,False
1276,00438.XHKG,753092.0,IRICO NEWENERGY,CHXNY,MainBoard,彩虹新能源,2004-12-20,0000-00-00,Active,200.0,,XHKG,CS,00438,00438_01.XHKG,,"09:31-12:00,13:01-16:00",2026-05-21,20260420,20260521,False
1277,02377.XHKG,746021.0,BOQI ENV,BQHB,MainBoard,博奇环保,2018-03-16,0000-00-00,Active,1000.0,,XHKG,CS,02377,02377_01.XHKG,,"09:31-12:00,13:01-16:00",2026-05-21,20260420,20260521,False
1278,00993.XHKG,745007.0,XINKONG INT CAP,XKGJZB,MainBoard,信控国际资本,1994-02-16,0000-00-00,Active,1000.0,,XHKG,CS,00993,00993_01.XHKG,,"09:31-12:00,13:01-16:00",2026-05-21,20260420,20260521,False
1279,02262.XHKG,744330.0,SLD GROUP,LZTSJJT,MainBoard,梁志天设计集团,2018-07-05,0000-00-00,Active,3000.0,,XHKG,CS,02262,02262_01.XHKG,,"09:31-12:00,13:01-16:00",2026-05-21,20260420,20260521,False
1280,01620.XHKG,739860.0,CINESE INTL,FYHQJT,MainBoard,富盈环球集团,2018-06-28,0000-00-00,Active,10000.0,,XHKG,CS,01620,01620_01.XHKG,,"09:31-12:00,13:01-16:00",2026-05-21,20260420,20260521,False
1281,08163.XHKG,739395.0,NOIZ GROUP,SYJT,GEM,声扬集团,2002-03-07,0000-00-00,Active,20000.0,,XHKG,CS,08163,08163_01.XHKG,,"09:31-12:00,13:01-16:00",2026-05-21,20260420,20260521,False
1282,03395.XHKG,732685.0,JX ENERGY,JXXNY,MainBoard,吉星新能源,2017-03-10,0000-00-00,Active,1000.0,,XHKG,CS,03395,03395_01.XHKG,,"09:31-12:00,13:01-16:00",2026-05-21,20260420,20260521,False
1283,02222.XHKG,731801.0,NVC INTL,LSGJ,MainBoard,雷士国际,2010-05-20,0000-00-00,Active,10000.0,,XHKG,CS,02222,02222_01.XHKG,,"09:31-12:00,13:01-16:00",2026-05-21,20260420,20260521,False
1284,03348.XHKG,731340.0,CHINA PENGFEI,ZGPFJT,MainBoard,中国鹏飞集团,2019-11-15,0000-00-00,Active,2000.0,,XHKG,CS,03348,03348_01.XHKG,,"09:31-12:00,13:01-16:00",2026-05-21,20260420,20260521,False
1285,01978.XHKG,729920.0,LH GROUP,XFLJT,MainBoard,叙福楼集团,2018-05-30,0000-00-00,Active,2000.0,,XHKG,CS,01978,01978_01.XHKG,,"09:31-12:00,13:01-16:00",2026-05-21,20260420,20260521,False
1286,00225.XHKG,728660.0,POKFULAM,BFLZY,MainBoard,博富临置业,1972-12-19,0000-00-00,Active,2000.0,,XHKG,CS,00225,00225_01.XHKG,,"09:31-12:00,13:01-16:00",2026-05-21,20260420,20260521,False
1287,01163.XHKG,724655.0,ADTIGER CORP,HSCM,MainBoard,虎视传媒,2020-07-10,0000-00-00,Active,2500.0,,XHKG,CS,01163,01163_02.XHKG,,"09:31-12:00,13:01-16:00",2026-05-21,20260420,20260521,False
1288,00380.XHKG,722288.0,CHINA PIPE,ZGGY,MainBoard,中国管业,2000-12-21,0000-00-00,Active,4000.0,,XHKG,CS,00380,00380_01.XHKG,,"09:31-12:00,13:01-16:00",2026-05-21,20260420,20260521,False
1289,01947.XHKG,719344.0,MEIHAO GROUP,MHJT,MainBoard,美皓集团,2022-12-14,0000-00-00,Active,5000.0,,XHKG,CS,01947,01947_01.XHKG,,"09:31-12:00,13:01-16:00",2026-05-21,20260420,20260521,False
1290,08377.XHKG,717150.0,HARBOUR EQUINE,WGYM,GEM,维港育马,2017-12-15,0000-00-00,Active,10000.0,,XHKG,CS,08377,08377_01.XHKG,,"09:31-12:00,13:01-16:00",2026-05-21,20260420,20260521,False
1291,03689.XHKG,712704.0,KANGHUA HEALTH,KHYL,MainBoard,康华医疗,2016-11-08,0000-00-00,Active,200.0,,XHKG,CS,03689,03689_01.XHKG,,"09:31-12:00,13:01-16:00",2026-05-21,20260420,20260521,False
1292,08329.XHKG,708270.0,NEP INTERLONG,HWYTL,GEM,海王英特龙,2005-09-12,0000-00-00,Active,10000.0,,XHKG,CS,08329,08329_01.XHKG,,"09:31-12:00,13:01-16:00",2026-05-21,20260420,20260521,False
1293,00848.XHKG,706613.0,MAOYE INT'L,MYGJ,MainBoard,茂业国际,2008-05-05,0000-00-00,Active,1000.0,,XHKG,CS,00848,00848_01.XHKG,,"09:31-12:00,13:01-16:00",2026-05-21,20260420,20260521,False
1294,00491.XHKG,706013.0,EMPEROR CULTURE,YHWHCY,MainBoard,英皇文化产业,1992-06-10,0000-00-00,Active,20000.0,,XHKG,CS,00491,00491_01.XHKG,,"09:31-12:00,13:01-16:00",2026-05-21,20260420,20260521,False
1295,00156.XHKG,700761.0,LIPPO CHINA RES,LBHR,MainBoard,力宝华润,1980-01-24,0000-00-00,Active,2000.0,,XHKG,CS,00156,00156_01.XHKG,,"09:31-12:00,13:01-16:00",2026-05-21,20260420,20260521,False
1296,00759.XHKG,696948.0,CEC INT'L HOLD,CECINTLHOLD,MainBoard,CECINT'LHOLD,1999-11-15,0000-00-00,Active,2000.0,,XHKG,CS,00759,00759_01.XHKG,,"09:31-12:00,13:01-16:00",2026-05-21,20260420,20260521,False
1297,01496.XHKG,695172.0,AP RENTALS,YJBZL,MainBoard,亚积邦租赁,2016-04-08,0000-00-00,Active,4000.0,,XHKG,CS,01496,01496_01.XHKG,,"09:31-12:00,13:01-16:00",2026-05-21,20260420,20260521,False
1298,01418.XHKG,694208.0,SINOMAX GROUP,SNJT,MainBoard,盛诺集团,2014-07-10,0000-00-00,Active,2000.0,,XHKG,CS,01418,01418_01.XHKG,,"09:31-12:00,13:01-16:00",2026-05-21,20260420,20260521,False
1299,00332.XHKG,693966.0,YUANHENG GAS,YHRQ,MainBoard,元亨燃气,1992-09-25,0000-00-00,Active,4000.0,,XHKG,CS,00332,00332_01.XHKG,,"09:31-12:00,13:01-16:00",2026-05-21,20260420,20260521,False
1300,08315.XHKG,689714.0,CEN PLAZA HOTEL,XDJD,GEM,新都酒店,2014-08-20,0000-00-00,Active,10000.0,,XHKG,CS,08315,08315_01.XHKG,,"09:31-12:00,13:01-16:00",2026-05-21,20260420,20260521,False
1301,08328.XHKG,686436.0,XY ELEC STORAGE,XYCD,GEM,信义储电,2016-07-11,0000-00-00,Active,4000.0,,XHKG,CS,08328,08328_01.XHKG,,"09:31-12:00,13:01-16:00",2026-05-21,20260420,20260521,False
1302,01273.XHKG,686400.0,HK FINANCE GP,XGXD,MainBoard,香港信贷,2013-10-02,0000-00-00,Active,4000.0,,XHKG,CS,01273,01273_01.XHKG,,"09:31-12:00,13:01-16:00",2026-05-21,20260420,20260521,False
1303,08057.XHKG,682761.0,MADISON HLDG,MDSKG,GEM,麦迪森控股,2015-10-08,0000-00-00,Active,4000.0,,XHKG,CS,08057,08057_02.XHKG,,"09:31-12:00,13:01-16:00",2026-05-21,20260420,20260521,False
1304,02663.XHKG,681450.0,KPA-BM HLDGS,YLKG,MainBoard,应力控股,2017-10-24,0000-00-00,Active,10000.0,,XHKG,CS,02663,02663_01.XHKG,,"09:31-12:00,13:01-16:00",2026-05-21,20260420,20260521,False
1305,08613.XHKG,678640.0,ORIENTAL PAY,DFZFJTKG,GEM,东方支付集团控股,2018-10-16,0000-00-00,Active,10000.0,,XHKG,CS,08613,08613_01.XHKG,,"09:31-12:00,13:01-16:00",2026-05-21,20260420,20260521,False
1306,01312.XHKG,677259.0,KONTA CHINA,HKKT,MainBoard,华控康泰,2012-01-18,0000-00-00,Active,6000.0,,XHKG,CS,01312,01312_01.XHKG,,"09:31-12:00,13:01-16:00",2026-05-21,20260420,20260521,False
1307,00159.XHKG,671718.0,BROCKMAN MINING,BLKWKY,MainBoard,布莱克万矿业,1985-07-05,0000-00-00,Active,4000.0,,XHKG,CS,00159,00159_01.XHKG,,"09:31-12:00,13:01-16:00",2026-05-21,20260420,20260521,False
1308,00025.XHKG,669324.0,CHEVALIER INT'L,CHEVALIERINTL,MainBoard,CHEVALIERINT'L,1984-12-05,0000-00-00,Active,2000.0,,XHKG,CS,00025,00025_01.XHKG,,"09:31-12:00,13:01-16:00",2026-05-21,20260420,20260521,False
1309,08065.XHKG,667145.0,KML TECH,GMKJ,GEM,高萌科技,2017-10-16,0000-00-00,Active,5000.0,,XHKG,CS,08065,08065_02.XHKG,,"09:31-12:00,13:01-16:00",2026-05-21,20260420,20260521,False
1310,01124.XHKG,666042.0,COASTAL GL,YHJY,MainBoard,沿海家园,1997-10-16,0000-00-00,Active,10000.0,,XHKG,CS,01124,01124_01.XHKG,,"09:31-12:00,13:01-16:00",2026-05-21,20260420,20260521,False
1311,00948.XHKG,666041.0,ALPHA PRO HLDGS,AEFQY,MainBoard,阿尔法企业,2010-03-01,0000-00-00,Active,20000.0,,XHKG,CS,00948,00948_01.XHKG,,"09:31-12:00,13:01-16:00",2026-05-21,20260420,20260521,False
1312,08003.XHKG,658024.0,GREAT WORLD,SDKG,GEM,世大控股,1999-12-02,0000-00-00,Active,6000.0,,XHKG,CS,08003,08003_01.XHKG,,"09:31-12:00,13:01-16:00",2026-05-21,20260420,20260521,False
1313,08521.XHKG,652950.0,WEBX INTL HLDGS,ZYGJKG,GEM,智云国际控股,2018-05-16,0000-00-00,Active,5000.0,,XHKG,CS,08521,08521_01.XHKG,,"09:31-12:00,13:01-16:00",2026-05-21,20260420,20260521,False
1314,08179.XHKG,652107.0,PALINDA GROUP,BLDJTKG,GEM,百利达集团控股,2011-07-08,0000-00-00,Active,12000.0,,XHKG,CS,08179,08179_02.XHKG,,"09:31-12:00,13:01-16:00",2026-05-21,20260420,20260521,False
1315,00712.XHKG,647062.0,COMTEC SOLAR,KMDKTYN,MainBoard,卡姆丹克太阳能,2009-10-30,0000-00-00,Active,10000.0,,XHKG,CS,00712,00712_02.XHKG,,"09:31-12:00,13:01-16:00",2026-05-21,20260420,20260521,False
1316,01116.XHKG,646170.0,HC TECH GP,HYTCKJ,MainBoard,慧源同创科技,2004-06-21,0000-00-00,Active,10000.0,,XHKG,CS,01116,01116_01.XHKG,,"09:31-12:00,13:01-16:00",2026-05-21,20260420,20260521,False
1317,08447.XHKG,639040.0,MS CONCEPT,MSCONCEPT,GEM,MSCONCEPT,2018-04-16,0000-00-00,Active,10000.0,,XHKG,CS,08447,08447_01.XHKG,,"09:31-12:00,13:01-16:00",2026-05-21,20260420,20260521,False
1318,00510.XHKG,638902.0,CASH FIN SER GP,SFJRFWJT,MainBoard,时富金融服务集团,2008-03-03,0000-00-00,Active,6000.0,,XHKG,CS,00510,00510_01.XHKG,,"09:31-12:00,13:01-16:00",2026-05-21,20260420,20260521,False
1319,08627.XHKG,636920.0,ORANGE TOUR,LCWH,GEM,旅橙文化,2019-11-14,0000-00-00,Active,8000.0,,XHKG,CS,08627,08627_01.XHKG,,"09:31-12:00,13:01-16:00",2026-05-21,20260420,20260521,False
1320,01259.XHKG,636203.0,PROSPER FUTURE,WLFZKG,MainBoard,未来发展控股,2011-07-15,0000-00-00,Active,1000.0,,XHKG,CS,01259,01259_01.XHKG,,"09:31-12:00,13:01-16:00",2026-05-21,20260420,20260521,False
1321,01226.XHKG,636160.0,CH INV FIN GP,ZGTRZ,MainBoard,中国投融资,2002-09-19,0000-00-00,Active,10000.0,,XHKG,CS,01226,01226_01.XHKG,,"09:31-12:00,13:01-16:00",2026-05-21,20260420,20260521,False
1322,08341.XHKG,635215.0,AESO HOLDING,ASKG,GEM,艾硕控股,2017-01-13,0000-00-00,Active,5000.0,,XHKG,CS,08341,08341_01.XHKG,,"09:31-12:00,13:01-16:00",2026-05-21,20260420,20260521,False
1323,08657.XHKG,632780.0,TRUE PARTNER,TRUEPARTNER,GEM,TRUEPARTNER,2020-10-16,0000-00-00,Active,2000.0,,XHKG,CS,08657,08657_01.XHKG,,"09:31-12:00,13:01-16:00",2026-05-21,20260420,20260521,False
1324,01271.XHKG,631548.0,GRAND MING,JMJTKG,MainBoard,佳明集团控股,2013-08-09,0000-00-00,Active,1000.0,,XHKG,CS,01271,01271_01.XHKG,,"09:31-12:00,13:01-16:00",2026-05-21,20260420,20260521,False
1325,08062.XHKG,629160.0,EFT SOLUTIONS,JMGJ,GEM,俊盟国际,2016-12-15,0000-00-00,Active,5000.0,,XHKG,CS,08062,08062_01.XHKG,,"09:31-12:00,13:01-16:00",2026-05-21,20260420,20260521,False
1326,01930.XHKG,617900.0,SHINELONG,XL,MainBoard,勋龙,2019-06-28,0000-00-00,Active,4000.0,,XHKG,CS,01930,01930_01.XHKG,,"09:31-12:00,13:01-16:00",2026-05-21,20260420,20260521,False
1327,08357.XHKG,617520.0,REPUBLIC HC,REPUBLICHC,GEM,REPUBLICHC,2018-06-15,0000-00-00,Active,5000.0,,XHKG,CS,08357,08357_01.XHKG,,"09:31-12:00,13:01-16:00",2026-05-21,20260420,20260521,False
1328,00166.XHKG,612796.0,NEW TIMES CORP,XSDJTKG,MainBoard,新时代集团控股,1998-10-13,0000-00-00,Active,2000.0,,XHKG,CS,00166,00166_01.XHKG,,"09:31-12:00,13:01-16:00",2026-05-21,20260420,20260521,False
1329,00065.XHKG,612770.0,GRAND OCEAN AR,HHGXZY,MainBoard,弘海高新资源,2009-06-22,0000-00-00,Active,4000.0,,XHKG,CS,00065,00065_02.XHKG,,"09:31-12:00,13:01-16:00",2026-05-21,20260420,20260521,False
1330,01593.XHKG,611500.0,CHEN LIN EDU,CLJY,MainBoard,辰林教育,2019-12-13,0000-00-00,Active,2000.0,,XHKG,CS,01593,01593_01.XHKG,,"09:31-12:00,13:01-16:00",2026-05-21,20260420,20260521,False
1331,00084.XHKG,611255.0,STELUX HOLDINGS,BGSY,MainBoard,宝光实业,1972-10-02,0000-00-00,Active,1000.0,,XHKG,CS,00084,00084_01.XHKG,,"09:31-12:00,13:01-16:00",2026-05-21,20260420,20260521,False
1332,02266.XHKG,607250.0,LAI SI ENT,LSQY,MainBoard,黎氏企业,2017-02-10,0000-00-00,Active,2000.0,,XHKG,CS,02266,02266_02.XHKG,,"09:31-12:00,13:01-16:00",2026-05-21,20260420,20260521,False
1333,08340.XHKG,604852.0,ZIJING INTL FIN,ZJGJJR,GEM,紫荆国际金融,2008-05-20,0000-00-00,Active,5000.0,,XHKG,CS,08340,08340_01.XHKG,,"09:31-12:00,13:01-16:00",2026-05-21,20260420,20260521,False
1334,08645.XHKG,602670.0,BYTE META,BTYYZ,GEM,比特元宇宙,2019-12-09,0000-00-00,Active,6000.0,,XHKG,CS,08645,08645_01.XHKG,,"09:31-12:00,13:01-16:00",2026-05-21,20260420,20260521,False
1335,09918.XHKG,602120.0,WISE ALLY INTL,LNGJ,MainBoard,丽年国际,2020-01-10,0000-00-00,Active,2000.0,,XHKG,CS,09918,09918_01.XHKG,,"09:31-12:00,13:01-16:00",2026-05-21,20260420,20260521,False
1336,08107.XHKG,602055.0,FICUS TECH,XYRKJ,GEM,细叶榕科技,2018-05-04,0000-00-00,Active,5000.0,,XHKG,CS,08107,08107_03.XHKG,,"09:31-12:00,13:01-16:00",2026-05-21,20260420,20260521,False
1337,08473.XHKG,599150.0,MI MING MART,MMSHBH,GEM,弥明生活百货,2018-02-12,0000-00-00,Active,10000.0,,XHKG,CS,08473,08473_01.XHKG,,"09:31-12:00,13:01-16:00",2026-05-21,20260420,20260521,False
1338,00865.XHKG,597828.0,JIANDE INT'L,JDGJKG,MainBoard,建德国际控股,2008-11-06,0000-00-00,Active,4000.0,,XHKG,CS,00865,00865_01.XHKG,,"09:31-12:00,13:01-16:00",2026-05-21,20260420,20260521,False
1339,01933.XHKG,595896.0,ONEFORCE HLDGS,YLKG,MainBoard,元力控股,2018-03-02,0000-00-00,Active,4000.0,,XHKG,CS,01933,01933_01.XHKG,,"09:31-12:00,13:01-16:00",2026-05-21,20260420,20260521,False
1340,00919.XHKG,593500.0,MODERNHEALTHTEC,XDJKKJ,MainBoard,现代健康科技,2006-02-09,0000-00-00,Active,4000.0,,XHKG,CS,00919,00919_01.XHKG,,"09:31-12:00,13:01-16:00",2026-05-21,20260420,20260521,False
1341,00219.XHKG,588994.0,SHUNHO PROPERTY,SHWY,MainBoard,顺豪物业,1973-05-10,0000-00-00,Active,2000.0,,XHKG,CS,00219,00219_01.XHKG,,"09:31-12:00,13:01-16:00",2026-05-21,20260420,20260521,False
1342,06188.XHKG,586742.0,BJ DIGITAL,DXT,MainBoard,迪信通,2014-07-08,0000-00-00,Active,500.0,,XHKG,CS,06188,06188_01.XHKG,,"09:31-12:00,13:01-16:00",2026-05-21,20260420,20260521,False
1343,00760.XHKG,584425.0,TALENT PPT GP,XTDCJT,MainBoard,新天地产集团,1995-08-08,0000-00-00,Active,30000.0,,XHKG,CS,00760,00760_01.XHKG,,"09:31-12:00,13:01-16:00",2026-05-21,20260420,20260521,False
1344,08502.XHKG,583800.0,OCEAN LINE PORT,YHGK,GEM,远航港口,2018-07-10,0000-00-00,Active,8000.0,,XHKG,CS,08502,08502_01.XHKG,,"09:31-12:00,13:01-16:00",2026-05-21,20260420,20260521,False
1345,01314.XHKG,579776.0,TSUI WAH HLDG,CHKG,MainBoard,翠华控股,2012-11-26,0000-00-00,Active,2000.0,,XHKG,CS,01314,01314_01.XHKG,,"09:31-12:00,13:01-16:00",2026-05-21,20260420,20260521,False
1346,02132.XHKG,575656.0,LANDRICH HLDG,YSFKG,MainBoard,誉燊丰控股,2020-10-20,0000-00-00,Active,8000.0,,XHKG,CS,02132,02132_01.XHKG,,"09:31-12:00,13:01-16:00",2026-05-21,20260420,20260521,False
1347,01181.XHKG,575556.0,TANG PALACE,TGZG,MainBoard,唐宫中国,2011-04-19,0000-00-00,Active,2000.0,,XHKG,CS,01181,01181_01.XHKG,,"09:31-12:00,13:01-16:00",2026-05-21,20260420,20260521,False
1348,08113.XHKG,571427.0,V&V TECH,STKJ,GEM,时腾科技,2016-01-07,0000-00-00,Active,5000.0,,XHKG,CS,08113,08113_01.XHKG,,"09:31-12:00,13:01-16:00",2026-05-21,20260420,20260521,False
1349,01575.XHKG,568426.0,REGAL PARTNERS,HTZJ,MainBoard,皇庭智家,2017-01-12,0000-00-00,Active,2000.0,,XHKG,CS,01575,01575_01.XHKG,,"09:31-12:00,13:01-16:00",2026-05-21,20260420,20260521,False
1350,01235.XHKG,567445.0,TRAVEL EXPERT,ZYLY,MainBoard,专业旅运,2011-09-29,0000-00-00,Active,5000.0,,XHKG,CS,01235,01235_01.XHKG,,"09:31-12:00,13:01-16:00",2026-05-21,20260420,20260521,False
1351,08149.XHKG,567380.0,ALTUS HLDGS,HDKG,GEM,浩德控股,2016-10-17,0000-00-00,Active,10000.0,,XHKG,CS,08149,08149_03.XHKG,,"09:31-12:00,13:01-16:00",2026-05-21,20260420,20260521,False
1352,01039.XHKG,566520.0,CHANGYOU INT GP,CYGJJT,MainBoard,畅由国际集团,2010-09-24,0000-00-00,Active,1000.0,,XHKG,CS,01039,01039_01.XHKG,,"09:31-12:00,13:01-16:00",2026-05-21,20260420,20260521,False
1353,01749.XHKG,563790.0,SHANSHAN,SSPP,MainBoard,杉杉品牌,2018-06-27,0000-00-00,Active,1000.0,,XHKG,CS,01749,01749_01.XHKG,,"09:31-12:00,13:01-16:00",2026-05-21,20260420,20260521,False
1354,01917.XHKG,562260.0,DOUMOB,DMKJ,MainBoard,豆盟科技,2019-03-14,0000-00-00,Active,10000.0,,XHKG,CS,01917,01917_01.XHKG,,"09:31-12:00,13:01-16:00",2026-05-21,20260420,20260521,False
1355,02481.XHKG,562100.0,SL GEMINI,SLRN,MainBoard,双良睿能,2023-07-10,0000-00-00,Active,1000.0,,XHKG,CS,02481,02481_01.XHKG,,"09:31-12:00,13:01-16:00",2026-05-21,20260420,20260521,False
1356,08096.XHKG,556103.0,TASTY CONCEPTS,SZW,GEM,赏之味,2019-03-15,0000-00-00,Active,5000.0,,XHKG,CS,08096,08096_02.XHKG,,"09:31-12:00,13:01-16:00",2026-05-21,20260420,20260521,False
1357,00913.XHKG,554829.0,HARBOUR DIGITAL,GWSZ,MainBoard,港湾数字,1999-10-27,0000-00-00,Active,10000.0,,XHKG,CS,00913,00913_01.XHKG,,"09:31-12:00,13:01-16:00",2026-05-21,20260420,20260521,False
1358,06108.XHKG,549464.0,NEW RAY MEDIC,XRYY,MainBoard,新锐医药,2015-06-16,0000-00-00,Active,8000.0,,XHKG,CS,06108,06108_01.XHKG,,"09:31-12:00,13:01-16:00",2026-05-21,20260420,20260521,False
1359,08280.XHKG,545472.0,CDV HOLDINGS,ZGSZSP,GEM,中国数字视频,2016-06-27,0000-00-00,Active,2000.0,,XHKG,CS,08280,08280_02.XHKG,,"09:31-12:00,13:01-16:00",2026-05-21,20260420,20260521,False
1360,02179.XHKG,545120.0,RECBIO-B,RKSWB,MainBoard,瑞科生物-B,2022-03-31,0000-00-00,Active,500.0,,XHKG,CS,02179,02179_01.XHKG,,"09:31-12:00,13:01-16:00",2026-05-21,20260420,20260521,False
1361,01667.XHKG,541450.0,DIMMI LIFE HLDG,DMSHKG,MainBoard,迪米生活控股,2017-04-07,0000-00-00,Active,10000.0,,XHKG,CS,01667,01667_01.XHKG,,"09:31-12:00,13:01-16:00",2026-05-21,20260420,20260521,False
1362,00422.XHKG,540580.0,VMEP HOLDINGS,YNZZJGCK,MainBoard,越南制造加工出口,2007-12-20,0000-00-00,Active,1000.0,,XHKG,CS,00422,00422_01.XHKG,,"09:31-12:00,13:01-16:00",2026-05-21,20260420,20260521,False
1363,00984.XHKG,538292.0,AEON STORES,YW,MainBoard,永旺,1994-02-04,0000-00-00,Active,500.0,,XHKG,CS,00984,00984_01.XHKG,,"09:31-12:00,13:01-16:00",2026-05-21,20260420,20260521,False
1364,01692.XHKG,537000.0,TOWNRAY HLDGS,DHKG,MainBoard,登辉控股,2019-10-25,0000-00-00,Active,2000.0,,XHKG,CS,01692,01692_01.XHKG,,"09:31-12:00,13:01-16:00",2026-05-21,20260420,20260521,False
1365,01884.XHKG,535076.0,EPRINT GROUP,EPRINTJT,MainBoard,EPRINT集团,2013-12-03,0000-00-00,Active,4000.0,,XHKG,CS,01884,01884_01.XHKG,,"09:31-12:00,13:01-16:00",2026-05-21,20260420,20260521,False
1366,03639.XHKG,534612.0,YIDA CHINA,YDZG,MainBoard,亿达中国,2014-06-27,0000-00-00,Active,2000.0,,XHKG,CS,03639,03639_01.XHKG,,"09:31-12:00,13:01-16:00",2026-05-21,20260420,20260521,False
1367,01553.XHKG,533920.0,MAIKE TUBE,MKGY,MainBoard,迈科管业,2019-12-18,0000-00-00,Active,2000.0,,XHKG,CS,01553,01553_01.XHKG,,"09:31-12:00,13:01-16:00",2026-05-21,20260420,20260521,False
1368,00834.XHKG,531900.0,KANGDA FOOD,KDSP,MainBoard,康大食品,2008-12-22,0000-00-00,Active,4000.0,,XHKG,CS,00834,00834_01.XHKG,,"09:31-12:00,13:01-16:00",2026-05-21,20260420,20260521,False
1369,06919.XHKG,530222.0,RENRUI HR,RRRC,MainBoard,人瑞人才,2019-12-13,0000-00-00,Active,100.0,,XHKG,CS,06919,06919_01.XHKG,,"09:31-12:00,13:01-16:00",2026-05-21,20260420,20260521,False
1370,00583.XHKG,529978.0,GWPA HOLDINGS,CCHYKG,MainBoard,长城环亚控股,1990-06-29,0000-00-00,Active,2000.0,,XHKG,CS,00583,00583_01.XHKG,,"09:31-12:00,13:01-16:00",2026-05-21,20260420,20260521,False
1371,00662.XHKG,529620.0,ASIA FINANCIAL,YZJR,MainBoard,亚洲金融,1990-12-18,0000-00-00,Active,2000.0,,XHKG,CS,00662,00662_01.XHKG,,"09:31-12:00,13:01-16:00",2026-05-21,20260420,20260521,False
1372,00897.XHKG,526877.0,WAI YUEN TONG,WYT,MainBoard,位元堂,1997-10-31,0000-00-00,Active,5000.0,,XHKG,CS,00897,00897_01.XHKG,,"09:31-12:00,13:01-16:00",2026-05-21,20260420,20260521,False
1373,08333.XHKG,526740.0,ASTRUM,ASTLJR,GEM,阿仕特朗金融,2016-07-14,0000-00-00,Active,5000.0,,XHKG,CS,08333,08333_01.XHKG,,"09:31-12:00,13:01-16:00",2026-05-21,20260420,20260521,False
1374,00923.XHKG,524032.0,IWS,ZHHBJT,MainBoard,综合环保集团,2010-03-31,0000-00-00,Active,2000.0,,XHKG,CS,00923,00923_01.XHKG,,"09:31-12:00,13:01-16:00",2026-05-21,20260420,20260521,False
1375,08092.XHKG,523740.0,ITE HOLDINGS,ITEHOLDINGS,GEM,ITEHOLDINGS,2001-02-21,0000-00-00,Active,4000.0,,XHKG,CS,08092,08092_01.XHKG,,"09:31-12:00,13:01-16:00",2026-05-21,20260420,20260521,False
1376,01486.XHKG,521250.0,C CHENG HLDGS,SCKG,MainBoard,思城控股,2015-08-03,0000-00-00,Active,10000.0,,XHKG,CS,01486,01486_01.XHKG,,"09:31-12:00,13:01-16:00",2026-05-21,20260420,20260521,False
1377,01820.XHKG,518370.0,PM PACKAGING,JFBZ,MainBoard,济丰包装,2018-12-21,0000-00-00,Active,1000.0,,XHKG,CS,01820,01820_01.XHKG,,"09:31-12:00,13:01-16:00",2026-05-21,20260420,20260521,False
1378,01281.XHKG,515098.0,XINDA INV HLDGS,XDTZKG,MainBoard,鑫达投资控股,2012-01-12,0000-00-00,Active,1000.0,,XHKG,CS,01281,01281_01.XHKG,,"09:31-12:00,13:01-16:00",2026-05-21,20260420,20260521,False
1379,08051.XHKG,514563.0,CIRCUTECH,XZH,GEM,讯智海,2001-05-08,0000-00-00,Active,200.0,,XHKG,CS,08051,08051_01.XHKG,,"09:31-12:00,13:01-16:00",2026-05-21,20260420,20260521,False
1380,01170.XHKG,514120.0,KINGMAKER,XXJT,MainBoard,信星集团,1994-09-29,0000-00-00,Active,2000.0,,XHKG,CS,01170,01170_01.XHKG,,"09:31-12:00,13:01-16:00",2026-05-21,20260420,20260521,False
1381,08456.XHKG,513569.0,MANSION INTL,MXGJKG,GEM,民信国际控股,2018-01-26,0000-00-00,Active,10000.0,,XHKG,CS,08456,08456_01.XHKG,,"09:31-12:00,13:01-16:00",2026-05-21,20260420,20260521,False
1382,01046.XHKG,513472.0,UNIVERSE ENT,HYYLWH,MainBoard,寰宇娱乐文化,1999-07-20,0000-00-00,Active,5000.0,,XHKG,CS,01046,01046_01.XHKG,,"09:31-12:00,13:01-16:00",2026-05-21,20260420,20260521,False
1383,08282.XHKG,512324.0,GAMEONE,ZAKG,GEM,智傲控股,2016-01-13,0000-00-00,Active,12000.0,,XHKG,CS,08282,08282_02.XHKG,,"09:31-12:00,13:01-16:00",2026-05-21,20260420,20260521,False
1384,00193.XHKG,512280.0,CAPITAL ESTATE,GZDC,MainBoard,冠中地产,1972-09-11,0000-00-00,Active,3000.0,,XHKG,CS,00193,00193_01.XHKG,,"09:31-12:00,13:01-16:00",2026-05-21,20260420,20260521,False
1385,00021.XHKG,509162.0,GREAT CHI HLDGS,DZHKG,MainBoard,大中华控股,1954-03-01,0000-00-00,Active,5000.0,,XHKG,CS,00021,00021_01.XHKG,,"09:31-12:00,13:01-16:00",2026-05-21,20260420,20260521,False
1386,08631.XHKG,508600.0,SUN KONG HLDGS,SGKG,GEM,申港控股,2019-01-08,0000-00-00,Active,10000.0,,XHKG,CS,08631,08631_01.XHKG,,"09:31-12:00,13:01-16:00",2026-05-21,20260420,20260521,False
1387,01362.XHKG,504960.0,SIS MOBILE,XLYD,MainBoard,新龙移动,2015-01-15,0000-00-00,Active,4000.0,,XHKG,CS,01362,01362_01.XHKG,,"09:31-12:00,13:01-16:00",2026-05-21,20260420,20260521,False
1388,08372.XHKG,504470.0,GBG HOLDINGS,JBYJT,GEM,君百延集团,2018-03-29,0000-00-00,Active,10000.0,,XHKG,CS,08372,08372_01.XHKG,,"09:31-12:00,13:01-16:00",2026-05-21,20260420,20260521,False
1389,02281.XHKG,503790.0,XINGLU WATER,XLSW,MainBoard,兴泸水务,2017-03-31,0000-00-00,Active,1000.0,,XHKG,CS,02281,02281_01.XHKG,,"09:31-12:00,13:01-16:00",2026-05-21,20260420,20260521,False
1390,08295.XHKG,501860.0,KINGWISOFT TECH,JHKJ,GEM,金慧科技,2010-06-18,0000-00-00,Active,20000.0,,XHKG,CS,08295,08295_01.XHKG,,"09:31-12:00,13:01-16:00",2026-05-21,20260420,20260521,False
1391,06163.XHKG,498720.0,GEMILANG INTL,PSGJ,MainBoard,彭顺国际,2016-11-11,0000-00-00,Active,2000.0,,XHKG,CS,06163,06163_01.XHKG,,"09:31-12:00,13:01-16:00",2026-05-21,20260420,20260521,False
1392,08537.XHKG,496630.0,CHONG FAI JEWEL,CHZB,GEM,创辉珠宝,2019-03-27,0000-00-00,Active,10000.0,,XHKG,CS,08537,08537_01.XHKG,,"09:31-12:00,13:01-16:00",2026-05-21,20260420,20260521,False
1393,00171.XHKG,496382.0,SILVER GRANT,YJGJ,MainBoard,银建国际,1973-02-23,0000-00-00,Active,2000.0,,XHKG,CS,00171,00171_01.XHKG,,"09:31-12:00,13:01-16:00",2026-05-21,20260420,20260521,False
1394,01949.XHKG,495687.0,PLATT NERA,BDGJKG,MainBoard,佰达国际控股,2019-07-16,0000-00-00,Active,4000.0,,XHKG,CS,01949,01949_01.XHKG,,"09:31-12:00,13:01-16:00",2026-05-21,20260420,20260521,False
1395,01132.XHKG,493817.0,ORANGE SKY G H,CTJH,MainBoard,橙天嘉禾,1994-11-23,0000-00-00,Active,5000.0,,XHKG,CS,01132,01132_01.XHKG,,"09:31-12:00,13:01-16:00",2026-05-21,20260420,20260521,False
1396,00693.XHKG,493474.0,TAN CHONG INT'L,CCGJ,MainBoard,陈唱国际,1998-07-07,0000-00-00,Active,3000.0,,XHKG,CS,00693,00693_01.XHKG,,"09:31-12:00,13:01-16:00",2026-05-21,20260420,20260521,False
1397,02153.XHKG,493420.0,TAT HONG EQUIP,DFSB,MainBoard,达丰设备,2021-01-13,0000-00-00,Active,2000.0,,XHKG,CS,02153,02153_01.XHKG,,"09:31-12:00,13:01-16:00",2026-05-21,20260420,20260521,False
1398,01527.XHKG,492572.0,TENGY ENV,TJHJ,MainBoard,天洁环境,2015-10-12,0000-00-00,Active,200.0,,XHKG,CS,01527,01527_01.XHKG,,"09:31-12:00,13:01-16:00",2026-05-21,20260420,20260521,False
1399,08173.XHKG,490940.0,HEPHAESTUS HLDG,KSKG,GEM,客思控股,2002-05-09,0000-00-00,Active,20000.0,,XHKG,CS,08173,08173_01.XHKG,,"09:31-12:00,13:01-16:00",2026-05-21,20260420,20260521,False
1400,01123.XHKG,487544.0,CHINA-HK PHOTO,ZGZX,MainBoard,中港照相,1994-09-19,0000-00-00,Active,2000.0,,XHKG,CS,01123,01123_01.XHKG,,"09:31-12:00,13:01-16:00",2026-05-21,20260420,20260521,False
1401,00262.XHKG,486610.0,DESON DEV INT'L,DCFZGJ,MainBoard,迪臣发展国际,1997-06-10,0000-00-00,Active,5000.0,,XHKG,CS,00262,00262_01.XHKG,,"09:31-12:00,13:01-16:00",2026-05-21,20260420,20260521,False
1402,08093.XHKG,486225.0,WEB3 META,WPSRYYZ,GEM,瓦普思瑞元宇宙,2015-02-12,0000-00-00,Active,2000.0,,XHKG,CS,08093,08093_01.XHKG,,"09:31-12:00,13:01-16:00",2026-05-21,20260420,20260521,False
1403,08143.XHKG,482158.0,GF HEALTHCARE,JWYL,GEM,金威医疗,2002-05-10,0000-00-00,Active,10000.0,,XHKG,CS,08143,08143_01.XHKG,,"09:31-12:00,13:01-16:00",2026-05-21,20260420,20260521,False
1404,00385.XHKG,481198.0,CHINNEY ALLI,JLJT,MainBoard,建联集团,1993-10-15,0000-00-00,Active,2000.0,,XHKG,CS,00385,00385_01.XHKG,,"09:31-12:00,13:01-16:00",2026-05-21,20260420,20260521,False
1405,00543.XHKG,478197.0,PACIFIC ONLINE,TPYWL,MainBoard,太平洋网络,2007-12-18,0000-00-00,Active,1000.0,,XHKG,CS,00543,00543_01.XHKG,,"09:31-12:00,13:01-16:00",2026-05-21,20260420,20260521,False
1406,00862.XHKG,477928.0,VISION VALUES,YJKG,MainBoard,远见控股,1998-10-14,0000-00-00,Active,5000.0,,XHKG,CS,00862,00862_01.XHKG,,"09:31-12:00,13:01-16:00",2026-05-21,20260420,20260521,False
1407,00126.XHKG,474780.0,CARRIANNA,JNN,MainBoard,佳宁娜,1991-11-01,0000-00-00,Active,2000.0,,XHKG,CS,00126,00126_01.XHKG,,"09:31-12:00,13:01-16:00",2026-05-21,20260420,20260521,False
1408,02188.XHKG,472876.0,TITANS ENERGY,TTNYJS,MainBoard,泰坦能源技术,2010-05-28,0000-00-00,Active,2000.0,,XHKG,CS,02188,02188_01.XHKG,,"09:31-12:00,13:01-16:00",2026-05-21,20260420,20260521,False
1409,01150.XHKG,472366.0,MILAN STATION,MLZ,MainBoard,米兰站,2011-05-23,0000-00-00,Active,10000.0,,XHKG,CS,01150,01150_01.XHKG,,"09:31-12:00,13:01-16:00",2026-05-21,20260420,20260521,False
1410,08606.XHKG,470620.0,KINETIX SYSTEMS,JGKG,GEM,倢冠控股,2018-07-16,0000-00-00,Active,10000.0,,XHKG,CS,08606,08606_01.XHKG,,"09:31-12:00,13:01-16:00",2026-05-21,20260420,20260521,False
1411,06858.XHKG,468165.0,HONMAGOLF,BJGEF,MainBoard,本间高尔夫,2016-10-06,0000-00-00,Active,500.0,,XHKG,CS,06858,06858_01.XHKG,,"09:31-12:00,13:01-16:00",2026-05-21,20260420,20260521,False
1412,08073.XHKG,467738.0,SFSY NEW MAT,SFXYXCL,GEM,水发兴业新材料,2017-07-21,0000-00-00,Active,4000.0,,XHKG,CS,08073,08073_02.XHKG,,"09:31-12:00,13:01-16:00",2026-05-21,20260420,20260521,False
1413,00828.XHKG,466630.0,DYNASTY WINES,WCJY,MainBoard,王朝酒业,2005-01-26,0000-00-00,Active,2000.0,,XHKG,CS,00828,00828_01.XHKG,,"09:31-12:00,13:01-16:00",2026-05-21,20260420,20260521,False
1414,08501.XHKG,461299.0,SANBASE CORP,ZHJTGS,GEM,庄皇集团公司,2018-01-04,0000-00-00,Active,2000.0,,XHKG,CS,08501,08501_01.XHKG,,"09:31-12:00,13:01-16:00",2026-05-21,20260420,20260521,False
1415,00756.XHKG,460504.0,SUMMI,SMKG,MainBoard,森美控股,2008-07-10,0000-00-00,Active,8000.0,,XHKG,CS,00756,00756_01.XHKG,,"09:31-12:00,13:01-16:00",2026-05-21,20260420,20260521,False
1416,00294.XHKG,459623.0,YANGTZEKIANG,CJZY,MainBoard,长江制衣,1970-09-15,0000-00-00,Active,1000.0,,XHKG,CS,00294,00294_01.XHKG,,"09:31-12:00,13:01-16:00",2026-05-21,20260420,20260521,False
1417,00899.XHKG,455712.0,ZHONG JIA GX,ZJGX,MainBoard,中加国信,1997-10-24,0000-00-00,Active,10000.0,,XHKG,CS,00899,00899_01.XHKG,,"09:31-12:00,13:01-16:00",2026-05-21,20260420,20260521,False
1418,00018.XHKG,453300.0,ORIENTAL M G,DFCMJT,MainBoard,东方传媒集团,1987-08-18,0000-00-00,Active,2000.0,,XHKG,CS,00018,00018_01.XHKG,,"09:31-12:00,13:01-16:00",2026-05-21,20260420,20260521,False
1419,02031.XHKG,450775.0,AUSUPREME,AZZ,MainBoard,澳至尊,2016-09-12,0000-00-00,Active,5000.0,,XHKG,CS,02031,02031_01.XHKG,,"09:31-12:00,13:01-16:00",2026-05-21,20260420,20260521,False
1420,01173.XHKG,450280.0,VEEKO INT'L,WGGJ,MainBoard,威高国际,1999-04-19,0000-00-00,Active,20000.0,,XHKG,CS,01173,01173_01.XHKG,,"09:31-12:00,13:01-16:00",2026-05-21,20260420,20260521,False
1421,00058.XHKG,449984.0,SUNWAY INT'L,XWGJ,MainBoard,新威国际,1999-09-03,0000-00-00,Active,20000.0,,XHKG,CS,00058,00058_01.XHKG,,"09:31-12:00,13:01-16:00",2026-05-21,20260420,20260521,False
1422,08106.XHKG,448650.0,XINHUA LANDE,XHLD,GEM,芯化兰德,2002-05-03,0000-00-00,Active,5000.0,,XHKG,CS,08106,08106_01.XHKG,,"09:31-12:00,13:01-16:00",2026-05-21,20260420,20260521,False
1423,01993.XHKG,447395.0,ASIARAY,YSW,MainBoard,雅仕维,2015-01-15,0000-00-00,Active,500.0,,XHKG,CS,01993,01993_01.XHKG,,"09:31-12:00,13:01-16:00",2026-05-21,20260420,20260521,False
1424,01229.XHKG,446742.0,NAN NAN RES,NNZY,MainBoard,南南资源,1995-04-13,0000-00-00,Active,2000.0,,XHKG,CS,01229,01229_01.XHKG,,"09:31-12:00,13:01-16:00",2026-05-21,20260420,20260521,False
1425,08545.XHKG,446480.0,AMUSE GROUP,BYJT,GEM,佰悦集团,2018-05-31,0000-00-00,Active,8000.0,,XHKG,CS,08545,08545_01.XHKG,,"09:31-12:00,13:01-16:00",2026-05-21,20260420,20260521,False
1426,00943.XHKG,443262.0,ZHONGZHENG INTL,ZZGJ,MainBoard,中证国际,1997-06-25,0000-00-00,Active,16000.0,,XHKG,CS,00943,00943_01.XHKG,,"09:31-12:00,13:01-16:00",2026-05-21,20260420,20260521,False
1427,80737.XHKG,440350.0,BAY AREA DEV-R,WQFZR,MainBoard,湾区发展-R,2012-10-29,0000-00-00,Active,500.0,,XHKG,CS,80737,80737_01.XHKG,,"09:31-12:00,13:01-16:00",2026-05-21,20260420,20260521,False
1428,01388.XHKG,435015.0,EMBRY HOLDINGS,ALFKG,MainBoard,安莉芳控股,2006-12-18,0000-00-00,Active,1000.0,,XHKG,CS,01388,01388_01.XHKG,,"09:31-12:00,13:01-16:00",2026-05-21,20260420,20260521,False
1429,00188.XHKG,434158.0,SUNWAH KINGSWAY,XHHFJR,MainBoard,新华汇富金融,2000-09-15,0000-00-00,Active,5000.0,,XHKG,CS,00188,00188_01.XHKG,,"09:31-12:00,13:01-16:00",2026-05-21,20260420,20260521,False
1430,02310.XHKG,433960.0,TIMES UNI GP,SDHQJT,MainBoard,时代环球集团,2003-07-04,0000-00-00,Active,2000.0,,XHKG,CS,02310,02310_01.XHKG,,"09:31-12:00,13:01-16:00",2026-05-21,20260420,20260521,False
1431,00356.XHKG,431400.0,DT CAPITAL,DLZB,MainBoard,鼎立资本,2002-06-07,0000-00-00,Active,30000.0,,XHKG,CS,00356,00356_01.XHKG,,"09:31-12:00,13:01-16:00",2026-05-21,20260420,20260521,False
1432,01459.XHKG,431374.0,JUJIANG CONS,JJJS,MainBoard,巨匠建设,2016-01-12,0000-00-00,Active,2000.0,,XHKG,CS,01459,01459_01.XHKG,,"09:31-12:00,13:01-16:00",2026-05-21,20260420,20260521,False
1433,02125.XHKG,430080.0,STRAWBEAR ENT,DCXYL,MainBoard,稻草熊娱乐,2021-01-15,0000-00-00,Active,1000.0,,XHKG,CS,02125,02125_01.XHKG,,"09:31-12:00,13:01-16:00",2026-05-21,20260420,20260521,False
1434,08158.XHKG,429362.0,CRMI,ZGZSYX,GEM,中国再生医学,2001-07-18,0000-00-00,Active,5000.0,,XHKG,CS,08158,08158_01.XHKG,,"09:31-12:00,13:01-16:00",2026-05-21,20260420,20260521,False
1435,08616.XHKG,427720.0,SUNRAY ENG GP,XWGCJT,GEM,新威工程集团,2020-04-23,0000-00-00,Active,10000.0,,XHKG,CS,08616,08616_01.XHKG,,"09:31-12:00,13:01-16:00",2026-05-21,20260420,20260521,False
1436,01727.XHKG,426283.0,HEBEI CONS,HBJS,MainBoard,河北建设,2017-12-15,0000-00-00,Active,500.0,,XHKG,CS,01727,01727_01.XHKG,,"09:31-12:00,13:01-16:00",2026-05-21,20260420,20260521,False
1437,08455.XHKG,426200.0,LAI GROUP,LJDJT,GEM,礼建德集团,2017-04-12,0000-00-00,Active,10000.0,,XHKG,CS,08455,08455_01.XHKG,,"09:31-12:00,13:01-16:00",2026-05-21,20260420,20260521,False
1438,01861.XHKG,425500.0,PRECIOUS DRAGON,BBLKJ,MainBoard,保宝龙科技,2019-06-21,0000-00-00,Active,2000.0,,XHKG,CS,01861,01861_01.XHKG,,"09:31-12:00,13:01-16:00",2026-05-21,20260420,20260521,False
1439,00841.XHKG,423412.0,CASSAVA RES,MSZY,MainBoard,木薯资源,2009-03-23,0000-00-00,Active,2000.0,,XHKG,CS,00841,00841_01.XHKG,,"09:31-12:00,13:01-16:00",2026-05-21,20260420,20260521,False
1440,00070.XHKG,422769.0,RICH GOLDMAN,JYKG,MainBoard,金粤控股,1973-01-01,0000-00-00,Active,10000.0,,XHKG,CS,00070,00070_01.XHKG,,"09:31-12:00,13:01-16:00",2026-05-21,20260420,20260521,False
1441,00089.XHKG,416498.0,TAI SANG LAND,DSDC,MainBoard,大生地产,1973-02-21,0000-00-00,Active,1000.0,,XHKG,CS,00089,00089_01.XHKG,,"09:31-12:00,13:01-16:00",2026-05-21,20260420,20260521,False
1442,01058.XHKG,412445.0,NAMYUE HOLDINGS,NYKG,MainBoard,南粤控股,1996-12-16,0000-00-00,Active,2000.0,,XHKG,CS,01058,01058_01.XHKG,,"09:31-12:00,13:01-16:00",2026-05-21,20260420,20260521,False
1443,08412.XHKG,406582.0,NEW AMANTE,XADJT,GEM,新爱德集团,2017-04-07,0000-00-00,Active,10000.0,,XHKG,CS,08412,08412_01.XHKG,,"09:31-12:00,13:01-16:00",2026-05-21,20260420,20260521,False
1444,00675.XHKG,406420.0,K & P INT'L,JBGJ,MainBoard,坚宝国际,1997-01-02,0000-00-00,Active,2000.0,,XHKG,CS,00675,00675_01.XHKG,,"09:31-12:00,13:01-16:00",2026-05-21,20260420,20260521,False
1445,08293.XHKG,404072.0,SINGASIA HLDG,XYKG,GEM,星亚控股,2016-07-15,0000-00-00,Active,20000.0,,XHKG,CS,08293,08293_02.XHKG,,"09:31-12:00,13:01-16:00",2026-05-21,20260420,20260521,False
1446,01063.XHKG,403647.0,SUNCORP TECH,XQKJ,MainBoard,新确科技,1994-05-10,0000-00-00,Active,10000.0,,XHKG,CS,01063,01063_01.XHKG,,"09:31-12:00,13:01-16:00",2026-05-21,20260420,20260521,False
1447,00160.XHKG,401105.0,HON KWOK LAND,HGZY,MainBoard,汉国置业,1972-09-16,0000-00-00,Active,2000.0,,XHKG,CS,00160,00160_01.XHKG,,"09:31-12:00,13:01-16:00",2026-05-21,20260420,20260521,False
1448,01000.XHKG,400765.0,BEIJING MEDIA,BQCM,MainBoard,北青传媒,2004-12-22,0000-00-00,Active,500.0,,XHKG,CS,01000,01000_01.XHKG,,"09:31-12:00,13:01-16:00",2026-05-21,20260420,20260521,False
1449,01825.XHKG,400374.0,STERLING GP,STERLINGGP,MainBoard,STERLINGGP,2018-10-19,0000-00-00,Active,2000.0,,XHKG,CS,01825,01825_01.XHKG,,"09:31-12:00,13:01-16:00",2026-05-21,20260420,20260521,False
1450,08402.XHKG,398305.0,PLATEAU TL,GYZB,GEM,高原之宝,2017-11-17,0000-00-00,Active,5000.0,,XHKG,CS,08402,08402_01.XHKG,,"09:31-12:00,13:01-16:00",2026-05-21,20260420,20260521,False
1451,02195.XHKG,398295.0,UNITY ENT,YHQYKG,MainBoard,盈汇企业控股,2021-03-31,0000-00-00,Active,10000.0,,XHKG,CS,02195,02195_01.XHKG,,"09:31-12:00,13:01-16:00",2026-05-21,20260420,20260521,False
1452,00974.XHKG,397720.0,SKL,ZGSKL,MainBoard,中国顺客隆,2015-09-10,0000-00-00,Active,1000.0,,XHKG,CS,00974,00974_01.XHKG,,"09:31-12:00,13:01-16:00",2026-05-21,20260420,20260521,False
1453,03366.XHKG,397228.0,OCT (ASIA),HQCYZ,MainBoard,华侨城(亚洲),2005-11-02,0000-00-00,Active,2000.0,,XHKG,CS,03366,03366_01.XHKG,,"09:31-12:00,13:01-16:00",2026-05-21,20260420,20260521,False
1454,08213.XHKG,391438.0,STARGLORY HLDGS,RHKG,GEM,荣晖控股,2003-03-18,0000-00-00,Active,10000.0,,XHKG,CS,08213,08213_01.XHKG,,"09:31-12:00,13:01-16:00",2026-05-21,20260420,20260521,False
1455,01549.XHKG,390360.0,EVER HARVEST GP,YFJTKG,MainBoard,永丰集团控股,2016-07-06,0000-00-00,Active,8000.0,,XHKG,CS,01549,01549_01.XHKG,,"09:31-12:00,13:01-16:00",2026-05-21,20260420,20260521,False
1456,08152.XHKG,389320.0,M&L HOLDINGS,MLKG,GEM,明梁控股,2017-07-21,0000-00-00,Active,10000.0,,XHKG,CS,08152,08152_02.XHKG,,"09:31-12:00,13:01-16:00",2026-05-21,20260420,20260521,False
1457,00458.XHKG,385355.0,TRISTATE HOLD,LYJT,MainBoard,联亚集团,1988-01-06,0000-00-00,Active,1000.0,,XHKG,CS,00458,00458_01.XHKG,,"09:31-12:00,13:01-16:00",2026-05-21,20260420,20260521,False
1458,00222.XHKG,384940.0,MIN XIN HOLD,MXJT,MainBoard,闽信集团,1982-06-28,0000-00-00,Active,2000.0,,XHKG,CS,00222,00222_01.XHKG,,"09:31-12:00,13:01-16:00",2026-05-21,20260420,20260521,False
1459,09686.XHKG,384930.0,XIKANG CLOUD,XKYYY,MainBoard,熙康云医院,2023-09-28,0000-00-00,Active,500.0,,XHKG,CS,09686,09686_01.XHKG,,"09:31-12:00,13:01-16:00",2026-05-21,20260420,20260521,False
1460,00211.XHKG,384046.0,STYLAND HOLD,STYLANDHOLD,MainBoard,STYLANDHOLD,1991-12-05,0000-00-00,Active,10000.0,,XHKG,CS,00211,00211_01.XHKG,,"09:31-12:00,13:01-16:00",2026-05-21,20260420,20260521,False
1461,01073.XHKG,383560.0,DA YU FIN,DYJR,MainBoard,大禹金融,2002-01-14,0000-00-00,Active,5000.0,,XHKG,CS,01073,01073_01.XHKG,,"09:31-12:00,13:01-16:00",2026-05-21,20260420,20260521,False
1462,06822.XHKG,382090.0,KING'S FLAIR,KJGJ,MainBoard,科劲国际,2015-01-16,0000-00-00,Active,2000.0,,XHKG,CS,06822,06822_01.XHKG,,"09:31-12:00,13:01-16:00",2026-05-21,20260420,20260521,False
1463,08629.XHKG,380785.0,SYNTRUST GK,JXGK,GEM,集信国控,2024-09-06,0000-00-00,Active,500.0,,XHKG,CS,08629,08629_01.XHKG,,"09:31-12:00,13:01-16:00",2026-05-21,20260420,20260521,False
1464,00383.XHKG,380427.0,TIANAN MEDICARE,TAZJ,MainBoard,天安卓健,1991-08-01,0000-00-00,Active,5000.0,,XHKG,CS,00383,00383_01.XHKG,,"09:31-12:00,13:01-16:00",2026-05-21,20260420,20260521,False
1465,00893.XHKG,375942.0,CHINAVTM MINING,ZGTT,MainBoard,中国铁钛,2009-10-08,0000-00-00,Active,1000.0,,XHKG,CS,00893,00893_01.XHKG,,"09:31-12:00,13:01-16:00",2026-05-21,20260420,20260521,False
1466,01245.XHKG,375860.0,NIRAKU,NIRAKU,MainBoard,NIRAKU,2015-04-08,0000-00-00,Active,2000.0,,XHKG,CS,01245,01245_01.XHKG,,"09:31-12:00,13:01-16:00",2026-05-21,20260420,20260521,False
1467,01419.XHKG,373140.0,HUMAN HEALTH,YJYL,MainBoard,盈健医疗,2016-04-01,0000-00-00,Active,2000.0,,XHKG,CS,01419,01419_01.XHKG,,"09:31-12:00,13:01-16:00",2026-05-21,20260420,20260521,False
1468,01062.XHKG,368420.0,CDB INT'L INV,GKGJTZ,MainBoard,国开国际投资,1994-05-10,0000-00-00,Active,10000.0,,XHKG,CS,01062,01062_01.XHKG,,"09:31-12:00,13:01-16:00",2026-05-21,20260420,20260521,False
1469,01370.XHKG,367168.0,AOWEI HOLDING,AWKG,MainBoard,奥威控股,2013-11-28,0000-00-00,Active,1000.0,,XHKG,CS,01370,01370_01.XHKG,,"09:31-12:00,13:01-16:00",2026-05-21,20260420,20260521,False
1470,00436.XHKG,366985.0,NU ENVIRO,XYHB,MainBoard,新宇环保,2016-08-01,0000-00-00,Active,20000.0,,XHKG,CS,00436,00436_01.XHKG,,"09:31-12:00,13:01-16:00",2026-05-21,20260420,20260521,False
1471,08026.XHKG,366775.0,CB GLOBAL,LHGJJT,GEM,朗华国际集团,2000-03-28,0000-00-00,Active,1000.0,,XHKG,CS,08026,08026_01.XHKG,,"09:31-12:00,13:01-16:00",2026-05-21,20260420,20260521,False
1472,02260.XHKG,366140.0,VANOV HOLDINGS,HLKG,MainBoard,环龙控股,2022-01-11,0000-00-00,Active,2000.0,,XHKG,CS,02260,02260_01.XHKG,,"09:31-12:00,13:01-16:00",2026-05-21,20260420,20260521,False
1473,08510.XHKG,365399.0,TOPSTANDARDCORP,TOPSTANDARDCORP,GEM,TOPSTANDARDCORP,2018-02-13,0000-00-00,Active,20000.0,,XHKG,CS,08510,08510_01.XHKG,,"09:31-12:00,13:01-16:00",2026-05-21,20260420,20260521,False
1474,08406.XHKG,363270.0,CHINA ORAL IND,ZGKQCY,GEM,中国口腔产业,2017-12-07,0000-00-00,Active,10000.0,,XHKG,CS,08406,08406_01.XHKG,,"09:31-12:00,13:01-16:00",2026-05-21,20260420,20260521,False
1475,03363.XHKG,363260.0,ZHENGYE INT'L,ZYGJ,MainBoard,正业国际,2011-06-03,0000-00-00,Active,2000.0,,XHKG,CS,03363,03363_01.XHKG,,"09:31-12:00,13:01-16:00",2026-05-21,20260420,20260521,False
1476,00954.XHKG,361620.0,CHANGMAO BIO,CMSW,MainBoard,常茂生物,2013-06-28,0000-00-00,Active,4000.0,,XHKG,CS,00954,00954_01.XHKG,,"09:31-12:00,13:01-16:00",2026-05-21,20260420,20260521,False
1477,08133.XHKG,360925.0,JISHENG GP HLDG,JSJTKG,GEM,吉盛集团控股,2015-04-30,0000-00-00,Active,8000.0,,XHKG,CS,08133,08133_02.XHKG,,"09:31-12:00,13:01-16:00",2026-05-21,20260420,20260521,False
1478,01971.XHKG,360495.0,RSUN SER,HYFW,MainBoard,弘阳服务,2020-07-07,0000-00-00,Active,1000.0,,XHKG,CS,01971,01971_01.XHKG,,"09:31-12:00,13:01-16:00",2026-05-21,20260420,20260521,False
1479,01290.XHKG,360380.0,CHINA HUIRONG,ZGHR,MainBoard,中国汇融,2013-10-28,0000-00-00,Active,2000.0,,XHKG,CS,01290,01290_01.XHKG,,"09:31-12:00,13:01-16:00",2026-05-21,20260420,20260521,False
1480,00646.XHKG,357913.0,CHINA ENV TEC,ZGHBKJ,MainBoard,中国环保科技,2002-03-28,0000-00-00,Active,8000.0,,XHKG,CS,00646,00646_01.XHKG,,"09:31-12:00,13:01-16:00",2026-05-21,20260420,20260521,False
1481,02017.XHKG,357860.0,CHANHIGH,CHKG,MainBoard,沧海控股,2017-03-31,0000-00-00,Active,2000.0,,XHKG,CS,02017,02017_01.XHKG,,"09:31-12:00,13:01-16:00",2026-05-21,20260420,20260521,False
1482,00313.XHKG,357660.0,RICHLY FIELD,YTZG,MainBoard,裕田中国,1993-01-05,0000-00-00,Active,25000.0,,XHKG,CS,00313,00313_01.XHKG,,"09:31-12:00,13:01-16:00",2026-05-21,20260420,20260521,False
1483,08262.XHKG,356880.0,SUPER STRONG,HQKG,GEM,宏强控股,2016-03-30,0000-00-00,Active,10000.0,,XHKG,CS,08262,08262_02.XHKG,,"09:31-12:00,13:01-16:00",2026-05-21,20260420,20260521,False
1484,01447.XHKG,355420.0,SFK,XFG,MainBoard,新福港,2015-12-10,0000-00-00,Active,2000.0,,XHKG,CS,01447,01447_01.XHKG,,"09:31-12:00,13:01-16:00",2026-05-21,20260420,20260521,False
1485,01663.XHKG,354443.0,S HARBOURHOLD,HGKG,MainBoard,汉港控股,2011-07-22,0000-00-00,Active,2000.0,,XHKG,CS,01663,01663_01.XHKG,,"09:31-12:00,13:01-16:00",2026-05-21,20260420,20260521,False
1486,02212.XHKG,347490.0,FB MINING,GPKY,MainBoard,高鹏矿业,2015-01-09,0000-00-00,Active,10000.0,,XHKG,CS,02212,02212_01.XHKG,,"09:31-12:00,13:01-16:00",2026-05-21,20260420,20260521,False
1487,08159.XHKG,345885.0,CU VENTURE INV,XHLHTZ,GEM,新华联合投资,2002-01-04,0000-00-00,Active,5000.0,,XHKG,CS,08159,08159_01.XHKG,,"09:31-12:00,13:01-16:00",2026-05-21,20260420,20260521,False
1488,01832.XHKG,340690.0,SAI LEISURE,HTDYL,MainBoard,海天地悦旅,2019-05-16,0000-00-00,Active,1000.0,,XHKG,CS,01832,01832_02.XHKG,,"09:31-12:00,13:01-16:00",2026-05-21,20260420,20260521,False
1489,02340.XHKG,337522.0,ISP HOLDINGS,SBKG,MainBoard,升柏控股,2003-10-09,0000-00-00,Active,4000.0,,XHKG,CS,02340,02340_01.XHKG,,"09:31-12:00,13:01-16:00",2026-05-21,20260420,20260521,False
1490,02028.XHKG,334316.0,JOLIMARK,YMKG,MainBoard,映美控股,2005-06-29,0000-00-00,Active,2000.0,,XHKG,CS,02028,02028_01.XHKG,,"09:31-12:00,13:01-16:00",2026-05-21,20260420,20260521,False
1491,02700.XHKG,333855.0,GREEN INTL HLDG,GLGJKG,MainBoard,格林国际控股,2006-09-29,0000-00-00,Active,20000.0,,XHKG,CS,02700,02700_01.XHKG,,"09:31-12:00,13:01-16:00",2026-05-21,20260420,20260521,False
1492,00072.XHKG,333790.0,META MEDIA,CMTKG,MainBoard,超媒体控股,2009-09-09,0000-00-00,Active,2000.0,,XHKG,CS,00072,00072_01.XHKG,,"09:31-12:00,13:01-16:00",2026-05-21,20260420,20260521,False
1493,08286.XHKG,331010.0,CCOE,CCWG,GEM,长城微光,2004-05-18,0000-00-00,Active,5000.0,,XHKG,CS,08286,08286_01.XHKG,,"09:31-12:00,13:01-16:00",2026-05-21,20260420,20260521,False
1494,00888.XHKG,329822.0,BLOCKFIN HLDG,LXKG,MainBoard,链信控股,2001-06-28,0000-00-00,Active,2000.0,,XHKG,CS,00888,00888_01.XHKG,,"09:31-12:00,13:01-16:00",2026-05-21,20260420,20260521,False
1495,00573.XHKG,329750.0,TAO HEUNG HLDGS,DXKG,MainBoard,稻香控股,2007-06-29,0000-00-00,Active,1000.0,,XHKG,CS,00573,00573_01.XHKG,,"09:31-12:00,13:01-16:00",2026-05-21,20260420,20260521,False
1496,02882.XHKG,329071.0,3DG HOLDINGS,JZZJT,MainBoard,金至尊集团,2003-06-30,0000-00-00,Active,5000.0,,XHKG,CS,02882,02882_01.XHKG,,"09:31-12:00,13:01-16:00",2026-05-21,20260420,20260521,False
1497,02738.XHKG,328282.0,HUAJIN INTL,HJGJKG,MainBoard,华津国际控股,2016-04-15,0000-00-00,Active,2000.0,,XHKG,CS,02738,02738_01.XHKG,,"09:31-12:00,13:01-16:00",2026-05-21,20260420,20260521,False
1498,00840.XHKG,326204.0,TIANYE WATER,TYJS,MainBoard,天业节水,2008-01-24,0000-00-00,Active,2000.0,,XHKG,CS,00840,00840_01.XHKG,,"09:31-12:00,13:01-16:00",2026-05-21,20260420,20260521,False
1499,03999.XHKG,325190.0,DACHAN FOOD,DCSP,MainBoard,大成食品,2007-10-04,0000-00-00,Active,1000.0,,XHKG,CS,03999,03999_01.XHKG,,"09:31-12:00,13:01-16:00",2026-05-21,20260420,20260521,False
1500,06667.XHKG,325020.0,MEGA GENOMICS,MYJY,MainBoard,美因基因,2022-06-22,0000-00-00,Active,200.0,,XHKG,CS,06667,06667_01.XHKG,,"09:31-12:00,13:01-16:00",2026-05-21,20260420,20260521,False
1501,02215.XHKG,323494.0,DEXIN SER GROUP,DXFWJT,MainBoard,德信服务集团,2021-07-15,0000-00-00,Active,1000.0,,XHKG,CS,02215,02215_01.XHKG,,"09:31-12:00,13:01-16:00",2026-05-21,20260420,20260521,False
1502,06812.XHKG,322525.0,WINSON HLDGS HK,YSKGXG,MainBoard,永顺控股香港,2020-06-11,0000-00-00,Active,5000.0,,XHKG,CS,06812,06812_01.XHKG,,"09:31-12:00,13:01-16:00",2026-05-21,20260420,20260521,False
1503,06888.XHKG,321966.0,FREETECH,YDGLZSKJ,MainBoard,英达公路再生科技,2013-06-26,0000-00-00,Active,1000.0,,XHKG,CS,06888,06888_01.XHKG,,"09:31-12:00,13:01-16:00",2026-05-21,20260420,20260521,False
1504,00764.XHKG,321554.0,ETERNITY INV,YHCL,MainBoard,永恒策略,2000-02-15,0000-00-00,Active,10000.0,,XHKG,CS,00764,00764_01.XHKG,,"09:31-12:00,13:01-16:00",2026-05-21,20260420,20260521,False
1505,01084.XHKG,320660.0,GREEN FRESH BIO,LXSWKJ,MainBoard,绿新生物科技,2019-10-17,0000-00-00,Active,2000.0,,XHKG,CS,01084,01084_01.XHKG,,"09:31-12:00,13:01-16:00",2026-05-21,20260420,20260521,False
1506,00234.XHKG,320582.0,NEW CENTURY GP,XSJJT,MainBoard,新世纪集团,1972-11-24,0000-00-00,Active,24000.0,,XHKG,CS,00234,00234_01.XHKG,,"09:31-12:00,13:01-16:00",2026-05-21,20260420,20260521,False
1507,00851.XHKG,316427.0,SHENG YUAN HLDG,SYKG,MainBoard,盛源控股,1998-12-02,0000-00-00,Active,10000.0,,XHKG,CS,00851,00851_01.XHKG,,"09:31-12:00,13:01-16:00",2026-05-21,20260420,20260521,False
1508,00703.XHKG,316326.0,FUTURE BRIGHT,FUTUREBRIGHT,MainBoard,FUTUREBRIGHT,2002-08-15,0000-00-00,Active,6000.0,,XHKG,CS,00703,00703_01.XHKG,,"09:31-12:00,13:01-16:00",2026-05-21,20260420,20260521,False
1509,08033.XHKG,315538.0,VODATEL NETWORK,ADLWL,GEM,爱达利网络,2000-02-25,0000-00-00,Active,2000.0,,XHKG,CS,08033,08033_01.XHKG,,"09:31-12:00,13:01-16:00",2026-05-21,20260420,20260521,False
1510,00212.XHKG,314950.0,NANYANG HOLD,NANYANGHOLD,MainBoard,NANYANGHOLD,1954-09-15,0000-00-00,Active,500.0,,XHKG,CS,00212,00212_01.XHKG,,"09:31-12:00,13:01-16:00",2026-05-21,20260420,20260521,False
1511,08070.XHKG,314100.0,KEEN OCEAN,QYGJKG,GEM,侨洋国际控股,2016-02-24,0000-00-00,Active,5000.0,,XHKG,CS,08070,08070_02.XHKG,,"09:31-12:00,13:01-16:00",2026-05-21,20260420,20260521,False
1512,00898.XHKG,311680.0,MULTIFIELD INTL,WSCGJ,MainBoard,万事昌国际,1998-07-31,0000-00-00,Active,2000.0,,XHKG,CS,00898,00898_01.XHKG,,"09:31-12:00,13:01-16:00",2026-05-21,20260420,20260521,False
1513,03322.XHKG,309914.0,WIN HANVERKY,YJJT,MainBoard,永嘉集团,2006-09-06,0000-00-00,Active,2000.0,,XHKG,CS,03322,03322_01.XHKG,,"09:31-12:00,13:01-16:00",2026-05-21,20260420,20260521,False
1514,00682.XHKG,308223.0,CHAODA MODERN,CDXD,MainBoard,超大现代,2000-12-15,0000-00-00,Active,10000.0,,XHKG,CS,00682,00682_01.XHKG,,"09:31-12:00,13:01-16:00",2026-05-21,20260420,20260521,False
1515,00138.XHKG,304268.0,CCT FORTIS,ZJFT,MainBoard,中建富通,1991-11-11,0000-00-00,Active,5000.0,,XHKG,CS,00138,00138_01.XHKG,,"09:31-12:00,13:01-16:00",2026-05-21,20260420,20260521,False
1516,01719.XHKG,303980.0,CIL GROUP,ZGTSJT,MainBoard,中国通商集团,2018-01-29,0000-00-00,Active,4000.0,,XHKG,CS,01719,01719_01.XHKG,,"09:31-12:00,13:01-16:00",2026-05-21,20260420,20260521,False
1517,00061.XHKG,299993.0,GREEN LEADER,LLKG,MainBoard,绿领控股,1999-07-06,0000-00-00,Active,20000.0,,XHKG,CS,00061,00061_01.XHKG,,"09:31-12:00,13:01-16:00",2026-05-21,20260420,20260521,False
1518,08270.XHKG,299588.0,CHINA CBM,ZGMCQ,GEM,中国煤层气,2003-08-12,0000-00-00,Active,10000.0,,XHKG,CS,08270,08270_01.XHKG,,"09:31-12:00,13:01-16:00",2026-05-21,20260420,20260521,False
1519,00969.XHKG,298408.0,HUA LIEN INT'L,HLGJ,MainBoard,华联国际,2000-02-02,0000-00-00,Active,2000.0,,XHKG,CS,00969,00969_01.XHKG,,"09:31-12:00,13:01-16:00",2026-05-21,20260420,20260521,False
1520,02033.XHKG,297460.0,TIME WATCH,SJB,MainBoard,时计宝,2013-02-05,0000-00-00,Active,2000.0,,XHKG,CS,02033,02033_01.XHKG,,"09:31-12:00,13:01-16:00",2026-05-21,20260420,20260521,False
1521,00768.XHKG,295746.0,UBA INVESTMENTS,KMTZ,MainBoard,开明投资,2000-01-18,0000-00-00,Active,2000.0,,XHKG,CS,00768,00768_01.XHKG,,"09:31-12:00,13:01-16:00",2026-05-21,20260420,20260521,False
1522,00216.XHKG,295300.0,CHINNEY INV,JYSY,MainBoard,建业实业,1973-01-31,0000-00-00,Active,4000.0,,XHKG,CS,00216,00216_01.XHKG,,"09:31-12:00,13:01-16:00",2026-05-21,20260420,20260521,False
1523,03628.XHKG,287812.0,RENHENG ENT,RHSYKG,MainBoard,仁恒实业控股,2013-11-25,0000-00-00,Active,4000.0,,XHKG,CS,03628,03628_01.XHKG,,"09:31-12:00,13:01-16:00",2026-05-21,20260420,20260521,False
1524,01303.XHKG,281806.0,HUILI RES,HLZY,MainBoard,汇力资源,2012-01-12,0000-00-00,Active,2000.0,,XHKG,CS,01303,01303_01.XHKG,,"09:31-12:00,13:01-16:00",2026-05-21,20260420,20260521,False
1525,00183.XHKG,280500.0,WINFULL GP,HHJT,MainBoard,宏辉集团,2010-12-02,0000-00-00,Active,8000.0,,XHKG,CS,00183,00183_02.XHKG,,"09:31-12:00,13:01-16:00",2026-05-21,20260420,20260521,False
1526,00158.XHKG,276976.0,MELBOURNE ENT,WBTZ,MainBoard,万邦投资,1972-08-29,0000-00-00,Active,500.0,,XHKG,CS,00158,00158_01.XHKG,,"09:31-12:00,13:01-16:00",2026-05-21,20260420,20260521,False
1527,00125.XHKG,270610.0,SUN HING VISION,XXGX,MainBoard,新兴光学,1999-05-25,0000-00-00,Active,2000.0,,XHKG,CS,00125,00125_01.XHKG,,"09:31-12:00,13:01-16:00",2026-05-21,20260420,20260521,False
1528,02682.XHKG,269736.0,YUN LEE MARINE,RLHS,MainBoard,润利海事,2019-03-18,0000-00-00,Active,4000.0,,XHKG,CS,02682,02682_01.XHKG,,"09:31-12:00,13:01-16:00",2026-05-21,20260420,20260521,False
1529,00055.XHKG,267664.0,NEWAY GROUP,ZXJTKG,MainBoard,中星集团控股,1992-09-10,0000-00-00,Active,10000.0,,XHKG,CS,00055,00055_01.XHKG,,"09:31-12:00,13:01-16:00",2026-05-21,20260420,20260521,False
1530,01002.XHKG,267664.0,V.S. INT'L,WCGJ,MainBoard,威铖国际,2002-02-08,0000-00-00,Active,4000.0,,XHKG,CS,01002,01002_01.XHKG,,"09:31-12:00,13:01-16:00",2026-05-21,20260420,20260521,False
1531,02078.XHKG,266492.0,PANASIALUM,RYSY,MainBoard,荣阳实业,2013-02-05,0000-00-00,Active,1000.0,,XHKG,CS,02078,02078_01.XHKG,,"09:31-12:00,13:01-16:00",2026-05-21,20260420,20260521,False
1532,00456.XHKG,266240.0,NEW CITY DEV,XCSJSFZ,MainBoard,新城市建设发展,1993-07-14,0000-00-00,Active,2000.0,,XHKG,CS,00456,00456_01.XHKG,,"09:31-12:00,13:01-16:00",2026-05-21,20260420,20260521,False
1533,08028.XHKG,264484.0,TIMELESS,TSZY,GEM,天时资源,1999-11-25,0000-00-00,Active,20000.0,,XHKG,CS,08028,08028_01.XHKG,,"09:31-12:00,13:01-16:00",2026-05-21,20260420,20260521,False
1534,00162.XHKG,261350.0,CENTURY GINWA,SJJH,MainBoard,世纪金花,2000-10-23,0000-00-00,Active,2000.0,,XHKG,CS,00162,00162_01.XHKG,,"09:31-12:00,13:01-16:00",2026-05-21,20260420,20260521,False
1535,00137.XHKG,260050.0,JINHUI HOLDINGS,JHJT,MainBoard,金辉集团,1991-12-06,0000-00-00,Active,1000.0,,XHKG,CS,00137,00137_01.XHKG,,"09:31-12:00,13:01-16:00",2026-05-21,20260420,20260521,False
1536,08118.XHKG,258576.0,ZHONGZI INTL H,ZZGJKG,GEM,中资国际控股,2017-11-16,0000-00-00,Active,8000.0,,XHKG,CS,08118,08118_02.XHKG,,"09:31-12:00,13:01-16:00",2026-05-21,20260420,20260521,False
1537,02146.XHKG,256070.0,ROISERV,RWJ,MainBoard,荣万家,2021-01-15,0000-00-00,Active,500.0,,XHKG,CS,02146,02146_01.XHKG,,"09:31-12:00,13:01-16:00",2026-05-21,20260420,20260521,False
1538,08091.XHKG,255980.0,OOH HOLDINGS,ACSWKG,GEM,奥传思维控股,2017-01-05,0000-00-00,Active,10000.0,,XHKG,CS,08091,08091_02.XHKG,,"09:31-12:00,13:01-16:00",2026-05-21,20260420,20260521,False
1539,01442.XHKG,255520.0,INFINITY L&T,YHWL,MainBoard,鹰辉物流,2020-01-21,0000-00-00,Active,5000.0,,XHKG,CS,01442,01442_01.XHKG,,"09:31-12:00,13:01-16:00",2026-05-21,20260420,20260521,False
1540,01004.XHKG,255220.0,C SMARTERENERGY,ZGZHNY,MainBoard,中国智慧能源,1997-10-09,0000-00-00,Active,10000.0,,XHKG,CS,01004,01004_01.XHKG,,"09:31-12:00,13:01-16:00",2026-05-21,20260420,20260521,False
1541,01759.XHKG,252570.0,SINO GAS HLDGS,ZYJNKG,MainBoard,中油洁能控股,2018-12-28,0000-00-00,Active,1000.0,,XHKG,CS,01759,01759_01.XHKG,,"09:31-12:00,13:01-16:00",2026-05-21,20260420,20260521,False
1542,08201.XHKG,251973.0,PPS INT'L,BLKG,GEM,宝联控股,2013-06-17,0000-00-00,Active,20000.0,,XHKG,CS,08201,08201_02.XHKG,,"09:31-12:00,13:01-16:00",2026-05-21,20260420,20260521,False
1543,01243.XHKG,251228.0,WANG ON PPT,HADC,MainBoard,宏安地产,2016-04-12,0000-00-00,Active,4000.0,,XHKG,CS,01243,01243_01.XHKG,,"09:31-12:00,13:01-16:00",2026-05-21,20260420,20260521,False
1544,00487.XHKG,251009.0,SUCCESSUNIVERSE,SDHQ,MainBoard,实德环球,1988-05-03,0000-00-00,Active,4000.0,,XHKG,CS,00487,00487_01.XHKG,,"09:31-12:00,13:01-16:00",2026-05-21,20260420,20260521,False
1545,06868.XHKG,250930.0,TENFU,TF,MainBoard,天福,2011-09-26,0000-00-00,Active,1000.0,,XHKG,CS,06868,06868_01.XHKG,,"09:31-12:00,13:01-16:00",2026-05-21,20260420,20260521,False
1546,02152.XHKG,250825.0,SUXIN SERVICES,SXFW,MainBoard,苏新服务,2022-08-24,0000-00-00,Active,500.0,,XHKG,CS,02152,02152_01.XHKG,,"09:31-12:00,13:01-16:00",2026-05-21,20260420,20260521,False
1547,08430.XHKG,247144.0,C&N HOLDINGS,CNKG,GEM,春能控股,2017-10-18,0000-00-00,Active,10000.0,,XHKG,CS,08430,08430_01.XHKG,,"09:31-12:00,13:01-16:00",2026-05-21,20260420,20260521,False
1548,00310.XHKG,247085.0,PROSP INV HOLD,JJTZGJ,MainBoard,嘉进投资国际,1992-12-21,0000-00-00,Active,15000.0,,XHKG,CS,00310,00310_01.XHKG,,"09:31-12:00,13:01-16:00",2026-05-21,20260420,20260521,False
1549,03616.XHKG,245982.0,EVER REACH GP,HDJTKG,MainBoard,恒达集团控股,2018-11-12,0000-00-00,Active,2000.0,,XHKG,CS,03616,03616_01.XHKG,,"09:31-12:00,13:01-16:00",2026-05-21,20260420,20260521,False
1550,08035.XHKG,245740.0,JANCO HOLDINGS,JGKG,GEM,骏高控股,2016-10-07,0000-00-00,Active,10000.0,,XHKG,CS,08035,08035_02.XHKG,,"09:31-12:00,13:01-16:00",2026-05-21,20260420,20260521,False
1551,01338.XHKG,245534.0,BAWANG GROUP,BWJT,MainBoard,霸王集团,2009-07-03,0000-00-00,Active,2000.0,,XHKG,CS,01338,01338_01.XHKG,,"09:31-12:00,13:01-16:00",2026-05-21,20260420,20260521,False
1552,03683.XHKG,243512.0,GREAT HARVEST,RFYKG,MainBoard,荣丰亿控股,2010-10-11,0000-00-00,Active,2500.0,,XHKG,CS,03683,03683_01.XHKG,,"09:31-12:00,13:01-16:00",2026-05-21,20260420,20260521,False
1553,00213.XHKG,242797.0,NATIONAL ELEC H,NATIONALELECH,MainBoard,NATIONALELECH,1985-02-04,0000-00-00,Active,2000.0,,XHKG,CS,00213,00213_01.XHKG,,"09:31-12:00,13:01-16:00",2026-05-21,20260420,20260521,False
1554,00513.XHKG,240288.0,CONTINENTAL H,HHJT,MainBoard,恒和集团,1988-11-08,0000-00-00,Active,10000.0,,XHKG,CS,00513,00513_01.XHKG,,"09:31-12:00,13:01-16:00",2026-05-21,20260420,20260521,False
1555,08519.XHKG,240180.0,XINXIANG ERA,XXSD,GEM,新享时代,2018-02-08,0000-00-00,Active,20000.0,,XHKG,CS,08519,08519_01.XHKG,,"09:31-12:00,13:01-16:00",2026-05-21,20260420,20260521,False
1556,08668.XHKG,240150.0,YING HAI GROUP,YHJT,GEM,瀛海集团,2019-09-26,0000-00-00,Active,10000.0,,XHKG,CS,08668,08668_01.XHKG,,"09:31-12:00,13:01-16:00",2026-05-21,20260420,20260521,False
1557,08511.XHKG,239817.0,MIN FU INTL,MFGJ,GEM,民富国际,2018-04-20,0000-00-00,Active,2000.0,,XHKG,CS,08511,08511_01.XHKG,,"09:31-12:00,13:01-16:00",2026-05-21,20260420,20260521,False
1558,00915.XHKG,239410.0,DAOHE GLOBAL,DHHQ,MainBoard,道和环球,2002-05-10,0000-00-00,Active,1000.0,,XHKG,CS,00915,00915_01.XHKG,,"09:31-12:00,13:01-16:00",2026-05-21,20260420,20260521,False
1559,00755.XHKG,238062.0,DEVGREAT,DFGRD,MainBoard,大方广瑞德,1992-10-27,0000-00-00,Active,5000.0,,XHKG,CS,00755,00755_01.XHKG,,"09:31-12:00,13:01-16:00",2026-05-21,20260420,20260521,False
1560,00983.XHKG,236465.0,SOCAM DEV,RAJY,MainBoard,瑞安建业,1997-02-03,0000-00-00,Active,2000.0,,XHKG,CS,00983,00983_01.XHKG,,"09:31-12:00,13:01-16:00",2026-05-21,20260420,20260521,False
1561,08156.XHKG,230425.0,SINOPHARM TECH,GYKJGF,GEM,国药科技股份,2002-11-12,0000-00-00,Active,10000.0,,XHKG,CS,08156,08156_01.XHKG,,"09:31-12:00,13:01-16:00",2026-05-21,20260420,20260521,False
1562,08513.XHKG,230227.0,MAXWIN INT HLDG,JHGJKG,GEM,加和国际控股,2018-01-19,0000-00-00,Active,5000.0,,XHKG,CS,08513,08513_01.XHKG,,"09:31-12:00,13:01-16:00",2026-05-21,20260420,20260521,False
1563,00645.XHKG,230226.0,ARES ASIA,AYYZ,MainBoard,安域亚洲,1993-12-22,0000-00-00,Active,2000.0,,XHKG,CS,00645,00645_01.XHKG,,"09:31-12:00,13:01-16:00",2026-05-21,20260420,20260521,False
1564,08080.XHKG,229370.0,NAS HOLDINGS,BYCL,GEM,北亚策略,2000-04-20,0000-00-00,Active,20000.0,,XHKG,CS,08080,08080_01.XHKG,,"09:31-12:00,13:01-16:00",2026-05-21,20260420,20260521,False
1565,00132.XHKG,228874.0,HING YIP HLDGS,XYKG,MainBoard,兴业控股,1973-05-18,0000-00-00,Active,1000.0,,XHKG,CS,00132,00132_01.XHKG,,"09:31-12:00,13:01-16:00",2026-05-21,20260420,20260521,False
1566,02336.XHKG,227060.0,SHUOAO INTL,SAGJ,MainBoard,硕奥国际,2003-03-03,0000-00-00,Active,10000.0,,XHKG,CS,02336,02336_01.XHKG,,"09:31-12:00,13:01-16:00",2026-05-21,20260420,20260521,False
1567,02101.XHKG,226675.0,FULU HOLDINGS,FLKG,MainBoard,福禄控股,2020-09-18,0000-00-00,Active,500.0,,XHKG,CS,02101,02101_01.XHKG,,"09:31-12:00,13:01-16:00",2026-05-21,20260420,20260521,False
1568,08250.XHKG,225664.0,DU DU HLDGS,DDKG,GEM,都都控股,2004-06-18,0000-00-00,Active,10000.0,,XHKG,CS,08250,08250_01.XHKG,,"09:31-12:00,13:01-16:00",2026-05-21,20260420,20260521,False
1569,01897.XHKG,222817.0,MILLIONHOPE IND,MHSY,MainBoard,美亨实业,2019-03-19,0000-00-00,Active,2000.0,,XHKG,CS,01897,01897_01.XHKG,,"09:31-12:00,13:01-16:00",2026-05-21,20260420,20260521,False
1570,00105.XHKG,221772.0,ASSO INT HOTELS,KLGJJD,MainBoard,凯联国际酒店,1985-10-24,0000-00-00,Active,2000.0,,XHKG,CS,00105,00105_01.XHKG,,"09:31-12:00,13:01-16:00",2026-05-21,20260420,20260521,False
1571,02558.XHKG,215420.0,JINSHANG BANK,JSYH,MainBoard,晋商银行,2019-07-18,0000-00-00,Active,1000.0,,XHKG,CS,02558,02558_01.XHKG,,"09:31-12:00,13:01-16:00",2026-05-21,20260420,20260521,False
1572,01120.XHKG,215100.0,ARTS OPTICAL,YSGX,MainBoard,雅视光学,1996-11-08,0000-00-00,Active,2000.0,,XHKG,CS,01120,01120_01.XHKG,,"09:31-12:00,13:01-16:00",2026-05-21,20260420,20260521,False
1573,08432.XHKG,214760.0,BAR PACIFIC,TPYJB,GEM,太平洋酒吧,2017-01-11,0000-00-00,Active,10000.0,,XHKG,CS,08432,08432_01.XHKG,,"09:31-12:00,13:01-16:00",2026-05-21,20260420,20260521,False
1574,01047.XHKG,214580.0,NGAI HING HONG,YXH,MainBoard,毅兴行,1994-04-25,0000-00-00,Active,2000.0,,XHKG,CS,01047,01047_01.XHKG,,"09:31-12:00,13:01-16:00",2026-05-21,20260420,20260521,False
1575,00077.XHKG,213770.0,AMS TRANSPORT,JZGGJT,MainBoard,进智公共交通,2004-04-15,0000-00-00,Active,2000.0,,XHKG,CS,00077,00077_01.XHKG,,"09:31-12:00,13:01-16:00",2026-05-21,20260420,20260521,False
1576,08117.XHKG,213240.0,CHI P ENERGY,ZGJCNY,GEM,中国基础能源,2001-12-13,0000-00-00,Active,10000.0,,XHKG,CS,08117,08117_01.XHKG,,"09:31-12:00,13:01-16:00",2026-05-21,20260420,20260521,False
1577,00073.XHKG,212305.0,ASIAN CITRUS,YZGY,MainBoard,亚洲果业,2009-11-26,0000-00-00,Active,1000.0,,XHKG,CS,00073,00073_02.XHKG,,"09:31-12:00,13:01-16:00",2026-05-21,20260420,20260521,False
1578,06193.XHKG,209270.0,TAILAM TECHCON,TLKJ,MainBoard,泰林科建,2019-12-18,0000-00-00,Active,2000.0,,XHKG,CS,06193,06193_01.XHKG,,"09:31-12:00,13:01-16:00",2026-05-21,20260420,20260521,False
1579,01695.XHKG,208615.0,S&P INTL HLDG,YFJT,MainBoard,椰丰集团,2017-07-11,0000-00-00,Active,5000.0,,XHKG,CS,01695,01695_01.XHKG,,"09:31-12:00,13:01-16:00",2026-05-21,20260420,20260521,False
1580,08319.XHKG,207650.0,EXPERT SYS,SBXT,GEM,思博系统,2016-04-12,0000-00-00,Active,10000.0,,XHKG,CS,08319,08319_02.XHKG,,"09:31-12:00,13:01-16:00",2026-05-21,20260420,20260521,False
1581,01847.XHKG,207500.0,GHPC,YNJTHNT,MainBoard,云南建投混凝土,2019-10-31,0000-00-00,Active,1000.0,,XHKG,CS,01847,01847_01.XHKG,,"09:31-12:00,13:01-16:00",2026-05-21,20260420,20260521,False
1582,01298.XHKG,206210.0,YUNNAN ENERGY,YNGJ,MainBoard,云能国际,2011-12-21,0000-00-00,Active,1000.0,,XHKG,CS,01298,01298_01.XHKG,,"09:31-12:00,13:01-16:00",2026-05-21,20260420,20260521,False
1583,06839.XHKG,204642.0,YUNNAN WATER,YNSW,MainBoard,云南水务,2015-05-27,0000-00-00,Active,1000.0,,XHKG,CS,06839,06839_01.XHKG,,"09:31-12:00,13:01-16:00",2026-05-21,20260420,20260521,False
1584,00571.XHKG,202473.0,ESUN HOLDINGS,FDLKG,MainBoard,丰德丽控股,1980-01-09,0000-00-00,Active,2000.0,,XHKG,CS,00571,00571_01.XHKG,,"09:31-12:00,13:01-16:00",2026-05-21,20260420,20260521,False
1585,08417.XHKG,202310.0,DADI EDU,DDJY,GEM,大地教育,2017-02-16,0000-00-00,Active,10000.0,,XHKG,CS,08417,08417_01.XHKG,,"09:31-12:00,13:01-16:00",2026-05-21,20260420,20260521,False
1586,08362.XHKG,202000.0,WINNING TOWER,YXTJT,GEM,运兴泰集团,2017-06-30,0000-00-00,Active,20000.0,,XHKG,CS,08362,08362_01.XHKG,,"09:31-12:00,13:01-16:00",2026-05-21,20260420,20260521,False
1587,08347.XHKG,201784.0,F8 ENT,F8QY,GEM,F8企业,2017-04-12,0000-00-00,Active,8000.0,,XHKG,CS,08347,08347_01.XHKG,,"09:31-12:00,13:01-16:00",2026-05-21,20260420,20260521,False
1588,00684.XHKG,201730.0,ALLAN INT'L,YLGJ,MainBoard,亚伦国际,1992-11-10,0000-00-00,Active,2000.0,,XHKG,CS,00684,00684_01.XHKG,,"09:31-12:00,13:01-16:00",2026-05-21,20260420,20260521,False
1589,08226.XHKG,200649.0,KOALA FIN GP,SXJRJT,GEM,树熊金融集团,2002-07-19,0000-00-00,Active,5000.0,,XHKG,CS,08226,08226_01.XHKG,,"09:31-12:00,13:01-16:00",2026-05-21,20260420,20260521,False
1590,02086.XHKG,200245.0,LEADWAY TECH,GWKJ,MainBoard,高维科技,2015-09-29,0000-00-00,Active,1000.0,,XHKG,CS,02086,02086_01.XHKG,,"09:31-12:00,13:01-16:00",2026-05-21,20260420,20260521,False
1591,08169.XHKG,196820.0,ECO-TEK HLDGS,HKJT,GEM,环康集团,2001-12-05,0000-00-00,Active,10000.0,,XHKG,CS,08169,08169_01.XHKG,,"09:31-12:00,13:01-16:00",2026-05-21,20260420,20260521,False
1592,01105.XHKG,195276.0,SING TAO,XD,MainBoard,星岛,1996-07-10,0000-00-00,Active,2000.0,,XHKG,CS,01105,01105_01.XHKG,,"09:31-12:00,13:01-16:00",2026-05-21,20260420,20260521,False
1593,00627.XHKG,194751.0,VISION SYNERGY,GSZZ,MainBoard,共生智筑,2000-11-13,0000-00-00,Active,20000.0,,XHKG,CS,00627,00627_01.XHKG,,"09:31-12:00,13:01-16:00",2026-05-21,20260420,20260521,False
1594,08079.XHKG,193325.0,WISDOMCOME GP,RZJTKG,GEM,仍志集团控股,2001-10-15,0000-00-00,Active,5000.0,,XHKG,CS,08079,08079_01.XHKG,,"09:31-12:00,13:01-16:00",2026-05-21,20260420,20260521,False
1595,00271.XHKG,192784.0,ASIASEC PPT,YZDC,MainBoard,亚证地产,1973-02-28,0000-00-00,Active,1000.0,,XHKG,CS,00271,00271_01.XHKG,,"09:31-12:00,13:01-16:00",2026-05-21,20260420,20260521,False
1596,00738.XHKG,192746.0,LE SAUNDA,LESD,MainBoard,莱尔斯丹,1992-12-11,0000-00-00,Active,2000.0,,XHKG,CS,00738,00738_01.XHKG,,"09:31-12:00,13:01-16:00",2026-05-21,20260420,20260521,False
1597,02361.XHKG,192445.0,SINOHEALTH TECH,ZKKJKG,MainBoard,中康科技控股,2022-07-12,0000-00-00,Active,500.0,,XHKG,CS,02361,02361_01.XHKG,,"09:31-12:00,13:01-16:00",2026-05-21,20260420,20260521,False
1598,02482.XHKG,190590.0,LOGORY,WTYT,MainBoard,维天运通,2023-03-09,0000-00-00,Active,1000.0,,XHKG,CS,02482,02482_01.XHKG,,"09:31-12:00,13:01-16:00",2026-05-21,20260420,20260521,False
1599,01005.XHKG,189462.0,MATRIX HOLDINGS,MATRIXHOLDINGS,MainBoard,MATRIXHOLDINGS,1994-02-18,0000-00-00,Active,2000.0,,XHKG,CS,01005,01005_01.XHKG,,"09:31-12:00,13:01-16:00",2026-05-21,20260420,20260521,False
1600,01125.XHKG,188384.0,LAI FUNG HOLD,LFKG,MainBoard,丽丰控股,1997-11-28,0000-00-00,Active,400.0,,XHKG,CS,01125,01125_01.XHKG,,"09:31-12:00,13:01-16:00",2026-05-21,20260420,20260521,False
1601,00540.XHKG,186812.0,SPEEDY GLOBAL,XJHQKG,MainBoard,迅捷环球控股,2013-01-15,0000-00-00,Active,4000.0,,XHKG,CS,00540,00540_02.XHKG,,"09:31-12:00,13:01-16:00",2026-05-21,20260420,20260521,False
1602,08103.XHKG,186445.0,HMVOD,HMVODSP,GEM,HMVOD视频,2000-09-08,0000-00-00,Active,1500.0,,XHKG,CS,08103,08103_01.XHKG,,"09:31-12:00,13:01-16:00",2026-05-21,20260420,20260521,False
1603,08006.XHKG,185135.0,SINO SPLENDID,HTRY,GEM,华泰瑞银,2000-03-09,0000-00-00,Active,10000.0,,XHKG,CS,08006,08006_01.XHKG,,"09:31-12:00,13:01-16:00",2026-05-21,20260420,20260521,False
1604,06966.XHKG,183650.0,C WAN TONG YUAN,ZGWTY,MainBoard,中国万桐园,2019-12-17,0000-00-00,Active,10000.0,,XHKG,CS,06966,06966_01.XHKG,,"09:31-12:00,13:01-16:00",2026-05-21,20260420,20260521,False
1605,02135.XHKG,183397.0,RAILY AESMED,RLYM,MainBoard,瑞丽医美,2020-12-28,0000-00-00,Active,10000.0,,XHKG,CS,02135,02135_01.XHKG,,"09:31-12:00,13:01-16:00",2026-05-21,20260420,20260521,False
1606,02288.XHKG,182670.0,RYKADAN CAPITAL,HJZB,MainBoard,宏基资本,2009-08-21,0000-00-00,Active,1000.0,,XHKG,CS,02288,02288_01.XHKG,,"09:31-12:00,13:01-16:00",2026-05-21,20260420,20260521,False
1607,08225.XHKG,181720.0,C HEALTH GP,ZGYLJT,GEM,中国医疗集团,2003-07-10,0000-00-00,Active,20000.0,,XHKG,CS,08225,08225_01.XHKG,,"09:31-12:00,13:01-16:00",2026-05-21,20260420,20260521,False
1608,08601.XHKG,176460.0,BOLTEK,BDKG,GEM,宝燵控股,2018-09-13,0000-00-00,Active,10000.0,,XHKG,CS,08601,08601_01.XHKG,,"09:31-12:00,13:01-16:00",2026-05-21,20260420,20260521,False
1609,00430.XHKG,175350.0,ORIENTAL EXPL,DFXYKG,MainBoard,东方兴业控股,1993-03-30,0000-00-00,Active,4000.0,,XHKG,CS,00430,00430_01.XHKG,,"09:31-12:00,13:01-16:00",2026-05-21,20260420,20260521,False
1610,02363.XHKG,174898.0,TONGDA HONG TAI,TDHT,MainBoard,通达宏泰,2018-03-16,0000-00-00,Active,5000.0,,XHKG,CS,02363,02363_01.XHKG,,"09:31-12:00,13:01-16:00",2026-05-21,20260420,20260521,False
1611,00629.XHKG,174018.0,YUE DA INTL,YDGJKG,MainBoard,悦达国际控股,2001-11-29,0000-00-00,Active,1000.0,,XHKG,CS,00629,00629_01.XHKG,,"09:31-12:00,13:01-16:00",2026-05-21,20260420,20260521,False
1612,01118.XHKG,171700.0,GOLIK HOLDINGS,GLJT,MainBoard,高力集团,1994-07-15,0000-00-00,Active,10000.0,,XHKG,CS,01118,01118_01.XHKG,,"09:31-12:00,13:01-16:00",2026-05-21,20260420,20260521,False
1613,01232.XHKG,171619.0,GW TIANDI,JLTDKG,MainBoard,金轮天地控股,2013-01-16,0000-00-00,Active,8000.0,,XHKG,CS,01232,01232_01.XHKG,,"09:31-12:00,13:01-16:00",2026-05-21,20260420,20260521,False
1614,02293.XHKG,170800.0,BAMBOOSHEALTH,BBYH,MainBoard,百本医护,2017-03-01,0000-00-00,Active,4000.0,,XHKG,CS,02293,02293_01.XHKG,,"09:31-12:00,13:01-16:00",2026-05-21,20260420,20260521,False
1615,01736.XHKG,169766.0,PARENTING NET,ZGYEWL,MainBoard,中国育儿网络,2018-10-08,0000-00-00,Active,5000.0,,XHKG,CS,01736,01736_01.XHKG,,"09:31-12:00,13:01-16:00",2026-05-21,20260420,20260521,False
1616,02596.XHKG,164480.0,YIBIN BANK,YBYH,MainBoard,宜宾银行,2025-01-13,0000-00-00,Active,1000.0,,XHKG,CS,02596,02596_01.XHKG,,"09:31-12:00,13:01-16:00",2026-05-21,20260420,20260521,False
1617,01853.XHKG,163675.0,CHUNCHENG HEAT,CCRL,MainBoard,春城热力,2019-10-24,0000-00-00,Active,2500.0,,XHKG,CS,01853,01853_01.XHKG,,"09:31-12:00,13:01-16:00",2026-05-21,20260420,20260521,False
1618,01026.XHKG,161320.0,UNIVERSAL TECH,HQSYKJ,MainBoard,环球实业科技,2010-06-22,0000-00-00,Active,10000.0,,XHKG,CS,01026,01026_01.XHKG,,"09:31-12:00,13:01-16:00",2026-05-21,20260420,20260521,False
1619,02182.XHKG,160320.0,TIAN CHANG GP,TCJT,MainBoard,天长集团,2018-03-08,0000-00-00,Active,4000.0,,XHKG,CS,02182,02182_01.XHKG,,"09:31-12:00,13:01-16:00",2026-05-21,20260420,20260521,False
1620,01172.XHKG,159980.0,MAGNUSCONCORDIA,RTJT,MainBoard,融太集团,1996-06-12,0000-00-00,Active,20000.0,,XHKG,CS,01172,01172_01.XHKG,,"09:31-12:00,13:01-16:00",2026-05-21,20260420,20260521,False
1621,01577.XHKG,159640.0,HUIXIN CREDIT,HXXD,MainBoard,汇鑫小贷,2016-09-30,0000-00-00,Active,2000.0,,XHKG,CS,01577,01577_01.XHKG,,"09:31-12:00,13:01-16:00",2026-05-21,20260420,20260521,False
1622,08367.XHKG,158860.0,SIMPLICITY HLDG,QBKG,GEM,倩碧控股,2018-02-26,0000-00-00,Active,10000.0,,XHKG,CS,08367,08367_01.XHKG,,"09:31-12:00,13:01-16:00",2026-05-21,20260420,20260521,False
1623,00676.XHKG,158540.0,PEGASUS INT'L,CXGJ,MainBoard,创信国际,1996-10-11,0000-00-00,Active,2000.0,,XHKG,CS,00676,00676_01.XHKG,,"09:31-12:00,13:01-16:00",2026-05-21,20260420,20260521,False
1624,01629.XHKG,156556.0,CHAMP ALLI INTL,GJGJKG,MainBoard,冠均国际控股,2016-11-25,0000-00-00,Active,4000.0,,XHKG,CS,01629,01629_01.XHKG,,"09:31-12:00,13:01-16:00",2026-05-21,20260420,20260521,False
1625,08020.XHKG,156200.0,UNITAS HOLD,HHKGJT,GEM,宏海控股集团,2011-10-12,0000-00-00,Active,10000.0,,XHKG,CS,08020,08020_02.XHKG,,"09:31-12:00,13:01-16:00",2026-05-21,20260420,20260521,False
1626,08013.XHKG,153380.0,ECI TECH,ECITECH,GEM,ECITECH,2017-03-10,0000-00-00,Active,20000.0,,XHKG,CS,08013,08013_02.XHKG,,"09:31-12:00,13:01-16:00",2026-05-21,20260420,20260521,False
1627,01701.XHKG,152848.0,TU YI HLDG,TYKG,MainBoard,途屹控股,2019-06-28,0000-00-00,Active,4000.0,,XHKG,CS,01701,01701_01.XHKG,,"09:31-12:00,13:01-16:00",2026-05-21,20260420,20260521,False
1628,03889.XHKG,151880.0,GLOBAL CORN GP,DCYMJT,MainBoard,大成玉米集团,2007-09-20,0000-00-00,Active,2000.0,,XHKG,CS,03889,03889_01.XHKG,,"09:31-12:00,13:01-16:00",2026-05-21,20260420,20260521,False
1629,08385.XHKG,150540.0,PROSPEROUSPRINT,WLYS,GEM,万里印刷,2017-12-13,0000-00-00,Active,10000.0,,XHKG,CS,08385,08385_01.XHKG,,"09:31-12:00,13:01-16:00",2026-05-21,20260420,20260521,False
1630,00253.XHKG,148948.0,SHUNHO HOLDINGS,SHKG,MainBoard,顺豪控股,1980-10-13,0000-00-00,Active,2000.0,,XHKG,CS,00253,00253_01.XHKG,,"09:31-12:00,13:01-16:00",2026-05-21,20260420,20260521,False
1631,08451.XHKG,148170.0,SUNLIGHT HLDGS,RGKG,GEM,日光控股,2018-04-16,0000-00-00,Active,10000.0,,XHKG,CS,08451,08451_01.XHKG,,"09:31-12:00,13:01-16:00",2026-05-21,20260420,20260521,False
1632,08203.XHKG,144238.0,KAISUN HOLDINGS,KSKG,GEM,凯顺控股,2004-01-20,0000-00-00,Active,10000.0,,XHKG,CS,08203,08203_01.XHKG,,"09:31-12:00,13:01-16:00",2026-05-21,20260420,20260521,False
1633,01561.XHKG,143264.0,PAN ASIA DATA H,LYZNKG,MainBoard,联洋智能控股,2015-12-01,0000-00-00,Active,4000.0,,XHKG,CS,01561,01561_01.XHKG,,"09:31-12:00,13:01-16:00",2026-05-21,20260420,20260521,False
1634,00312.XHKG,140882.0,SHIRBLE STORE,SBBH,MainBoard,岁宝百货,2010-11-17,0000-00-00,Active,2000.0,,XHKG,CS,00312,00312_02.XHKG,,"09:31-12:00,13:01-16:00",2026-05-21,20260420,20260521,False
1635,08205.XHKG,140096.0,JIAODA WITHUB,JDHG,GEM,交大慧谷,2002-07-31,0000-00-00,Active,4000.0,,XHKG,CS,08205,08205_01.XHKG,,"09:31-12:00,13:01-16:00",2026-05-21,20260420,20260521,False
1636,00599.XHKG,139244.0,E. BON HOLDINGS,YBHKG,MainBoard,怡邦行控股,2000-04-12,0000-00-00,Active,16000.0,,XHKG,CS,00599,00599_01.XHKG,,"09:31-12:00,13:01-16:00",2026-05-21,20260420,20260521,False
1637,08452.XHKG,136250.0,FY FINANCIAL,FYRZGF,GEM,富银融资股份,2017-05-23,0000-00-00,Active,2000.0,,XHKG,CS,08452,08452_01.XHKG,,"09:31-12:00,13:01-16:00",2026-05-21,20260420,20260521,False
1638,08249.XHKG,135395.0,RUIYUAN IC TECH,RYZK,GEM,瑞远智控,2003-11-14,0000-00-00,Active,5000.0,,XHKG,CS,08249,08249_01.XHKG,,"09:31-12:00,13:01-16:00",2026-05-21,20260420,20260521,False
1639,01758.XHKG,134798.0,BOJUN EDU,BJJY,MainBoard,博骏教育,2018-07-31,0000-00-00,Active,2000.0,,XHKG,CS,01758,01758_01.XHKG,,"09:31-12:00,13:01-16:00",2026-05-21,20260420,20260521,False
1640,00202.XHKG,134036.0,EVERCHINA INT'L,RZGJKG,MainBoard,润中国际控股,2000-08-31,0000-00-00,Active,5000.0,,XHKG,CS,00202,00202_01.XHKG,,"09:31-12:00,13:01-16:00",2026-05-21,20260420,20260521,False
1641,08420.XHKG,133930.0,NEXION TECH,NEXIONTECH,GEM,NEXIONTECH,2017-06-16,0000-00-00,Active,5000.0,,XHKG,CS,08420,08420_01.XHKG,,"09:31-12:00,13:01-16:00",2026-05-21,20260420,20260521,False
1642,00413.XHKG,129768.0,SC HOLDINGS,NHJTKG,MainBoard,南华集团控股,1987-06-16,0000-00-00,Active,8000.0,,XHKG,CS,00413,00413_01.XHKG,,"09:31-12:00,13:01-16:00",2026-05-21,20260420,20260521,False
1643,00926.XHKG,128704.0,BESUNYEN,BSY,MainBoard,碧生源,2010-09-29,0000-00-00,Active,1000.0,,XHKG,CS,00926,00926_02.XHKG,,"09:31-12:00,13:01-16:00",2026-05-21,20260420,20260521,False
1644,00060.XHKG,128570.0,HK FOOD INV,XGSPTZ,MainBoard,香港食品投资,1992-12-16,0000-00-00,Active,2000.0,,XHKG,CS,00060,00060_01.XHKG,,"09:31-12:00,13:01-16:00",2026-05-21,20260420,20260521,False
1645,00063.XHKG,127788.0,CHI ASIA VALLEY,ZYXGJT,MainBoard,中亚烯谷集团,1986-02-26,0000-00-00,Active,1000.0,,XHKG,CS,00063,00063_01.XHKG,,"09:31-12:00,13:01-16:00",2026-05-21,20260420,20260521,False
1646,00214.XHKG,127049.0,ASIA ORIENT,HHKG,MainBoard,汇汉控股,1986-01-06,0000-00-00,Active,2000.0,,XHKG,CS,00214,00214_01.XHKG,,"09:31-12:00,13:01-16:00",2026-05-21,20260420,20260521,False
1647,08241.XHKG,126670.0,YING KEE TEA,YJCZJT,GEM,英记茶庄集团,2018-04-16,0000-00-00,Active,5000.0,,XHKG,CS,08241,08241_02.XHKG,,"09:31-12:00,13:01-16:00",2026-05-21,20260420,20260521,False
1648,00572.XHKG,123759.0,FW HOLDINGS,WLSJKG,MainBoard,未来世界控股,2003-07-02,0000-00-00,Active,4000.0,,XHKG,CS,00572,00572_01.XHKG,,"09:31-12:00,13:01-16:00",2026-05-21,20260420,20260521,False
1649,08392.XHKG,122800.0,SATU HOLDINGS,STKG,GEM,舍图控股,2017-10-16,0000-00-00,Active,10000.0,,XHKG,CS,08392,08392_01.XHKG,,"09:31-12:00,13:01-16:00",2026-05-21,20260420,20260521,False
1650,00924.XHKG,120096.0,KHOON GROUP,KJT,MainBoard,坤集团,2019-07-05,0000-00-00,Active,8000.0,,XHKG,CS,00924,00924_01.XHKG,,"09:31-12:00,13:01-16:00",2026-05-21,20260420,20260521,False
1651,03728.XHKG,118020.0,CHING LEE,ZLKG,MainBoard,正利控股,2017-09-18,0000-00-00,Active,20000.0,,XHKG,CS,03728,03728_01.XHKG,,"09:31-12:00,13:01-16:00",2026-05-21,20260420,20260521,False
1652,01587.XHKG,118000.0,SHINEROAD INTL,XRGJ,MainBoard,欣融国际,2018-06-27,0000-00-00,Active,4000.0,,XHKG,CS,01587,01587_01.XHKG,,"09:31-12:00,13:01-16:00",2026-05-21,20260420,20260521,False
1653,06093.XHKG,116760.0,HEVOL SERVICES,HHFW,MainBoard,和泓服务,2019-07-12,0000-00-00,Active,2000.0,,XHKG,CS,06093,06093_01.XHKG,,"09:31-12:00,13:01-16:00",2026-05-21,20260420,20260521,False
1654,00122.XHKG,116386.0,CROCODILE,EYX,MainBoard,鳄鱼恤,1971-09-01,0000-00-00,Active,2000.0,,XHKG,CS,00122,00122_01.XHKG,,"09:31-12:00,13:01-16:00",2026-05-21,20260420,20260521,False
1655,03963.XHKG,115467.0,RONGZHONG FIN,RZJR,MainBoard,融众金融,2016-01-28,0000-00-00,Active,10000.0,,XHKG,CS,03963,03963_01.XHKG,,"09:31-12:00,13:01-16:00",2026-05-21,20260420,20260521,False
1656,09677.XHKG,112750.0,WEIHAI BANK,WHYH,MainBoard,威海银行,2020-10-12,0000-00-00,Active,1000.0,,XHKG,CS,09677,09677_01.XHKG,,"09:31-12:00,13:01-16:00",2026-05-21,20260420,20260521,False
1657,00770.XHKG,112456.0,SHANGHAI GROWTH,SHANGHAIGROWTH,MainBoard,SHANGHAIGROWTH,1993-11-30,0000-00-00,Active,1000.0,,XHKG,CS,00770,00770_01.XHKG,,"09:31-12:00,13:01-16:00",2026-05-21,20260420,20260521,False
1658,08311.XHKG,109320.0,PERFECT OPT,YMGD,GEM,圆美光电,2014-02-07,0000-00-00,Active,10000.0,,XHKG,CS,08311,08311_01.XHKG,,"09:31-12:00,13:01-16:00",2026-05-21,20260420,20260521,False
1659,00557.XHKG,108930.0,TIANYUAN HEALTH,TYYL,MainBoard,天元医疗,1989-12-29,0000-00-00,Active,2000.0,,XHKG,CS,00557,00557_01.XHKG,,"09:31-12:00,13:01-16:00",2026-05-21,20260420,20260521,False
1660,01632.XHKG,107776.0,MSCTECH,MSCK,MainBoard,民商创科,2016-11-29,0000-00-00,Active,2000.0,,XHKG,CS,01632,01632_01.XHKG,,"09:31-12:00,13:01-16:00",2026-05-21,20260420,20260521,False
1661,01560.XHKG,106900.0,STAR GROUP ASIA,XXJT,MainBoard,星星集团,2016-07-13,0000-00-00,Active,2000.0,,XHKG,CS,01560,01560_01.XHKG,,"09:31-12:00,13:01-16:00",2026-05-21,20260420,20260521,False
1662,00186.XHKG,106890.0,NIMBLE HOLDINGS,MJKG,MainBoard,敏捷控股,1987-07-09,0000-00-00,Active,30000.0,,XHKG,CS,00186,00186_01.XHKG,,"09:31-12:00,13:01-16:00",2026-05-21,20260420,20260521,False
1663,02205.XHKG,105640.0,KANGQIAO SER,KQYSH,MainBoard,康桥悦生活,2021-07-16,0000-00-00,Active,1000.0,,XHKG,CS,02205,02205_01.XHKG,,"09:31-12:00,13:01-16:00",2026-05-21,20260420,20260521,False
1664,01395.XHKG,103810.0,ELL ENV,QTHB,MainBoard,强泰环保,2014-09-26,0000-00-00,Active,5000.0,,XHKG,CS,01395,01395_01.XHKG,,"09:31-12:00,13:01-16:00",2026-05-21,20260420,20260521,False
1665,08291.XHKG,103606.0,HK ENT INTL,GYGJ,GEM,港娱国际,2017-07-18,0000-00-00,Active,10000.0,,XHKG,CS,08291,08291_02.XHKG,,"09:31-12:00,13:01-16:00",2026-05-21,20260420,20260521,False
1666,08139.XHKG,103545.0,CHANGAN RH,CARH,GEM,长安仁恒,2015-01-16,0000-00-00,Active,500.0,,XHKG,CS,08139,08139_02.XHKG,,"09:31-12:00,13:01-16:00",2026-05-21,20260420,20260521,False
1667,01221.XHKG,102766.0,SINO HOTELS,SINOHOTELS,MainBoard,SINOHOTELS,1995-03-08,0000-00-00,Active,2000.0,,XHKG,CS,01221,01221_01.XHKG,,"09:31-12:00,13:01-16:00",2026-05-21,20260420,20260521,False
1668,00115.XHKG,101573.0,GRAND FIELD GP,JHJT,MainBoard,钧濠集团,1999-10-13,0000-00-00,Active,2000.0,,XHKG,CS,00115,00115_01.XHKG,,"09:31-12:00,13:01-16:00",2026-05-21,20260420,20260521,False
1669,08019.XHKG,100664.0,HAO WEN HLDGS,HWKG,GEM,皓文控股,2001-07-20,0000-00-00,Active,20000.0,,XHKG,CS,08019,08019_01.XHKG,,"09:31-12:00,13:01-16:00",2026-05-21,20260420,20260521,False
1670,00093.XHKG,99430.0,ZERO FINTECH,LZKJJR,MainBoard,零在科技金融,1991-10-23,0000-00-00,Active,2000.0,,XHKG,CS,00093,00093_01.XHKG,,"09:31-12:00,13:01-16:00",2026-05-21,20260420,20260521,False
1671,00096.XHKG,99240.0,YUSEI,YUSEI,MainBoard,YUSEI,2010-12-15,0000-00-00,Active,2000.0,,XHKG,CS,00096,00096_02.XHKG,,"09:31-12:00,13:01-16:00",2026-05-21,20260420,20260521,False
1672,00333.XHKG,97163.0,TOP FORM INT'L,DLSGJ,MainBoard,黛丽斯国际,1991-12-16,0000-00-00,Active,2000.0,,XHKG,CS,00333,00333_01.XHKG,,"09:31-12:00,13:01-16:00",2026-05-21,20260420,20260521,False
1673,02320.XHKG,96200.0,HOP FUNG GROUP,HFJT,MainBoard,合丰集团,2003-09-24,0000-00-00,Active,2000.0,,XHKG,CS,02320,02320_01.XHKG,,"09:31-12:00,13:01-16:00",2026-05-21,20260420,20260521,False
1674,06911.XHKG,95928.0,LANCANG TEA,LCGC,MainBoard,澜沧古茶,2023-12-22,0000-00-00,Active,200.0,,XHKG,CS,06911,06911_01.XHKG,,"09:31-12:00,13:01-16:00",2026-05-21,20260420,20260521,False
1675,00602.XHKG,93763.0,JIAHUA STORES H,JHBHKG,MainBoard,佳华百货控股,2007-05-21,0000-00-00,Active,2500.0,,XHKG,CS,00602,00602_01.XHKG,,"09:31-12:00,13:01-16:00",2026-05-21,20260420,20260521,False
1676,01198.XHKG,92606.0,ROYALE HOME,HCJJ,MainBoard,皇朝家居,2002-05-15,0000-00-00,Active,2000.0,,XHKG,CS,01198,01198_01.XHKG,,"09:31-12:00,13:01-16:00",2026-05-21,20260420,20260521,False
1677,00859.XHKG,92536.0,ZHONGCHANG INTL,ZCGJKG,MainBoard,中昌国际控股,2000-06-15,0000-00-00,Active,2000.0,,XHKG,CS,00859,00859_01.XHKG,,"09:31-12:00,13:01-16:00",2026-05-21,20260420,20260521,False
1678,08495.XHKG,92120.0,1957 & CO.,1957CO,GEM,1957&CO.,2017-12-05,0000-00-00,Active,4000.0,,XHKG,CS,08495,08495_01.XHKG,,"09:31-12:00,13:01-16:00",2026-05-21,20260420,20260521,False
1679,08429.XHKG,91770.0,SV VISION,HMLL,GEM,华美乐乐,2017-12-08,0000-00-00,Active,5000.0,,XHKG,CS,08429,08429_01.XHKG,,"09:31-12:00,13:01-16:00",2026-05-21,20260420,20260521,False
1680,02258.XHKG,91258.0,WATTS INT'L,HZGJHY,MainBoard,华滋国际海洋,2018-11-19,0000-00-00,Active,2000.0,,XHKG,CS,02258,02258_01.XHKG,,"09:31-12:00,13:01-16:00",2026-05-21,20260420,20260521,False
1681,02496.XHKG,90676.0,YZYBIO-B,YZYSWB,MainBoard,友芝友生物-B,2023-09-25,0000-00-00,Active,200.0,,XHKG,CS,02496,02496_01.XHKG,,"09:31-12:00,13:01-16:00",2026-05-21,20260420,20260521,False
1682,08112.XHKG,86232.0,CORNERSTONE FIN,JSJR,GEM,基石金融,2011-07-28,0000-00-00,Active,24000.0,,XHKG,CS,08112,08112_02.XHKG,,"09:31-12:00,13:01-16:00",2026-05-21,20260420,20260521,False
1683,01827.XHKG,83150.0,MIRICOR,ZJKG,MainBoard,卓珈控股,2019-02-18,0000-00-00,Active,5000.0,,XHKG,CS,01827,01827_01.XHKG,,"09:31-12:00,13:01-16:00",2026-05-21,20260420,20260521,False
1684,01064.XHKG,82353.0,ZHONG HUA INT'L,ZHGJ,MainBoard,中华国际,1997-10-13,0000-00-00,Active,5000.0,,XHKG,CS,01064,01064_01.XHKG,,"09:31-12:00,13:01-16:00",2026-05-21,20260420,20260521,False
1685,01059.XHKG,80517.0,KANTONE HOLDING,KTJT,MainBoard,看通集团,1997-01-23,0000-00-00,Active,3000.0,,XHKG,CS,01059,01059_01.XHKG,,"09:31-12:00,13:01-16:00",2026-05-21,20260420,20260521,False
1686,08098.XHKG,77640.0,CL GROUP,CLKG,GEM,昌利控股,2011-03-08,0000-00-00,Active,10000.0,,XHKG,CS,08098,08098_02.XHKG,,"09:31-12:00,13:01-16:00",2026-05-21,20260420,20260521,False
1687,00927.XHKG,76360.0,FUJIKON IND,FSGSY,MainBoard,富士高实业,2000-04-11,0000-00-00,Active,2000.0,,XHKG,CS,00927,00927_01.XHKG,,"09:31-12:00,13:01-16:00",2026-05-21,20260420,20260521,False
1688,03778.XHKG,74488.0,CHINA WEAVING,ZGZCKG,MainBoard,中国织材控股,2011-12-22,0000-00-00,Active,2000.0,,XHKG,CS,03778,03778_01.XHKG,,"09:31-12:00,13:01-16:00",2026-05-21,20260420,20260521,False
1689,00406.XHKG,73110.0,YAU LEE HOLD,YLJT,MainBoard,有利集团,1991-08-29,0000-00-00,Active,2000.0,,XHKG,CS,00406,00406_01.XHKG,,"09:31-12:00,13:01-16:00",2026-05-21,20260420,20260521,False
1690,00099.XHKG,70450.0,WONG'S INT'L,WSGJ,MainBoard,王氏国际,1983-12-15,0000-00-00,Active,1000.0,,XHKG,CS,00099,00099_01.XHKG,,"09:31-12:00,13:01-16:00",2026-05-21,20260420,20260521,False
1691,00377.XHKG,68510.0,CHINA HUAJUN GP,ZGHJ,MainBoard,中国华君,1993-04-19,0000-00-00,Active,80.0,,XHKG,CS,00377,00377_01.XHKG,,"09:31-12:00,13:01-16:00",2026-05-21,20260420,20260521,False
1692,03688.XHKG,68334.0,TOP SPRING,LMGJ,MainBoard,莱蒙国际,2011-03-23,0000-00-00,Active,500.0,,XHKG,CS,03688,03688_01.XHKG,,"09:31-12:00,13:01-16:00",2026-05-21,20260420,20260521,False
1693,00685.XHKG,67917.0,MEDIA CHINESE,SJHWMT,MainBoard,世界华文媒体,1991-03-22,0000-00-00,Active,1000.0,,XHKG,CS,00685,00685_01.XHKG,,"09:31-12:00,13:01-16:00",2026-05-21,20260420,20260521,False
1694,08296.XHKG,67034.0,SINO-LIFE GROUP,ZGSMJT,GEM,中国生命集团,2009-09-09,0000-00-00,Active,4000.0,,XHKG,CS,08296,08296_01.XHKG,,"09:31-12:00,13:01-16:00",2026-05-21,20260420,20260521,False
1695,00485.XHKG,66034.0,CHINASINOSTAR,ZGHX,MainBoard,中国华星,1988-04-12,0000-00-00,Active,20000.0,,XHKG,CS,00485,00485_01.XHKG,,"09:31-12:00,13:01-16:00",2026-05-21,20260420,20260521,False
1696,00181.XHKG,65260.0,FUJIAN HOLDINGS,MGKG,MainBoard,闽港控股,1973-02-22,0000-00-00,Active,20000.0,,XHKG,CS,00181,00181_01.XHKG,,"09:31-12:00,13:01-16:00",2026-05-21,20260420,20260521,False
1697,00529.XHKG,64020.0,SIS INT'L,SISINTL,MainBoard,SISINT'L,1992-08-18,0000-00-00,Active,2000.0,,XHKG,CS,00529,00529_01.XHKG,,"09:31-12:00,13:01-16:00",2026-05-21,20260420,20260521,False
1698,08348.XHKG,59490.0,BINHAI TEDA,BHTDWL,GEM,滨海泰达物流,2008-04-30,0000-00-00,Active,2000.0,,XHKG,CS,08348,08348_01.XHKG,,"09:31-12:00,13:01-16:00",2026-05-21,20260420,20260521,False
1699,01213.XHKG,57210.0,MOBICON GROUP,WBGJT,MainBoard,万保刚集团,2001-05-07,0000-00-00,Active,2000.0,,XHKG,CS,01213,01213_01.XHKG,,"09:31-12:00,13:01-16:00",2026-05-21,20260420,20260521,False
1700,02286.XHKG,54401.0,CHEN XING,CXFZ,MainBoard,辰兴发展,2015-07-03,0000-00-00,Active,1000.0,,XHKG,CS,02286,02286_01.XHKG,,"09:31-12:00,13:01-16:00",2026-05-21,20260420,20260521,False
1701,00174.XHKG,52972.0,GEMINI INV,SYTZ,MainBoard,盛洋投资,1988-10-05,0000-00-00,Active,2000.0,,XHKG,CS,00174,00174_01.XHKG,,"09:31-12:00,13:01-16:00",2026-05-21,20260420,20260521,False
1702,08526.XHKG,52372.0,WING FUNG GROUP,RFJTYZ,GEM,荣丰集团亚洲,2018-02-27,0000-00-00,Active,10000.0,,XHKG,CS,08526,08526_01.XHKG,,"09:31-12:00,13:01-16:00",2026-05-21,20260420,20260521,False
1703,00224.XHKG,52361.0,PIONEER GLOBAL,JSGJ,MainBoard,建生国际,1970-08-01,0000-00-00,Active,4000.0,,XHKG,CS,00224,00224_01.XHKG,,"09:31-12:00,13:01-16:00",2026-05-21,20260420,20260521,False
1704,02307.XHKG,52076.0,KAM HING INT'L,JXGJKG,MainBoard,锦兴国际控股,2004-09-23,0000-00-00,Active,2000.0,,XHKG,CS,02307,02307_01.XHKG,,"09:31-12:00,13:01-16:00",2026-05-21,20260420,20260521,False
1705,00079.XHKG,50426.0,CENTURY LEGEND,SJJY,MainBoard,世纪建业,1993-07-08,0000-00-00,Active,4000.0,,XHKG,CS,00079,00079_01.XHKG,,"09:31-12:00,13:01-16:00",2026-05-21,20260420,20260521,False
1706,00997.XHKG,49830.0,CHINLINK INTL,PHZJGJ,MainBoard,普汇中金国际,2000-03-10,0000-00-00,Active,8000.0,,XHKG,CS,00997,00997_01.XHKG,,"09:31-12:00,13:01-16:00",2026-05-21,20260420,20260521,False
1707,01160.XHKG,49500.0,GOLDSTONE CAP,JSZBJT,MainBoard,金石资本集团,2004-04-02,0000-00-00,Active,100000.0,,XHKG,CS,01160,01160_01.XHKG,,"09:31-12:00,13:01-16:00",2026-05-21,20260420,20260521,False
1708,08218.XHKG,48602.0,ECHO INT HOLD,YGGJKG,GEM,毅高国际控股,2013-10-11,0000-00-00,Active,12000.0,,XHKG,CS,08218,08218_01.XHKG,,"09:31-12:00,13:01-16:00",2026-05-21,20260420,20260521,False
1709,08307.XHKG,48332.0,MEDICSKIN,MDSJ,GEM,密迪斯肌,2014-12-18,0000-00-00,Active,4000.0,,XHKG,CS,08307,08307_01.XHKG,,"09:31-12:00,13:01-16:00",2026-05-21,20260420,20260521,False
1710,01542.XHKG,47680.0,TAIZHOU WATER,TZSW,MainBoard,台州水务,2019-12-31,0000-00-00,Active,1000.0,,XHKG,CS,01542,01542_01.XHKG,,"09:31-12:00,13:01-16:00",2026-05-21,20260420,20260521,False
1711,00483.XHKG,47150.0,BAUHAUS INT'L,BHSGJ,MainBoard,包浩斯国际,2005-05-12,0000-00-00,Active,2000.0,,XHKG,CS,00483,00483_01.XHKG,,"09:31-12:00,13:01-16:00",2026-05-21,20260420,20260521,False
1712,08419.XHKG,46105.0,AV PROMOTIONS,AVCHTG,GEM,AV策划推广,2017-12-21,0000-00-00,Active,5000.0,,XHKG,CS,08419,08419_01.XHKG,,"09:31-12:00,13:01-16:00",2026-05-21,20260420,20260521,False
1713,00455.XHKG,44454.0,TIANDA PHARMA,TDYY,MainBoard,天大药业,1992-03-30,0000-00-00,Active,2000.0,,XHKG,CS,00455,00455_01.XHKG,,"09:31-12:00,13:01-16:00",2026-05-21,20260420,20260521,False
1714,00075.XHKG,44320.0,Y.T. REALTY,YTDC,MainBoard,渝太地产,1984-11-12,0000-00-00,Active,2000.0,,XHKG,CS,00075,00075_01.XHKG,,"09:31-12:00,13:01-16:00",2026-05-21,20260420,20260521,False
1715,01231.XHKG,43327.0,NEWTON RES,XKZY,MainBoard,新矿资源,2011-07-04,0000-00-00,Active,2000.0,,XHKG,CS,01231,01231_01.XHKG,,"09:31-12:00,13:01-16:00",2026-05-21,20260420,20260521,False
1716,08317.XHKG,42453.0,FINET GROUP,CHSJT,GEM,财华社集团,2005-01-07,0000-00-00,Active,2000.0,,XHKG,CS,08317,08317_01.XHKG,,"09:31-12:00,13:01-16:00",2026-05-21,20260420,20260521,False
1717,08337.XHKG,41538.0,DIRECTEL,ZTDX,GEM,直通电讯,2010-06-02,0000-00-00,Active,10000.0,,XHKG,CS,08337,08337_01.XHKG,,"09:31-12:00,13:01-16:00",2026-05-21,20260420,20260521,False
1718,00794.XHKG,41060.0,COME SURE GROUP,JSJTKG,MainBoard,锦胜集团(控股),2009-02-26,0000-00-00,Active,2000.0,,XHKG,CS,00794,00794_01.XHKG,,"09:31-12:00,13:01-16:00",2026-05-21,20260420,20260521,False
1719,01379.XHKG,40950.0,WENLING MCT,WLGLRJ,MainBoard,温岭工量刃具,2020-12-30,0000-00-00,Active,500.0,,XHKG,CS,01379,01379_01.XHKG,,"09:31-12:00,13:01-16:00",2026-05-21,20260420,20260521,False
1720,00733.XHKG,40862.0,HOPEFLUENT,HFHH,MainBoard,合富辉煌,2004-07-15,0000-00-00,Active,2000.0,,XHKG,CS,00733,00733_01.XHKG,,"09:31-12:00,13:01-16:00",2026-05-21,20260420,20260521,False
1721,00251.XHKG,39600.0,SEA HOLDINGS,ZWKG,MainBoard,爪哇控股,1973-10-03,0000-00-00,Active,2000.0,,XHKG,CS,00251,00251_01.XHKG,,"09:31-12:00,13:01-16:00",2026-05-21,20260420,20260521,False
1722,02892.XHKG,39380.0,MILLION CITIES,WCKG,MainBoard,万城控股,2018-12-20,0000-00-00,Active,2000.0,,XHKG,CS,02892,02892_01.XHKG,,"09:31-12:00,13:01-16:00",2026-05-21,20260420,20260521,False
1723,00657.XHKG,37828.0,G-VISION INT'L,HKGJ,MainBoard,环科国际,1992-10-30,0000-00-00,Active,2000.0,,XHKG,CS,00657,00657_01.XHKG,,"09:31-12:00,13:01-16:00",2026-05-21,20260420,20260521,False
1724,02608.XHKG,37390.0,SUNSHINE 100,YG100ZG,MainBoard,阳光100中国,2014-03-13,0000-00-00,Active,1000.0,,XHKG,CS,02608,02608_01.XHKG,,"09:31-12:00,13:01-16:00",2026-05-21,20260420,20260521,False
1725,08313.XHKG,35670.0,ZACD,JDJT,GEM,杰地集团,2018-01-16,0000-00-00,Active,10000.0,,XHKG,CS,08313,08313_02.XHKG,,"09:31-12:00,13:01-16:00",2026-05-21,20260420,20260521,False
1726,06816.XHKG,35572.0,PROSPER CONS,RGJS,MainBoard,瑞港建设,2016-07-20,0000-00-00,Active,2000.0,,XHKG,CS,06816,06816_01.XHKG,,"09:31-12:00,13:01-16:00",2026-05-21,20260420,20260521,False
1727,08331.XHKG,34300.0,P.B. GROUP,BBJT,GEM,倍搏集团,2015-12-29,0000-00-00,Active,10000.0,,XHKG,CS,08331,08331_02.XHKG,,"09:31-12:00,13:01-16:00",2026-05-21,20260420,20260521,False
1728,00907.XHKG,33700.0,ELEGANCEOPTICAL,GYGX,MainBoard,高雅光学,1996-04-11,0000-00-00,Active,20000.0,,XHKG,CS,00907,00907_01.XHKG,,"09:31-12:00,13:01-16:00",2026-05-21,20260420,20260521,False
1729,08309.XHKG,31990.0,MANSHING GLOBAL,WCHQKG,GEM,万成环球控股,2017-04-13,0000-00-00,Active,10000.0,,XHKG,CS,08309,08309_02.XHKG,,"09:31-12:00,13:01-16:00",2026-05-21,20260420,20260521,False
1730,08426.XHKG,27600.0,MODERN LIVING,YJTZKG,GEM,雅居投资控股,2017-11-10,0000-00-00,Active,10000.0,,XHKG,CS,08426,08426_01.XHKG,,"09:31-12:00,13:01-16:00",2026-05-21,20260420,20260521,False
1731,00269.XHKG,26100.0,CRTG,ZGZYJT,MainBoard,中国资源交通,1973-03-19,0000-00-00,Active,5000.0,,XHKG,CS,00269,00269_01.XHKG,,"09:31-12:00,13:01-16:00",2026-05-21,20260420,20260521,False
1732,00372.XHKG,24090.0,PT INTL DEV,BDGJFZ,MainBoard,保德国际发展,1992-02-13,0000-00-00,Active,30000.0,,XHKG,CS,00372,00372_01.XHKG,,"09:31-12:00,13:01-16:00",2026-05-21,20260420,20260521,False
1733,08366.XHKG,22000.0,ZJ UNITED INV,ZJLHTZ,GEM,浙江联合投资,2015-11-02,0000-00-00,Active,10000.0,,XHKG,CS,08366,08366_01.XHKG,,"09:31-12:00,13:01-16:00",2026-05-21,20260420,20260521,False
1734,08076.XHKG,18905.0,SING LEE,XLRJ,GEM,新利软件,2001-09-05,0000-00-00,Active,5000.0,,XHKG,CS,08076,08076_01.XHKG,,"09:31-12:00,13:01-16:00",2026-05-21,20260420,20260521,False
1735,06661.XHKG,18715.0,HUZHOU GAS,HZRQ,MainBoard,湖州燃气,2022-07-13,0000-00-00,Active,500.0,,XHKG,CS,06661,06661_01.XHKG,,"09:31-12:00,13:01-16:00",2026-05-21,20260420,20260521,False
1736,08210.XHKG,18440.0,DLC ASIA,YHYZ,GEM,衍汇亚洲,2018-08-27,0000-00-00,Active,10000.0,,XHKG,CS,08210,08210_02.XHKG,,"09:31-12:00,13:01-16:00",2026-05-21,20260420,20260521,False
1737,08100.XHKG,17698.0,FAMOUS TECH INT,MKGJ,GEM,名科国际,2001-12-31,0000-00-00,Active,6000.0,,XHKG,CS,08100,08100_01.XHKG,,"09:31-12:00,13:01-16:00",2026-05-21,20260420,20260521,False
1738,08445.XHKG,15550.0,NOBLE ENG GP,YKTGCJT,GEM,怡康泰工程集团,2017-09-29,0000-00-00,Active,10000.0,,XHKG,CS,08445,08445_01.XHKG,,"09:31-12:00,13:01-16:00",2026-05-21,20260420,20260521,False
1739,00674.XHKG,14296.0,CHINA TANGSHANG,ZGTS,MainBoard,中国唐商,1991-01-25,0000-00-00,Active,4000.0,,XHKG,CS,00674,00674_01.XHKG,,"09:31-12:00,13:01-16:00",2026-05-21,20260420,20260521,False
1740,00180.XHKG,13722.0,KADER HOLDINGS,KDJT,MainBoard,开达集团,1985-05-24,0000-00-00,Active,2000.0,,XHKG,CS,00180,00180_01.XHKG,,"09:31-12:00,13:01-16:00",2026-05-21,20260420,20260521,False
1741,08181.XHKG,12401.0,KS SMART MGMT,GSZNGL,GEM,港深智能管理,2013-10-11,0000-00-00,Active,8000.0,,XHKG,CS,08181,08181_01.XHKG,,"09:31-12:00,13:01-16:00",2026-05-21,20260420,20260521,False
1742,02352.XHKG,10800.0,DOWELL SERVICE,DYRZFW,MainBoard,东原仁知服务,2022-04-29,0000-00-00,Active,200.0,,XHKG,CS,02352,02352_01.XHKG,,"09:31-12:00,13:01-16:00",2026-05-21,20260420,20260521,False
1743,08067.XHKG,10615.0,OUC HOLDINGS,DFDXCKG,GEM,东方大学城控股,2015-01-16,0000-00-00,Active,1000.0,,XHKG,CS,08067,08067_02.XHKG,,"09:31-12:00,13:01-16:00",2026-05-21,20260420,20260521,False
1744,08161.XHKG,10200.0,MEDINET GROUP,YHJT,GEM,医汇集团,2016-05-31,0000-00-00,Active,4000.0,,XHKG,CS,08161,08161_02.XHKG,,"09:31-12:00,13:01-16:00",2026-05-21,20260420,20260521,False
1745,00374.XHKG,10020.0,FOUR SEAS MER,SZJT,MainBoard,四洲集团,1993-08-25,0000-00-00,Active,2000.0,,XHKG,CS,00374,00374_01.XHKG,,"09:31-12:00,13:01-16:00",2026-05-21,20260420,20260521,False
1746,08277.XHKG,8482.0,STEEDORIENTAL,JDKG,GEM,骏东控股,2015-02-23,0000-00-00,Active,2000.0,,XHKG,CS,08277,08277_02.XHKG,,"09:31-12:00,13:01-16:00",2026-05-21,20260420,20260521,False
1747,01702.XHKG,7960.0,DONGGUANG CHEM,DGHG,MainBoard,东光化工,2017-07-11,0000-00-00,Active,4000.0,,XHKG,CS,01702,01702_01.XHKG,,"09:31-12:00,13:01-16:00",2026-05-21,20260420,20260521,False
1748,08060.XHKG,7390.0,GLOBAL LINK,GLTX,GEM,国联通信,2002-11-13,0000-00-00,Active,10000.0,,XHKG,CS,08060,08060_01.XHKG,,"09:31-12:00,13:01-16:00",2026-05-21,20260420,20260521,False
1749,00252.XHKG,6400.0,SE ASIA PPT,HXDCCW,MainBoard,华信地产财务,1973-03-01,0000-00-00,Active,2000.0,,XHKG,CS,00252,00252_01.XHKG,,"09:31-12:00,13:01-16:00",2026-05-21,20260420,20260521,False
1750,08310.XHKG,5300.0,YANCHENG PORT,YCG,GEM,盐城港,2013-08-22,0000-00-00,Active,10000.0,,XHKG,CS,08310,08310_02.XHKG,,"09:31-12:00,13:01-16:00",2026-05-21,20260420,20260521,False
1751,08481.XHKG,3850.0,SHENGLONG INTL,SLJXGJ,GEM,盛龙锦秀国际,2017-07-17,0000-00-00,Active,5000.0,,XHKG,CS,08481,08481_01.XHKG,,"09:31-12:00,13:01-16:00",2026-05-21,20260420,20260521,False
1752,01845.XHKG,2151.0,WG ENV TECH,WGHBKJ,MainBoard,维港环保科技,2019-01-03,0000-00-00,Active,3000.0,,XHKG,CS,01845,01845_01.XHKG,,"09:31-12:00,13:01-16:00",2026-05-21,20260420,20260521,False
1753,00864.XHKG,860.0,WING LEE PPT,YLDCFZ,MainBoard,永利地产发展,2013-03-19,0000-00-00,Active,4000.0,,XHKG,CS,00864,00864_01.XHKG,,"09:31-12:00,13:01-16:00",2026-05-21,20260420,20260521,False
1754,00007.XHKG,0.0,WISDOM WEALTH,ZFZYTZ,MainBoard,智富资源投资,2000-09-08,0000-00-00,Active,10000.0,,XHKG,CS,00007,00007_01.XHKG,,"09:31-12:00,13:01-16:00",2026-05-21,20260420,20260521,False
1755,00033.XHKG,0.0,INTL GENIUS,INTLGENIUS,MainBoard,INTLGENIUS,2007-11-19,0000-00-00,Active,2000.0,,XHKG,CS,00033,00033_02.XHKG,,"09:31-12:00,13:01-16:00",2026-05-21,20260420,20260521,False
1756,00036.XHKG,0.0,FE HLDGS INTL,YDKGGJ,MainBoard,远东控股国际,1973-02-12,0000-00-00,Active,6000.0,,XHKG,CS,00036,00036_01.XHKG,,"09:31-12:00,13:01-16:00",2026-05-21,20260420,20260521,False
1757,00039.XHKG,0.0,CH BEIDAHUANG,ZGBDH,MainBoard,中国北大荒,2001-01-16,0000-00-00,Active,8000.0,,XHKG,CS,00039,00039_01.XHKG,,"09:31-12:00,13:01-16:00",2026-05-21,20260420,20260521,False
1758,00106.XHKG,0.0,LANDSEA MGMT,LSLSGL,MainBoard,朗诗绿色管理,1986-03-24,0000-00-00,Active,4000.0,,XHKG,CS,00106,00106_01.XHKG,,"09:31-12:00,13:01-16:00",2026-05-21,20260420,20260521,False
1759,00176.XHKG,0.0,SUPERACTIVE GP,XJQYJT,MainBoard,先机企业集团,1994-04-28,0000-00-00,Active,2000.0,,XHKG,CS,00176,00176_01.XHKG,,"09:31-12:00,13:01-16:00",2026-05-21,20260420,20260521,False
1760,00195.XHKG,0.0,GREENTECH INTL,LKKJGJ,MainBoard,绿科科技国际,2008-11-12,0000-00-00,Active,2000.0,,XHKG,CS,00195,00195_01.XHKG,,"09:31-12:00,13:01-16:00",2026-05-21,20260420,20260521,False
1761,00247.XHKG,0.0,TST PROPERTIES,TSTPROPERTIES,MainBoard,TSTPROPERTIES,1972-07-20,0000-00-00,Active,2000.0,,XHKG,CS,00247,00247_01.XHKG,,"09:31-12:00,13:01-16:00",2026-05-21,20260420,20260521,False
1762,00274.XHKG,0.0,RA SILK ROAD,FXYZ,MainBoard,复兴亚洲,2000-12-18,0000-00-00,Active,10000.0,,XHKG,CS,00274,00274_01.XHKG,,"09:31-12:00,13:01-16:00",2026-05-21,20260420,20260521,False
1763,00277.XHKG,0.0,TERN PROPERTIES,TXZY,MainBoard,太兴置业,1989-01-04,0000-00-00,Active,2000.0,,XHKG,CS,00277,00277_01.XHKG,,"09:31-12:00,13:01-16:00",2026-05-21,20260420,20260521,False
1764,00286.XHKG,0.0,AIDIGONG,ADG,MainBoard,爱帝宫,1990-09-07,0000-00-00,Active,2000.0,,XHKG,CS,00286,00286_01.XHKG,,"09:31-12:00,13:01-16:00",2026-05-21,20260420,20260521,False
1765,00287.XHKG,0.0,WINFAIR INV,YFZY,MainBoard,永发置业,1973-03-15,0000-00-00,Active,2000.0,,XHKG,CS,00287,00287_01.XHKG,,"09:31-12:00,13:01-16:00",2026-05-21,20260420,20260521,False
1766,00299.XHKG,0.0,GLORY SUN LAND,BXZD,MainBoard,宝新置地,2004-04-30,0000-00-00,Active,5000.0,,XHKG,CS,00299,00299_01.XHKG,,"09:31-12:00,13:01-16:00",2026-05-21,20260420,20260521,False
1767,00352.XHKG,0.0,FORTUNE SUN,FY,MainBoard,富阳,2006-07-05,0000-00-00,Active,2000.0,,XHKG,CS,00352,00352_01.XHKG,,"09:31-12:00,13:01-16:00",2026-05-21,20260420,20260521,False
1768,00362.XHKG,0.0,C ZENITH CHEM,ZGTHG,MainBoard,中国天化工,2001-05-02,0000-00-00,Active,10000.0,,XHKG,CS,00362,00362_01.XHKG,,"09:31-12:00,13:01-16:00",2026-05-21,20260420,20260521,False
1769,00431.XHKG,0.0,G CHINA FIN,DZHJR,MainBoard,大中华金融,1992-09-16,0000-00-00,Active,4000.0,,XHKG,CS,00431,00431_01.XHKG,,"09:31-12:00,13:01-16:00",2026-05-21,20260420,20260521,False
1770,00444.XHKG,0.0,SINCEREWATCH HK,SINCEREWATCHHK,MainBoard,SINCEREWATCHHK,2005-10-17,0000-00-00,Active,10000.0,,XHKG,CS,00444,00444_01.XHKG,,"09:31-12:00,13:01-16:00",2026-05-21,20260420,20260521,False
1771,00495.XHKG,0.0,PALADIN,PALADIN,MainBoard,PALADIN,1988-07-20,0000-00-00,Active,5000.0,,XHKG,CS,00495,00495_01.XHKG,,"09:31-12:00,13:01-16:00",2026-05-21,20260420,20260521,False
1772,00509.XHKG,0.0,SUNSHINE,SJYG,MainBoard,世纪阳光,2008-08-01,0000-00-00,Active,10000.0,,XHKG,CS,00509,00509_01.XHKG,,"09:31-12:00,13:01-16:00",2026-05-21,20260420,20260521,False
1773,00515.XHKG,0.0,CHINASILVER TEC,ZHYKJ,MainBoard,中华银科技,2006-06-23,0000-00-00,Active,10000.0,,XHKG,CS,00515,00515_01.XHKG,,"09:31-12:00,13:01-16:00",2026-05-21,20260420,20260521,False
1774,00559.XHKG,0.0,DETAI NEWENERGY,DTXNYJT,MainBoard,德泰新能源集团,1997-01-03,0000-00-00,Active,10000.0,,XHKG,CS,00559,00559_01.XHKG,,"09:31-12:00,13:01-16:00",2026-05-21,20260420,20260521,False
1775,00702.XHKG,0.0,SINO OIL & GAS,ZGYQKG,MainBoard,中国油气控股,2000-02-09,0000-00-00,Active,10000.0,,XHKG,CS,00702,00702_01.XHKG,,"09:31-12:00,13:01-16:00",2026-05-21,20260420,20260521,False
1776,00704.XHKG,0.0,HUSCOKE HLDGS,HJKG,MainBoard,和嘉控股,1991-05-27,0000-00-00,Active,5000.0,,XHKG,CS,00704,00704_01.XHKG,,"09:31-12:00,13:01-16:00",2026-05-21,20260420,20260521,False
1777,00707.XHKG,0.0,ATV HOLDINGS,YZDSKG,MainBoard,亚洲电视控股,2006-03-30,0000-00-00,Active,8000.0,,XHKG,CS,00707,00707_01.XHKG,,"09:31-12:00,13:01-16:00",2026-05-21,20260420,20260521,False
1778,00708.XHKG,0.0,EVERG VEHICLE,HDQC,MainBoard,恒大汽车,2008-02-12,0000-00-00,Active,500.0,,XHKG,CS,00708,00708_02.XHKG,,"09:31-12:00,13:01-16:00",2026-05-21,20260420,20260521,False
1779,00724.XHKG,0.0,RUIXIN INT'L,RXGJJT,MainBoard,瑞鑫国际集团,2000-07-03,0000-00-00,Active,10000.0,,XHKG,CS,00724,00724_01.XHKG,,"09:31-12:00,13:01-16:00",2026-05-21,20260420,20260521,False
1780,00769.XHKG,0.0,CHINA RAREEARTH,ZGXT,MainBoard,中国稀土,1999-10-15,0000-00-00,Active,2000.0,,XHKG,CS,00769,00769_01.XHKG,,"09:31-12:00,13:01-16:00",2026-05-21,20260420,20260521,False
1781,00852.XHKG,0.0,STRONG PETRO,HXSYHG,MainBoard,海峡石油化工,2009-01-12,0000-00-00,Active,2000.0,,XHKG,CS,00852,00852_01.XHKG,,"09:31-12:00,13:01-16:00",2026-05-21,20260420,20260521,False
1782,00910.XHKG,0.0,CHINA SANDI,ZGSD,MainBoard,中国三迪,1998-12-01,0000-00-00,Active,6000.0,,XHKG,CS,00910,00910_01.XHKG,,"09:31-12:00,13:01-16:00",2026-05-21,20260420,20260521,False
1783,00959.XHKG,0.0,CENTURY ENT INT,SJYLGJ,MainBoard,世纪娱乐国际,1997-10-03,0000-00-00,Active,10000.0,,XHKG,CS,00959,00959_01.XHKG,,"09:31-12:00,13:01-16:00",2026-05-21,20260420,20260521,False
1784,01007.XHKG,0.0,LONGHUI INTL,LHGJKG,MainBoard,龙辉国际控股,2010-10-28,0000-00-00,Active,4000.0,,XHKG,CS,01007,01007_01.XHKG,,"09:31-12:00,13:01-16:00",2026-05-21,20260420,20260521,False
1785,01101.XHKG,0.0,HUARONG ENERGY,HRNY,MainBoard,华荣能源,2010-11-19,0000-00-00,Active,2000.0,,XHKG,CS,01101,01101_01.XHKG,,"09:31-12:00,13:01-16:00",2026-05-21,20260420,20260521,False
1786,01107.XHKG,0.0,MODERN LAND,DDZY,MainBoard,当代置业,2013-07-12,0000-00-00,Active,2000.0,,XHKG,CS,01107,01107_01.XHKG,,"09:31-12:00,13:01-16:00",2026-05-21,20260420,20260521,False
1787,01220.XHKG,0.0,ZHIDAO INT'L,ZDGJ,MainBoard,志道国际,1997-09-23,0000-00-00,Active,30000.0,,XHKG,CS,01220,01220_01.XHKG,,"09:31-12:00,13:01-16:00",2026-05-21,20260420,20260521,False
1788,01246.XHKG,0.0,BOILLHEALTHCARE,BJJK,MainBoard,保集健康,2013-10-16,0000-00-00,Active,10000.0,,XHKG,CS,01246,01246_01.XHKG,,"09:31-12:00,13:01-16:00",2026-05-21,20260420,20260521,False
1789,01252.XHKG,0.0,CHINA TIANRUI,ZGTRSN,MainBoard,中国天瑞水泥,2011-12-23,0000-00-00,Active,1000.0,,XHKG,CS,01252,01252_01.XHKG,,"09:31-12:00,13:01-16:00",2026-05-21,20260420,20260521,False
1790,01326.XHKG,0.0,TRANSMIT ENT,CDYL,MainBoard,传递娱乐,2015-01-09,0000-00-00,Active,8000.0,,XHKG,CS,01326,01326_01.XHKG,,"09:31-12:00,13:01-16:00",2026-05-21,20260420,20260521,False
1791,01376.XHKG,0.0,RAFFLESINTERIOR,RAFFLESINTERIOR,MainBoard,RAFFLESINTERIOR,2020-05-07,0000-00-00,Active,8000.0,,XHKG,CS,01376,01376_01.XHKG,,"09:31-12:00,13:01-16:00",2026-05-21,20260420,20260521,False
1792,01406.XHKG,0.0,CLARITY MEDICAL,QXYL,MainBoard,清晰医疗,2022-02-18,0000-00-00,Active,1250.0,,XHKG,CS,01406,01406_01.XHKG,,"09:31-12:00,13:01-16:00",2026-05-21,20260420,20260521,False
1793,01433.XHKG,0.0,CIRTEK HLDGS,CDKG,MainBoard,常达控股,2020-03-12,0000-00-00,Active,10000.0,,XHKG,CS,01433,01433_01.XHKG,,"09:31-12:00,13:01-16:00",2026-05-21,20260420,20260521,False
1794,01566.XHKG,0.0,CA CULTURAL,HXWHKJ,MainBoard,华夏文化科技,2015-03-12,0000-00-00,Active,1000.0,,XHKG,CS,01566,01566_01.XHKG,,"09:31-12:00,13:01-16:00",2026-05-21,20260420,20260521,False
1795,01598.XHKG,0.0,21CENTURY EDU,21SJJY,MainBoard,21世纪教育,2018-05-29,0000-00-00,Active,3000.0,,XHKG,CS,01598,01598_01.XHKG,,"09:31-12:00,13:01-16:00",2026-05-21,20260420,20260521,False
1796,01616.XHKG,0.0,A METAVERSE,YYYZ,MainBoard,一元宇宙,2012-07-12,0000-00-00,Active,2000.0,,XHKG,CS,01616,01616_01.XHKG,,"09:31-12:00,13:01-16:00",2026-05-21,20260420,20260521,False
1797,01707.XHKG,0.0,GEOTECH HLDGS,ZHDKG,MainBoard,致浩达控股,2017-10-12,0000-00-00,Active,8000.0,,XHKG,CS,01707,01707_01.XHKG,,"09:31-12:00,13:01-16:00",2026-05-21,20260420,20260521,False
1798,01721.XHKG,0.0,FSM HOLDINGS,FSMHOLDINGS,MainBoard,FSMHOLDINGS,2018-07-16,0000-00-00,Active,5000.0,,XHKG,CS,01721,01721_01.XHKG,,"09:31-12:00,13:01-16:00",2026-05-21,20260420,20260521,False
1799,01748.XHKG,0.0,XIN YUAN ENT,XYQYJT,MainBoard,信源企业集团,2018-09-26,0000-00-00,Active,2000.0,,XHKG,CS,01748,01748_01.XHKG,,"09:31-12:00,13:01-16:00",2026-05-21,20260420,20260521,False
1800,01790.XHKG,0.0,TIL ENVIRO,DLHB,MainBoard,达力环保,2018-11-29,0000-00-00,Active,5000.0,,XHKG,CS,01790,01790_01.XHKG,,"09:31-12:00,13:01-16:00",2026-05-21,20260420,20260521,False
1801,01802.XHKG,0.0,WENYE GROUP,WYJT,MainBoard,文业集团,2020-01-14,0000-00-00,Active,2000.0,,XHKG,CS,01802,01802_01.XHKG,,"09:31-12:00,13:01-16:00",2026-05-21,20260420,20260521,False
1802,01849.XHKG,0.0,AM GROUP,XSSDKG,MainBoard,秀商时代控股,2019-06-26,0000-00-00,Active,5000.0,,XHKG,CS,01849,01849_01.XHKG,,"09:31-12:00,13:01-16:00",2026-05-21,20260420,20260521,False
1803,01862.XHKG,0.0,JINGRUI HLDGS,JRKG,MainBoard,景瑞控股,2013-10-31,0000-00-00,Active,1000.0,,XHKG,CS,01862,01862_02.XHKG,,"09:31-12:00,13:01-16:00",2026-05-21,20260420,20260521,False
1804,01863.XHKG,0.0,CHI LONGEVITY,ZGLTJT,MainBoard,中国龙天集团,2010-04-29,0000-00-00,Active,1000.0,,XHKG,CS,01863,01863_01.XHKG,,"09:31-12:00,13:01-16:00",2026-05-21,20260420,20260521,False
1805,01915.XHKG,0.0,TAIHE M-FIN,THXD,MainBoard,泰和小贷,2019-07-17,0000-00-00,Active,2000.0,,XHKG,CS,01915,01915_01.XHKG,,"09:31-12:00,13:01-16:00",2026-05-21,20260420,20260521,False
1806,01961.XHKG,0.0,INFINITIES TECH,DNKJ,MainBoard,多牛科技,2020-03-17,0000-00-00,Active,2000.0,,XHKG,CS,01961,01961_01.XHKG,,"09:31-12:00,13:01-16:00",2026-05-21,20260420,20260521,False
1807,01991.XHKG,0.0,TA YANG GROUP,DYJT,MainBoard,大洋集团,2007-06-08,0000-00-00,Active,10000.0,,XHKG,CS,01991,01991_01.XHKG,,"09:31-12:00,13:01-16:00",2026-05-21,20260420,20260521,False
1808,02088.XHKG,0.0,XIWANG PROPERTY,XWZY,MainBoard,西王置业,2005-12-09,0000-00-00,Active,2000.0,,XHKG,CS,02088,02088_01.XHKG,,"09:31-12:00,13:01-16:00",2026-05-21,20260420,20260521,False
1809,02127.XHKG,0.0,HUISEN SHARES,HSGF,MainBoard,汇森股份,2020-12-29,0000-00-00,Active,2000.0,,XHKG,CS,02127,02127_01.XHKG,,"09:31-12:00,13:01-16:00",2026-05-21,20260420,20260521,False
1810,02131.XHKG,0.0,NETJOY,YXKJ,MainBoard,云想科技,2020-12-17,0000-00-00,Active,1000.0,,XHKG,CS,02131,02131_01.XHKG,,"09:31-12:00,13:01-16:00",2026-05-21,20260420,20260521,False
1811,02163.XHKG,0.0,BROAD HOMES,YDZG,MainBoard,远大住工,2019-11-06,0000-00-00,Active,300.0,,XHKG,CS,02163,02163_01.XHKG,,"09:31-12:00,13:01-16:00",2026-05-21,20260420,20260521,False
1812,02289.XHKG,0.0,CHARMACY PHAR,CMYY,MainBoard,创美药业,2015-12-14,0000-00-00,Active,500.0,,XHKG,CS,02289,02289_01.XHKG,,"09:31-12:00,13:01-16:00",2026-05-21,20260420,20260521,False
1813,02323.XHKG,0.0,RENCO HOLDINGS,RKKG,MainBoard,融科控股,2002-06-21,0000-00-00,Active,2000.0,,XHKG,CS,02323,02323_01.XHKG,,"09:31-12:00,13:01-16:00",2026-05-21,20260420,20260521,False
1814,02479.XHKG,0.0,TIANJUDIHE,TJDH,MainBoard,天聚地合,2024-06-28,0000-00-00,Active,50.0,,XHKG,CS,02479,02479_01.XHKG,,"09:31-12:00,13:01-16:00",2026-05-21,20260420,20260521,False
1815,02649.XHKG,0.0,ALSCO POOLING,YLSGX,MainBoard,优乐赛共享,2026-03-09,0000-00-00,Active,500.0,,XHKG,CS,02649,02649_01.XHKG,,"09:31-12:00,13:01-16:00",2026-05-21,20260420,20260521,False
1816,02728.XHKG,0.0,JINTAI ENERGY H,JTNYKG,MainBoard,金泰能源控股,2005-07-14,0000-00-00,Active,4000.0,,XHKG,CS,02728,02728_01.XHKG,,"09:31-12:00,13:01-16:00",2026-05-21,20260420,20260521,False
1817,02898.XHKG,0.0,SUNHO BIO-B,SHSWB,MainBoard,盛禾生物-B,2024-05-24,0000-00-00,Active,200.0,,XHKG,CS,02898,02898_02.XHKG,,"09:31-12:00,13:01-16:00",2026-05-21,20260420,20260521,False
1818,03666.XHKG,0.0,SHANGHAI XNG,SHXNG,MainBoard,上海小南国,2012-07-04,0000-00-00,Active,2000.0,,XHKG,CS,03666,03666_01.XHKG,,"09:31-12:00,13:01-16:00",2026-05-21,20260420,20260521,False
1819,03869.XHKG,0.0,HOSPITAL CORP,HHRAYL,MainBoard,弘和仁爱医疗,2017-03-16,0000-00-00,Active,200.0,,XHKG,CS,03869,03869_01.XHKG,,"09:31-12:00,13:01-16:00",2026-05-21,20260420,20260521,False
1820,03903.XHKG,0.0,HANHUA FIN,HHJK,MainBoard,瀚华金控,2014-06-19,0000-00-00,Active,2000.0,,XHKG,CS,03903,03903_01.XHKG,,"09:31-12:00,13:01-16:00",2026-05-21,20260420,20260521,False
1821,06119.XHKG,0.0,TIAN YUAN GP,TYJT,MainBoard,天源集团,2018-06-01,0000-00-00,Active,3000.0,,XHKG,CS,06119,06119_01.XHKG,,"09:31-12:00,13:01-16:00",2026-05-21,20260420,20260521,False
1822,06133.XHKG,0.0,VITAL INNO,WTCK,MainBoard,维太创科,2015-06-26,0000-00-00,Active,1000.0,,XHKG,CS,06133,06133_01.XHKG,,"09:31-12:00,13:01-16:00",2026-05-21,20260420,20260521,False
1823,06189.XHKG,0.0,ADWAY,ADWJSJT,MainBoard,爱得威建设集团,2016-11-25,0000-00-00,Active,500.0,,XHKG,CS,06189,06189_01.XHKG,,"09:31-12:00,13:01-16:00",2026-05-21,20260420,20260521,False
1824,06611.XHKG,0.0,SANXUN GROUP,SXJT,MainBoard,三巽集团,2021-07-19,0000-00-00,Active,1000.0,,XHKG,CS,06611,06611_01.XHKG,,"09:31-12:00,13:01-16:00",2026-05-21,20260420,20260521,False
1825,06696.XHKG,0.0,MANY IDEA CLOUD,DXY,MainBoard,多想云,2022-11-09,0000-00-00,Active,1000.0,,XHKG,CS,06696,06696_01.XHKG,,"09:31-12:00,13:01-16:00",2026-05-21,20260420,20260521,False
1826,06883.XHKG,0.0,ETERNAL BEAUTY,YTKG,MainBoard,颖通控股,2025-06-26,0000-00-00,Active,1000.0,,XHKG,CS,06883,06883_02.XHKG,,"09:31-12:00,13:01-16:00",2026-05-21,20260420,20260521,False
1827,06899.XHKG,0.0,OURGAME,LZ,MainBoard,联众,2014-06-30,0000-00-00,Active,1000.0,,XHKG,CS,06899,06899_01.XHKG,,"09:31-12:00,13:01-16:00",2026-05-21,20260420,20260521,False
1828,06999.XHKG,0.0,LEADING HLDGS,LDKG,MainBoard,领地控股,2020-12-10,0000-00-00,Active,1000.0,,XHKG,CS,06999,06999_01.XHKG,,"09:31-12:00,13:01-16:00",2026-05-21,20260420,20260521,False
1829,08039.XHKG,0.0,CHINA COME RIDE,ZGLQO,GEM,中国来骑哦,2016-12-12,0000-00-00,Active,8000.0,,XHKG,CS,08039,08039_03.XHKG,,"09:31-12:00,13:01-16:00",2026-05-21,20260420,20260521,False
1830,08047.XHKG,0.0,CHINA OCEAN GP,ZGHYFZ,GEM,中国海洋发展,2001-11-01,0000-00-00,Active,4000.0,,XHKG,CS,08047,08047_01.XHKG,,"09:31-12:00,13:01-16:00",2026-05-21,20260420,20260521,False
1831,08048.XHKG,0.0,YU TAK INT'L,YDGJKG,GEM,御德国际控股,2000-06-30,0000-00-00,Active,2000.0,,XHKG,CS,08048,08048_01.XHKG,,"09:31-12:00,13:01-16:00",2026-05-21,20260420,20260521,False
1832,08052.XHKG,0.0,LUK HING ENT,LQYL,GEM,陆庆娱乐,2016-11-11,0000-00-00,Active,20000.0,,XHKG,CS,08052,08052_02.XHKG,,"09:31-12:00,13:01-16:00",2026-05-21,20260420,20260521,False
1833,08111.XHKG,0.0,CT IND GROUP,ZGKJCYJT,GEM,中国科技产业集团,2001-01-03,0000-00-00,Active,10000.0,,XHKG,CS,08111,08111_01.XHKG,,"09:31-12:00,13:01-16:00",2026-05-21,20260420,20260521,False
1834,08130.XHKG,0.0,DADI INTL GROUP,DDGJJT,GEM,大地国际集团,2002-08-26,0000-00-00,Active,20000.0,,XHKG,CS,08130,08130_01.XHKG,,"09:31-12:00,13:01-16:00",2026-05-21,20260420,20260521,False
1835,08172.XHKG,0.0,LAJIN ENT,LJWY,GEM,拉近网娱,2002-03-26,0000-00-00,Active,20000.0,,XHKG,CS,08172,08172_01.XHKG,,"09:31-12:00,13:01-16:00",2026-05-21,20260420,20260521,False
1836,08206.XHKG,0.0,S ROBOT EDU,STJQRJY,GEM,神通机器人教育,2002-11-15,0000-00-00,Active,1000.0,,XHKG,CS,08206,08206_01.XHKG,,"09:31-12:00,13:01-16:00",2026-05-21,20260420,20260521,False
1837,08297.XHKG,0.0,OCEAN STAR TECH,HNXKKJ,GEM,海纳星空科技,2017-07-13,0000-00-00,Active,2500.0,,XHKG,CS,08297,08297_01.XHKG,,"09:31-12:00,13:01-16:00",2026-05-21,20260420,20260521,False
1838,08349.XHKG,0.0,GUIXIN GROUP,GXJT,GEM,硅鑫集团,2017-01-13,0000-00-00,Active,10000.0,,XHKG,CS,08349,08349_01.XHKG,,"09:31-12:00,13:01-16:00",2026-05-21,20260420,20260521,False
1839,08373.XHKG,0.0,INDIGO STAR,DLX,GEM,靛蓝星,2017-11-16,0000-00-00,Active,5000.0,,XHKG,CS,08373,08373_01.XHKG,,"09:31-12:00,13:01-16:00",2026-05-21,20260420,20260521,False
1840,08428.XHKG,0.0,CBK HOLDINGS,HNJC,GEM,汉诺佳池,2017-02-15,0000-00-00,Active,10000.0,,XHKG,CS,08428,08428_01.XHKG,,"09:31-12:00,13:01-16:00",2026-05-21,20260420,20260521,False
1841,08437.XHKG,0.0,RMH HOLDINGS,DSKG,GEM,德斯控股,2017-10-13,0000-00-00,Active,8000.0,,XHKG,CS,08437,08437_01.XHKG,,"09:31-12:00,13:01-16:00",2026-05-21,20260420,20260521,False
1842,08475.XHKG,0.0,E-STATION GTECH,YZLSKJ,GEM,易站绿色科技,2018-08-13,0000-00-00,Active,5000.0,,XHKG,CS,08475,08475_01.XHKG,,"09:31-12:00,13:01-16:00",2026-05-21,20260420,20260521,False
1843,08493.XHKG,0.0,S. DRAGON,ZLKG,GEM,炙龙控股,2018-01-16,0000-00-00,Active,12000.0,,XHKG,CS,08493,08493_01.XHKG,,"09:31-12:00,13:01-16:00",2026-05-21,20260420,20260521,False
1844,08496.XHKG,0.0,GLOBAL UIN,HQYYZN,GEM,环球友饮智能,2020-05-18,0000-00-00,Active,2500.0,,XHKG,CS,08496,08496_01.XHKG,,"09:31-12:00,13:01-16:00",2026-05-21,20260420,20260521,False
1845,08500.XHKG,0.0,ICONCULTURE,THWC,GEM,天泓文创,2020-01-14,0000-00-00,Active,10000.0,,XHKG,CS,08500,08500_01.XHKG,,"09:31-12:00,13:01-16:00",2026-05-21,20260420,20260521,False
1846,08525.XHKG,0.0,BAIYING HOLDING,BYKG,GEM,百应控股,2018-07-18,0000-00-00,Active,2000.0,,XHKG,CS,08525,08525_01.XHKG,,"09:31-12:00,13:01-16:00",2026-05-21,20260420,20260521,False
1847,09881.XHKG,0.0,RONGTA TECH,RDKJ,MainBoard,容大科技,2025-06-10,0000-00-00,Active,500.0,,XHKG,CS,09881,09881_01.XHKG,,"09:31-12:00,13:01-16:00",2026-05-21,20260420,20260521,False
1848,09906.XHKG,0.0,HONLIV HEALTH,HLYLGL,MainBoard,宏力医疗管理,2020-07-13,0000-00-00,Active,2000.0,,XHKG,CS,09906,09906_01.XHKG,,"09:31-12:00,13:01-16:00",2026-05-21,20260420,20260521,False
1849,09986.XHKG,0.0,DASHAN EDU,DSJY,MainBoard,大山教育,2020-07-15,0000-00-00,Active,2000.0,,XHKG,CS,09986,09986_01.XHKG,,"09:31-12:00,13:01-16:00",2026-05-21,20260420,20260521,False
